StockCode,StockName
00001,CK HUTCHISON HOLDINGS LIMITED
00002,CLP HOLDINGS LIMITED
00003,"HONG KONG AND CHINA GAS COMPANY LIMITED, THE"
00004,"WHARF (HOLDINGS) LIMITED, THE"
00005,HSBC HOLDINGS PLC
00006,POWER ASSETS HOLDINGS LIMITED
00007,WISDOM WEALTH RESOURCES INVESTMENT HOLDING GROUP LIMITED
00008,PCCW LIMITED
00010,HANG LUNG GROUP LIMITED
00012,HENDERSON LAND DEVELOPMENT CO LTD
00013,HUTCHMED (CHINA) LIMITED
00014,HYSAN DEVELOPMENT COMPANY LIMITED
00016,SUN HUNG KAI PROPERTIES LIMITED -HKD TRADED SHARES
00017,NEW WORLD DEVELOPMENT CO LTD
00018,ORIENTAL MEDIA GROUP LIMITED
00019,SWIRE PACIFIC LTD 'A'
00020,SENSETIME GROUP INC. -HKD TRADED SHARES
00021,GREAT CHINA HOLDINGS (HONG KONG) LIMITED
00022,MEXAN LIMITED
00023,BANK OF EAST ASIA LTD
00025,CHEVALIER INTERNATIONAL HOLDINGS LIMITED
00026,CHINA MOTOR BUS COMPANY LIMITED
00027,GALAXY ENTERTAINMENT GROUP LIMITED
00028,TIAN AN CHINA INVESTMENTS COMPANY LIMITED
00029,DYNAMIC HOLDINGS LIMITED
00030,YNBY INTERNATIONAL LIMITED
00031,CHINA AEROSPACE INTERNATIONAL HOLDINGS LIMITED
00032,"CROSS-HARBOUR (HOLDINGS) LIMITED, THE"
00033,INTERNATIONAL GENIUS COMPANY
00034,KOWLOON DEVELOPMENT COMPANY LIMITED
00035,FAR EAST CONSORTIUM INTERNATIONAL LTD
00036,FAR EAST HOLDINGS INTERNATIONAL LIMITED
00037,FAR EAST HOTELS & ENTERTAINMENT LIMITED
00038,FIRST TRACTOR COMPANY LIMITED
00039,CHINA BEIDAHUANG INDUSTRY GROUP HOLDINGS LIMITED
00040,GOLD PEAK TECHNOLOGY GROUP LIMITED
00041,GREAT EAGLE HOLDINGS LIMITED
00042,NORTHEAST ELECTRIC DEVELOPMENT COMPANY LIMITED
00045,"HONGKONG AND SHANGHAI HOTELS LTD,THE"
00046,COMPUTER AND TECHNOLOGIES HOLDINGS LIMITED
00048,CHINA AUTOMOTIVE INTERIOR DECORATION HOLDINGS LIMITED
00050,HONG KONG FERRY (HOLDINGS) CO LTD
00051,HARBOUR CENTRE DEVELOPMENT LTD
00052,FAIRWOOD HOLDINGS LIMITED
00053,GUOCO GROUP LIMITED
00055,NEWAY GROUP HOLDINGS LIMITED
00057,CHEN HSONG HOLDINGS LTD
00058,SUNWAY INTERNATIONAL HOLDINGS LIMITED
00059,SKYFAME REALTY (HOLDINGS) LIMITED
00060,HONG KONG FOOD INVESTMENT HOLDINGS LIMITED
00061,GREEN LEADER HOLDINGS GROUP LIMITED
00062,TRANSPORT INTERNATIONAL HOLDINGS LIMITED
00063,CHINA ASIA VALLEY GROUP LIMITED
00064,GET NICE HOLDINGS LIMITED
00065,GRAND OCEAN ADVANCED RESOURCES COMPANY LIMITED
00066,MTR CORPORATION LIMITED
00068,MANYCORE TECH INC.
00069,SHANGRI-LA ASIA LIMITED
00070,RICH GOLDMAN HOLDINGS LIMITED
00071,MIRAMAR HOTEL & INVESTMENT CO LTD
00072,META MEDIA HOLDINGS LIMITED
00073,ASIAN CITRUS HOLDINGS LIMITED
00075,Y. T. REALTY GROUP LIMITED
00076,ELATE HOLDINGS LIMITED
00077,AMS PUBLIC TRANSPORT HOLDINGS LIMITED
00078,REGAL HOTELS INTERNATIONAL HOLDINGS LIMITED
00079,CENTURY LEGEND (HOLDINGS) LIMITED
00080,CAI CORP
00081,CHINA OVERSEAS GRAND OCEANS GROUP LIMITED
00082,CRAZY SPORTS GROUP LIMITED
00083,SINO LAND CO.LTD.
00084,STELUX HOLDINGS INTERNATIONAL LIMITED
00085,CHINA ELECTRONICS HUADA TECHNOLOGY COMPANY LIMITED
00086,SUN HUNG KAI & CO.LTD
00087,SWIRE PACIFIC LTD 'B'
00088,TAI CHEUNG HOLDINGS LTD
00089,TAI SANG LAND DEVELOPMENT LTD
00090,PUXING ENERGY LIMITED
00092,CHAMPION TECHNOLOGY HOLDINGS LIMITED
00093,ZERO FINTECH GROUP LIMITED
00094,GREENHEART GROUP LIMITED
00095,LVGEM (CHINA) REAL ESTATE INVESTMENT COMPANY LIMITED
00096,YUSEI HOLDINGS LIMITED
00097,HENDERSON INVESTMENT LTD
00098,XINGFA ALUMINIUM HOLDINGS LIMITED
00099,WONG'S INTERNATIONAL HOLDINGS LIMITED
00100,MINIMAX GROUP INC.
00101,HANG LUNG PROPERTIES LIMITED
00103,SHOUGANG CENTURY HOLDINGS LIMITED
00104,ASIA COMMERCIAL HOLDINGS LIMITED
00105,ASSOCIATED INTERNATIONAL HOTELS LTD
00106,LANDSEA GREEN MANAGEMENT LIMITED
00107,SICHUAN EXPRESSWAY COMPANY LIMITED
00108,GR LIFE STYLE COMPANY LIMITED
00110,CHINA FORTUNE HOLDINGS LIMITED
00111,CINDA INTERNATIONAL HOLDINGS LIMITED
00113,DICKSON CONCEPTS (INTERNATIONAL) LIMITED
00114,HERALD HOLDINGS LTD
00115,GRAND FIELD GROUP HOLDINGS LIMITED
00116,CHOW SANG SANG HOLDINGS INTERNATIONAL LIMITED
00117,TIANLI HOLDINGS GROUP LIMITED
00118,COSMOS MACHINERY ENTERPRISES LIMITED
00119,"POLY PROPERTY GROUP CO., LIMITED"
00120,COSMOPOLITAN INTERNATIONAL HOLDINGS LTD
00122,CROCODILE GARMENTS LIMITED
00123,YUEXIU PROPERTY COMPANY LIMITED
00124,GUANGDONG LAND HOLDINGS LIMITED
00125,SUN HING VISION GROUP HOLDINGS LIMITED
00126,CARRIANNA GROUP HOLDINGS COMPANY LIMITED
00127,CHINESE ESTATES HOLDINGS LIMITED
00128,ENM HOLDINGS LIMITED
00129,ASIA STANDARD INTERNATIONAL GROUP LTD
00130,MOISELLE INTERNATIONAL HOLDINGS LIMITED
00131,CHEUK NANG (HOLDINGS) LIMITED
00132,HING YIP HOLDINGS LIMITED
00133,CHINA MERCHANTS CHINA DIRECT INVESTMENTS LIMITED
00135,KUNLUN ENERGY COMPANY LIMITED
00136,CHINA RUYI HOLDINGS LIMITED
00137,JINHUI HOLDINGS COMPANY LIMITED
00138,CCT FORTIS HOLDINGS LIMITED
00139,SMART FISH WEALTHLINK HOLDINGS LIMITED
00142,FIRST PACIFIC CO. LTD.
00144,CHINA MERCHANTS PORT HOLDINGS COMPANY LIMITED
00145,CCIAM FUTURE ENERGY LIMITED
00146,TAI PING CARPETS INTERNATIONAL LTD
00147,INTERNATIONAL BUSINESS SETTLEMENT HOLDINGS LIMITED
00148,KINGBOARD HOLDINGS LIMITED
00149,CHINA AGRI-PRODUCTS EXCHANGE LIMITED
00150,HYPEBEAST LIMITED
00151,WANT WANT CHINA HOLDINGS LIMITED
00152,SHENZHEN INTERNATIONAL HOLDINGS LIMITED
00154,BEIJING ENTERPRISES ENVIRONMENT GROUP LIMITED
00156,LIPPO CHINA RESOURCES LIMITED
00157,NATURAL BEAUTY BIO-TECHNOLOGY LIMITED
00158,MELBOURNE ENTERPRISES LTD.
00159,BROCKMAN MINING LIMITED
00160,"HON KWOK LAND INVESTMENT COMPANY,LIMITED"
00162,CENTURY GINWA RETAIL HOLDINGS LIMITED
00163,EMPEROR INTERNATIONAL HOLDINGS LIMITED
00164,CHINA BAOLI TECHNOLOGIES HOLDINGS LIMITED
00165,CHINA EVERBRIGHT LIMITED
00166,NEW TIMES CORPORATION LIMITED
00167,IDT INTERNATIONAL LIMITED
00168,TSINGTAO BREWERY COMPANY LIMITED
00169,WANDA HOTEL DEVELOPMENT COMPANY LIMITED
00171,SILVER GRANT INTERNATIONAL HOLDINGS GROUP LIMITED
00173,K. WAH INTERNATIONAL HOLDINGS LIMITED
00174,GEMINI INVESTMENTS (HOLDINGS) LIMITED
00175,GEELY AUTOMOBILE HOLDINGS LIMITED -HKD TRADED SHARES
00176,SUPERACTIVE GROUP COMPANY LIMITED
00177,JIANGSU EXPRESSWAY COMPANY LIMITED
00178,SA SA INTERNATIONAL HOLDINGS LIMITED
00179,JOHNSON ELECTRIC HOLDINGS LIMITED
00180,KADER HOLDINGS CO. LTD
00181,FUJIAN HOLDINGS LIMITED
00182,CONCORD NEW ENERGY GROUP LIMITED
00183,WINFULL GROUP HOLDINGS LIMITED
00184,KECK SENG INVESTMENTS (HONG KONG) LTD
00185,ZENSUN ENTERPRISES LIMITED
00186,NIMBLE HOLDINGS COMPANY LIMITED
00187,BEIJING JINGCHENG MACHINERY ELECTRIC COMPANY LIMITED
00188,SUNWAH KINGSWAY CAPITAL HOLDINGS LIMITED
00189,DONGYUE GROUP LIMITED
00191,LAI SUN GARMENT (INTERNATIONAL) LIMITED
00193,CAPITAL ESTATE LIMITED
00194,LIU CHONG HING INVESTMENT LTD
00195,GREENTECH TECHNOLOGY INTERNATIONAL LIMITED
00196,HONGHUA GROUP LIMITED
00197,HENG TAI CONSUMABLES GROUP LIMITED
00199,ITC PROPERTIES GROUP LIMITED
00200,MELCO INTERNATIONAL DEVELOPMENT LIMITED
00201,MAGNIFICENT HOTEL INVESTMENTS LIMITED
00202,EVERCHINA INT'L HOLDINGS COMPANY LIMITED
00204,CAPITAL REALM FINANCIAL HOLDINGS GROUP LIMITED
00205,BFB HEALTH LIMITED
00206,"CM ENERGY TECH CO., LTD."
00209,POLY XVERSE INTELLIGENT TECHNOLOGY CO. LTD
00210,DAPHNE INTERNATIONAL HOLDINGS LIMITED
00211,STYLAND HOLDINGS LIMITED
00212,NANYANG HOLDINGS LIMITED
00213,NATIONAL ELECTRONICS HOLDINGS LTD
00214,ASIA ORIENT HOLDINGS LIMITED
00215,HUTCHISON TELECOMMUNICATIONS HONG KONG HOLDINGS LIMITED
00216,CHINNEY INVESTMENTS LTD
00217,CHINA CHENGTONG DEVELOPMENT GROUP LIMITED
00218,SHENWAN HONGYUAN (H.K.) LIMITED
00219,SHUN HO PROPERTY INVESTMENTS LIMITED
00220,UNI-PRESIDENT CHINA HOLDINGS LTD.
00222,MIN XIN HOLDINGS LIMITED
00223,ELIFE HOLDINGS LIMITED
00224,PIONEER GLOBAL GROUP LIMITED
00225,POKFULAM DEVELOPMENT CO. LTD
00227,FIRST SHANGHAI INVESTMENTS LIMITED
00228,CHINA ENERGY DEVELOPMENT HOLDINGS LTD
00229,RAYMOND INDUSTRIAL LIMITED
00232,CONTINENTAL AEROSPACE TECHNOLOGIES HOLDING LIMITED
00234,NEW CENTURY GROUP HONG KONG LIMITED
00235,CSC HOLDINGS LIMITED
00236,SAN MIGUEL BREWERY HONG KONG LIMITED
00237,SAFETY GODOWN CO. LTD
00239,PAK FAH YEOW INTERNATIONAL LIMITED
00240,BUILD KING HOLDINGS LIMITED
00241,ALIBABA HEALTH INFORMATION TECHNOLOGY LIMITED
00242,SHUN TAK HOLDINGS LIMITED
00243,QPL INTERNATIONAL HOLDINGS LIMITED
00244,"THE SINCERE COMPANY, LIMITED"
00245,CHINA VERED FINANCIAL HOLDING CORPORATION LIMITED
00247,TSIM SHA TSUI PROPERTIES LTD
00248,HKC INTERNATIONAL HOLDINGS LIMITED
00251,SEA HOLDINGS LIMITED
00252,SOUTHEAST ASIA PROPERTIES & FINANCE LTD
00253,SHUN HO HOLDINGS LIMITED
00254,NATIONAL UNITED RESOURCES HOLDINGS LIMITED
00255,LUNG KEE GROUP HOLDINGS LIMITED
00256,CITYCHAMP WATCH & JEWELLERY GROUP LIMITED
00257,CHINA EVERBRIGHT ENVIRONMENT GROUP LIMITED
00258,TOMSON GROUP LIMITED
00259,YEEBO (INTERNATIONAL HOLDINGS) LIMITED
00261,GBA HOLDINGS LIMITED
00262,DESON DEVELOPMENT INTERNATIONAL HOLDINGS LIMITED
00264,CHINA INTERNATIONAL DEVELOPMENT CORPORATION LIMITED
00265,GANGYU SMART URBAN SERVICES HOLDING LIMITED
00266,TIAN TECK LAND LTD
00267,CITIC LIMITED
00268,KINGDEE INTERNATIONAL SOFTWARE GROUP COMPANY LIMITED
00269,CHINA RESOURCES AND TRANSPORTATION GROUP LIMITED
00270,GUANGDONG INVESTMENT LIMITED
00271,ASIASEC PROPERTIES LIMITED
00272,SHUI ON LAND LIMITED
00274,RENAISSANCE ASIA SILK ROAD GROUP LIMITED
00276,MONGOLIA ENERGY CORPORATION LIMITED
00277,TERN PROPERTIES CO. LTD
00279,ARTA TECHFIN CORPORATION LIMITED
00280,KING FOOK HOLDINGS LTD
00285,BYD ELECTRONIC (INTERNATIONAL) COMPANY LIMITED
00286,AIDIGONG MATERNAL & CHILD HEALTH LIMITED
00287,WINFAIR INVESTMENT CO. LTD
00288,WH GROUP LIMITED
00289,WING ON COMPANY INTERNATIONAL LIMITED
00290,GOFINTECH QUANTUM INNOVATION LIMITED
00291,CHINA RESOURCES BEER (HOLDINGS) COMPANY LIMITED-HKD TRADED SHARES
00293,CATHAY PACIFIC AIRWAYS LTD
00294,YANGTZEKIANG GARMENT LIMITED
00295,KONG SUN HOLDINGS LIMITED
00296,EMPEROR ENTERTAINMENT HOTEL LIMITED
00297,SINOFERT HOLDINGS LIMITED
00298,CHUANG'S CHINA INVESTMENTS LIMITED
00299,GLORY SUN LAND GROUP LIMITED
00300,"MIDEA GROUP CO., LTD."
00301,SANVO FINE CHEMICALS GROUP LIMITED
00302,CMGE TECHNOLOGY GROUP LIMITED
00303,VTECH HOLDINGS LIMITED
00305,WULING MOTORS HOLDINGS LIMITED
00306,KWOON CHUNG BUS HOLDINGS LIMITED
00308,CHINA TRAVEL INTERNATIONAL INVESTMENT HONG KONG LIMITED
00309,XINHUA NEWS MEDIA HOLDINGS LIMITED
00310,PROSPERITY INVESTMENT HOLDINGS LIMITED
00311,LUEN THAI HOLDINGS LIMITED
00312,SHIRBLE DEPARTMENT STORE HOLDINGS (CHINA) LIMITED
00313,RICHLY FIELD CHINA DEVELOPMENT LIMITED
00314,"SIPAI HEALTH TECHNOLOGY CO., LTD."
00315,SMARTONE TELECOMMUNICATIONS HOLDINGS LIMITED
00316,ORIENT OVERSEAS (INTERNATIONAL) LIMITED
00317,CSSC OFFSHORE & MARINE ENGINEERING (GROUP) COMPANY LIMITED
00318,VONGROUP LIMITED
00320,COMPUTIME GROUP LIMITED
00321,TEXWINCA HOLDINGS LIMITED
00322,TINGYI (CAYMAN ISLANDS) HOLDING CORP.
00323,MAANSHAN IRON & STEEL COMPANY LIMITED
00325,BLOKS GROUP LIMITED
00326,CHINA STAR ENTERTAINMENT LIMITED
00327,PAX GLOBAL TECHNOLOGY LIMITED
00328,ALCO HOLDINGS LIMITED
00329,OCI INTERNATIONAL HOLDINGS LIMITED
00330,ESPRIT HOLDINGS LIMITED
00331,FSE LIFESTYLE SERVICES LIMITED
00332,YUAN HENG GAS HOLDINGS LIMITED
00333,TOP FORM INTERNATIONAL LIMITED
00334,CHINA DISPLAY OPTOELECTRONICS TECHNOLOGY HOLDINGS LIMITED
00335,UPBEST GROUP LIMITED
00336,HUABAO INTERNATIONAL HOLDINGS LIMITED
00337,GREENLAND HONG KONG HOLDINGS LIMITED
00338,SINOPEC SHANGHAI PETROCHEMICAL COMPANY LIMITED
00339,WEBX HOLDING GROUP LIMITED
00340,TONGGUAN GOLD GROUP LIMITED
00341,CAFE DE CORAL HOLDINGS LTD
00343,CULTURECOM HOLDINGS LIMITED
00345,VITASOY INTERNATIONAL HOLDINGS LTD
00346,YANCHANG PETROLEUM INTERNATIONAL LIMITED
00347,ANGANG STEEL COMPANY LIMITED
00348,CHINA HEALTHWISE HOLDINGS LIMITED
00351,ASIA ENERGY LOGISTICS GROUP LIMITED
00352,FORTUNE SUN (CHINA) HOLDINGS LIMITED
00353,ENERGY INTERNATIONAL INVESTMENTS HOLDINGS LIMITED
00354,CHINASOFT INTERNATIONAL LIMITED
00355,CENTURY CITY INTERNATIONAL HOLDINGS LTD
00356,DT CAPITAL LIMITED
00357,HAINAN MEILAN INTERNATIONAL AIRPORT COMPANY LIMITED
00358,JIANGXI COPPER COMPANY LIMITED
00360,NEW FOCUS AUTO TECH HOLDINGS LIMITED
00361,HANFORT DEVELOPMENT HOLDINGS LIMITED
00362,CHINA ZENITH CHEMICAL GROUP LIMITED
00363,SHANGHAI INDUSTRIAL HOLDINGS LIMITED
00365,SINO ICT HOLDINGS LIMITED
00366,LUKS GROUP (VIETNAM HOLDINGS) COMPANY LIMITED
00367,CHUANG'S CONSORTIUM INTERNATIONAL LIMITED
00368,SUPERLAND GROUP HOLDINGS LIMITED
00369,WING TAI PROPERTIES LIMITED
00370,HONG KONG ROBOTICS GROUP HOLDING LIMITED
00371,BEIJING ENTERPRISES WATER GROUP LIMITED
00372,PT INTERNATIONAL DEVELOPMENT CORPORATION LIMITED
00373,ALLIED GROUP LIMITED
00374,FOUR SEAS MERCANTILE HOLDINGS LIMITED
00375,YGM TRADING LTD
00376,YUNFENG FINANCIAL GROUP LIMITED
00377,CHINA HUAJUN GROUP LIMITED
00379,"CHINA EVER GRAND FINANCIAL LEASING GROUP CO., LTD"
00380,CHINA PIPE GROUP LIMITED
00381,AOM INTERNATIONAL GROUP COMPANY LIMITED
00382,EDVANTAGE GROUP HOLDINGS LIMITED
00383,TIAN AN MEDICARE LIMITED
00384,CHINA GAS HOLDINGS LIMITED
00385,CHINNEY ALLIANCE GROUP LIMITED
00386,CHINA PETROLEUM & CHEMICAL CORPORATION
00387,LEEPORT (HOLDINGS) LIMITED
00388,HONG KONG EXCHANGES AND CLEARING LIMITED -HKD TRADED SHARES
00389,CHINA TONTINE WINES GROUP LIMITED
00390,CHINA RAILWAY GROUP LIMITED
00391,MEI AH ENTERTAINMENT GROUP LIMITED
00392,BEIJING ENTERPRISES HOLDINGS LIMITED
00393,GLORIOUS SUN ENTERPRISES LIMITED
00396,HING LEE (HK) HOLDINGS LIMITED
00397,MINERVA GROUP HOLDING LIMITED
00398,ORIENTAL WATCH HOLDINGS LIMITED
00399,STARCOIN GROUP LIMITED
00400,"INGDAN, INC."
00401,WANJIA GROUP HOLDINGS LIMITED
00403,STARLITE HOLDINGS LIMITED
00405,YUEXIU REAL ESTATE INVESTMENT TRUST
00406,YAU LEE HOLDINGS LIMITED
00408,YIP'S CHEMICAL HOLDINGS LIMITED
00410,SOHO CHINA LIMITED
00411,LAM SOON (HONG KONG) LIMITED
00412,SHANDONG HI-SPEED HOLDINGS GROUP LIMITED
00413,SOUTH CHINA HOLDINGS COMPANY LIMITED
00417,TSE SUI LUEN JEWELLERY (INTERNATIONAL) LIMITED
00418,FOUNDER HOLDINGS LIMITED
00419,HONY MEDIA GROUP
00420,FOUNTAIN SET (HOLDINGS) LTD
00422,VIETNAM MANUFACTURING AND EXPORT PROCESSING (HOLDINGS) LIMITED
00423,HONG KONG ECONOMIC TIMES HOLDINGS LIMITED
00425,MINTH GROUP LIMITED
00426,ONE MEDIA GROUP LIMITED
00428,COCOON HOLDINGS LIMITED
00430,ORIENTAL EXPLORER HOLDINGS LIMITED
00431,GREATER CHINA FINANCIAL HOLDINGS LIMITED
00432,PACIFIC CENTURY PREMIUM DEVELOPMENTS LIMITED
00433,NORTH MINING SHARES COMPANY LIMITED
00434,BOYAA INTERACTIVE INTERNATIONAL LIMITED
00435,SUNLIGHT REAL ESTATE INVESTMENT TRUST
00436,NEW UNIVERSE ENVIRONMENTAL GROUP LIMITED
00438,IRICO GROUP NEW ENERGY COMPANY LIMITED
00439,GENESIS SCALE HOLDINGS LIMITED
00440,DAH SING FINANCIAL HOLDINGS LTD
00442,DOMAINE POWER HOLDINGS LIMITED
00444,SINCERE WATCH (HONG KONG) LIMITED
00450,HUNG HING PRINTING GROUP LIMITED
00451,DYNASTY DIGITAL HOLDINGS LIMITED
00455,TIANDA PHARMACEUTICALS LIMITED
00456,NEW CITY DEVELOPMENT GROUP LIMITED
00458,TRISTATE HOLDINGS LTD
00460,SIHUAN PHARMACEUTICAL HOLDINGS GROUP LTD.
00464,CHINA IN-TECH LIMITED
00465,FUTONG TECHNOLOGY DEVELOPMENT HOLDINGS LIMITED
00467,UNITED ENERGY GROUP LIMITED
00468,GREATVIEW ASEPTIC PACKAGING COMPANY LIMITED
00470,"WUXI LEAD INTELLIGENT EQUIPMENT CO., LTD."
00471,SILKWAVE INC
00472,NEW SILKROAD HOLDING GROUP LIMITED
00474,ACESO LIFE SCIENCE GROUP LIMITED
00475,CENTRAL DEVELOPMENT HOLDINGS LIMITED
00476,EV DYNAMICS (HOLDINGS) LIMITED
00480,HKR INTERNATIONAL LTD
00482,SANDMARTIN INTERNATIONAL HOLDINGS LIMITED
00483,BAUHAUS INTERNATIONAL (HOLDINGS) LIMITED
00484,FORGAME HOLDINGS LIMITED
00485,CHINA SINOSTAR GROUP COMPANY LIMITED
00486,"UNITED COMPANY RUSAL,INTERNATIONAL PUBLIC JOINT-STOCK COMPANY"
00487,SUCCESS UNIVERSE GROUP LIMITED
00488,LAI SUN DEVELOPMENT COMPANY LIMITED
00491,EMPEROR CULTURE GROUP LIMITED
00493,GOME RETAIL HOLDINGS LIMITED
00495,PALADIN LTD
00496,KASEN INTERNATIONAL HOLDINGS LIMITED
00497,CSI PROPERTIES LIMITED
00498,BLUE RIVER HOLDINGS LIMITED
00499,QINGDAO HOLDINGS INTERNATIONAL LIMITED
00500,FRONTIER SERVICES GROUP LIMITED
00501,"OMNIVISION INTEGRATED CIRCUITS GROUP, INC."
00505,XINGYE ALLOY MATERIALS GROUP LIMITED
00506,CHINA FOODS LIMITED
00508,DINGYI GROUP INVESTMENT LIMITED
00509,CENTURY SUNSHINE GROUP HOLDINGS LIMITED
00510,CASH FINANCIAL SERVICES GROUP LIMITED
00511,TELEVISION BROADCASTS LIMITED
00512,GRAND PHARMACEUTICAL GROUP LIMITED
00513,CONTINENTAL HOLDINGS LIMITED
00515,CHINA SILVER TECHNOLOGY HOLDINGS LIMITED
00517,"COSCO SHIPPING INTERNATIONAL (HONG KONG) CO., LTD."
00518,TUNGTEX (HOLDINGS) CO. LTD
00519,NOVAUTEK TECHNOLOGIES GROUP LIMITED
00520,"XIABUXIABU CATERING MANAGEMENT (CHINA) HOLDINGS CO., LTD."
00521,CWT INTERNATIONAL LIMITED
00522,ASMPT LIMITED
00524,GREAT WALL TERROIR HOLDINGS LIMITED
00525,GUANGSHEN RAILWAY COMPANY LIMITED
00526,LISI GROUP (HOLDINGS) LIMITED
00527,CHINA RUIFENG RENEWABLE ENERGY HOLDINGS LIMITED
00528,KINGDOM HOLDINGS LIMITED
00529,SIS INTERNATIONAL HOLDINGS LIMITED
00532,WONG'S KONG KING INTERNATIONAL (HOLDINGS) LTD
00533,GOLDLION HOLDINGS LIMITED
00535,GEMDALE PROPERTIES AND INVESTMENT CORPORATION LIMITED
00536,TRADELINK ELECTRONIC COMMERCE LIMITED
00538,AJISEN (CHINA) HOLDINGS LIMITED
00540,SPEEDY GLOBAL HOLDINGS LIMITED
00542,CHINA CULTURAL TOURISM AND AGRICULTURE GROUP LIMITED
00543,PACIFIC ONLINE LIMITED
00544,DAIDO GROUP LIMITED
00546,FUFENG GROUP LIMITED
00547,DIGITAL DOMAIN HOLDINGS LIMITED
00548,SHENZHEN EXPRESSWAY CORPORATION LIMITED
00550,ALLEGRO CULTURE LIMITED
00551,YUE YUEN INDUSTRIAL (HOLDINGS) LIMITED
00552,CHINA COMMUNICATIONS SERVICES CORPORATION LIMITED
00553,NANJING PANDA ELECTRONICS COMPANY LIMITED
00554,HANS GROUP HOLDINGS LIMITED
00556,PAN ASIA ENVIRONMENTAL PROTECTION GROUP LIMITED
00557,CHINA TIAN YUAN HEALTHCARE GROUP LIMITED
00558,L.K. TECHNOLOGY HOLDINGS LIMITED
00559,DETAI NEW ENERGY GROUP LIMITED
00560,CHU KONG SHIPPING ENTERPRISES (GROUP) COMPANY LIMITED
00563,SHANGHAI INDUSTRIAL URBAN DEVELOPMENT GROUP LIMITED
00564,ZCZL INDUSTRIAL TECHNOLOGY GROUP COMPANY LIMITED
00565,ART GROUP HOLDINGS LIMITED
00567,JSMART TECHNOLOGIES GROUP LIMITED
00568,SHANDONG MOLONG PETROLEUM MACHINERY COMPANY LIMITED
00570,CHINA TRADITIONAL CHINESE MEDICINE HOLDINGS CO LIMITED
00571,ESUN HOLDINGS LIMITED
00572,FUTURE WORLD HOLDINGS LIMITED
00573,TAO HEUNG HOLDINGS LIMITED
00574,PA SHUN INTERNATIONAL HOLDINGS LIMITED
00575,REGENT PACIFIC GROUP LIMITED
00576,"ZHEJIANG EXPRESSWAY CO., LTD."
00579,"BEIJING JINGNENG CLEAN ENERGY CO., LIMITED"
00580,SUN.KING TECHNOLOGY GROUP LIMITED
00581,CHINA ORIENTAL GROUP COMPANY LIMITED
00582,SHIN HWA WORLD LIMITED
00583,GREAT WALL PAN ASIA HOLDINGS LIMITED
00585,IMAGI INTERNATIONAL HOLDINGS LIMITED
00586,CHINA CONCH VENTURE HOLDINGS LIMITED
00587,CHINA CONCH ENVIRONMENT PROTECTION HOLDINGS LIMITED
00588,BEIJING NORTH STAR COMPANY LIMITED
00590,LUK FOOK HOLDINGS (INTERNATIONAL) LIMITED
00591,CHINA HIGH PRECISION AUTOMATION GROUP LIMITED
00595,AV CONCEPT HOLDINGS LIMITED
00596,INSPUR DIGITAL ENTERPRISE TECHNOLOGY LIMITED
00598,SINOTRANS LIMITED
00599,E. BON HOLDINGS LIMITED
00600,"AXERA SEMICONDUCTOR CO., LTD."
00601,RARE EARTH MAGNESIUM TECHNOLOGY GROUP HOLDINGS LIMITED
00602,JIAHUA STORES HOLDINGS LIMITED
00603,CHINA OIL AND GAS GROUP LIMITED
00604,SHENZHEN INVESTMENT LIMITED
00605,CHINA FINANCIAL SERVICES HOLDINGS LIMITED
00606,SCE INTELLIGENT COMMERCIAL MANAGEMENT HOLDINGS LIMITED
00607,FULLSHARE HOLDINGS LIMITED
00608,HIGH FASHION INTERNATIONAL LIMITED
00609,TIANDE CHEMICAL HOLDINGS LIMITED
00610,WAI KEE HOLDINGS LIMITED
00611,CHINA NUCLEAR ENERGY TECHNOLOGY CORPORATION LIMITED
00612,CARMEN CENTURY INVESTMENT LIMITED
00613,PLANETREE INTERNATIONAL DEVELOPMENT LIMITED
00616,ASSET CHAIN LIMITED
00617,PALIBURG HOLDINGS LIMITED
00618,PEKING UNIVERSITY RESOURCES (HOLDINGS) COMPANY LIMITED
00619,SOUTH CHINA FINANCIAL HOLDINGS LIMITED
00620,DTXS SILK ROAD INVESTMENT HOLDINGS COMPANY LIMITED
00621,TAUNG GOLD INTERNATIONAL LIMITED
00622,OSHIDORI INTERNATIONAL HOLDINGS LIMITED
00623,SINOMEDIA HOLDING LIMITED
00626,PUBLIC FINANCIAL HOLDINGS LIMITED
00627,VISION SYNERGY HOLDINGS LIMITED
00628,TONG TONG AI SOCIAL GROUP LIMITED
00629,YUE DA INTERNATIONAL HOLDINGS LIMITED
00630,AMCO UNITED HOLDING LIMITED
00631,SANY HEAVY EQUIPMENT INTERNATIONAL HOLDINGS COMPANY LIMITED
00632,CHK OIL LIMITED
00635,PLAYMATES HOLDINGS LIMITED
00636,KLN LOGISTICS GROUP LIMITED
00637,LEE KEE HOLDINGS LIMITED
00638,FIBOCOM WIRELESS INC.
00639,SHOUGANG FUSHAN RESOURCES GROUP LIMITED
00640,INFINITY DEVELOPMENT HOLDINGS COMPANY LIMITED
00641,CHTC FONG'S INTERNATIONAL COMPANY LIMITED
00643,CARRY WEALTH HOLDINGS LIMITED
00645,ARES ASIA LIMITED
00646,CHINA ENVIRONMENTAL TECHNOLOGY HOLDINGS LIMITED
00648,SOFTMEDX HEALTHCARE LIMITED
00650,PRODUCTIVE TECHNOLOGIES COMPANY LIMITED
00653,BONJOUR HOLDINGS LIMITED
00655,HONGKONG CHINESE LIMITED
00656,FOSUN INTERNATIONAL LIMITED
00657,G-VISION INTERNATIONAL (HOLDINGS) LIMITED
00658,"CHINA HIGH SPEED TRANSMISSION EQUIPMENT GROUP CO., LTD."
00659,CTF SERVICES LIMITED
00660,WAI CHUN BIO-TECHNOLOGY LIMITED
00661,CHINA DAYE NON-FERROUS METALS MINING LIMITED
00662,ASIA FINANCIAL HOLDINGS LIMITED
00664,"HANGZHOU TONGSHIFU CULTURAL AND CREATIVE (GROUP) CO., LTD."
00666,"REPT BATTERO ENERGY CO., LTD."
00667,CHINA EAST EDUCATION HOLDINGS LIMITED
00668,"ANKER INNOVATIONS TECHNOLOGY CO., LTD."
00669,TECHTRONIC INDUSTRIES CO. LTD.
00670,CHINA EASTERN AIRLINES CORPORATION LIMITED
00672,ZHONG AN GROUP LIMITED
00673,CHINA HEALTH GROUP LIMITED
00674,CHINA TANGSHANG HOLDINGS LIMITED
00675,K & P INTERNATIONAL HOLDINGS LIMITED
00676,PEGASUS INTERNATIONAL HOLDINGS LIMITED
00677,GOLDEN RESOURCES DEVELOPMENT INTERNATIONAL LIMITED
00679,ASIA TELE-NET AND TECHNOLOGY CORPORATION LIMITED-5000
00681,CHINESE PEOPLE HOLDINGS COMPANY LIMITED
00682,CHAODA MODERN AGRICULTURE (HOLDINGS) LIMITED
00683,KERRY PROPERTIES LIMITED
00684,ALLAN INTERNATIONAL HOLDINGS LIMITED
00685,MEDIA CHINESE INTERNATIONAL LIMITED
00686,"BEIJING ENERGY INTERNATIONAL HOLDING CO., LTD"
00687,TYSAN HOLDINGS LIMITED
00688,CHINA OVERSEAS LAND & INVESTMENT LIMITED
00689,EPI (HOLDINGS) LIMITED
00690,UNI-BIO SCIENCE GROUP LIMITED
00691,CHINA SHANSHUI CEMENT GROUP LIMITED
00693,TAN CHONG INTERNATIONAL LIMITED
00694,BEIJING CAPITAL INTERNATIONAL AIRPORT COMPANY LIMITED
00695,DONGWU CEMENT INTERNATIONAL LIMITED
00696,TRAVELSKY TECHNOLOGY LIMITED
00697,SHOUCHENG HOLDINGS LIMITED
00698,TONGDA GROUP HOLDINGS LIMITED
00699,NINGBO JOYSON ELECTRONIC CORP.
00700,TENCENT HOLDINGS LIMITED -HKD TRADED SHARES
00701,CNT GROUP LIMITED
00702,SINO OIL AND GAS HOLDINGS LIMITED
00703,FUTURE BRIGHT HOLDINGS LIMITED
00704,HUSCOKE HOLDINGS LIMITED
00707,ASIA TELEVISION HOLDINGS LIMITED
00708,CHINA EVERGRANDE NEW ENERGY VEHICLE GROUP LIMITED
00709,GIORDANO INTERNATIONAL LIMITED
00710,BOE VARITRONIX LIMITED
00711,ASIA ALLIED INFRASTRUCTURE HOLDINGS LIMITED
00712,COMTEC SOLAR SYSTEMS GROUP LIMITED
00713,WORLD HOUSEWARE (HOLDINGS) LIMITED
00716,SINGAMAS CONTAINER HOLDINGS LIMITED
00717,EMPEROR CAPITAL GROUP LIMITED
00718,TAI UNITED HOLDINGS LIMITED
00719,SHANDONG XINHUA PHARMACEUTICAL COMPANY LIMITED
00720,AUTO ITALIA HOLDINGS LIMITED
00721,CHINA FINANCIAL INTERNATIONAL INVESTMENTS LIMITED-NEW
00722,UMP HEALTHCARE HOLDINGS LIMITED
00723,RELIANCE GLOBAL HOLDINGS LIMITED
00725,PERENNIAL INTERNATIONAL LIMITED
00726,DIT GROUP LIMITED
00727,CROWN INTERNATIONAL CORPORATION LIMITED
00728,CHINA TELECOM CORPORATION LIMITED
00730,CAPITAL INDUSTRIAL FINANCIAL SERVICES GROUP LIMITED
00731,C&D NEWIN PAPER & PULP CORPORATION LIMITED
00732,TRULY INTERNATIONAL HOLDINGS LIMITED
00733,HOPEFLUENT GROUP HOLDINGS LIMITED
00736,CHINA PROPERTIES INVESTMENT HOLDINGS LIMITED
00737,SZ INVESTMENT HLDGS BAY AREA DEV CO LTD -HKD TRADED SHARES
00738,LE SAUNDA HOLDINGS LIMITED
00743,ASIA CEMENT (CHINA) HOLDINGS CORPORATION
00745,CHINA NATIONAL CULTURE GROUP LIMITED
00746,LEE & MAN CHEMICAL COMPANY LIMITED
00747,SHENYANG PUBLIC UTILITY HOLDINGS COMPANY LIMITED
00750,CHINA SHUIFA SINGYES ENERGY HOLDINGS LIMITED
00751,SKYWORTH GROUP LIMITED
00752,PICO FAR EAST HOLDINGS LIMITED
00753,AIR CHINA LIMITED
00754,HOPSON DEVELOPMENT HOLDINGS LIMITED
00755,DEVGREAT GROUP LIMITED
00756,SUMMI (GROUP) HOLDINGS LIMITED
00757,SOLARGIGA ENERGY HOLDINGS LIMITED
00759,CEC INTERNATIONAL HOLDINGS LIMITED
00760,TALENT PROPERTY GROUP LIMITED
00762,CHINA UNICOM (HONG KONG) LIMITED
00763,ZTE CORPORATION
00764,ETERNITY INVESTMENT LIMITED
00765,PERFECTECH INTERNATIONAL HOLDINGS LTD.
00767,ZHONG JI LONGEVITY SCIENCE GROUP LIMITED
00768,UBA INVESTMENTS LIMITED
00769,CHINA RARE EARTH HOLDINGS LIMITED
00770,SHANGHAI INTERNATIONAL SHANGHAI GROWTH INVESTMENT LIMITED
00771,AUTOMATED SYSTEMS HOLDINGS LIMITED
00772,CHINA LITERATURE LIMITED
00775,"CK LIFE SCIENCES INT'L., (HOLDINGS) INC."
00776,IMPERIUM TECHNOLOGY GROUP LIMITED
00777,NETDRAGON WEBSOFT HOLDINGS LIMITED
00778,FORTUNE REAL ESTATE INVESTMENT TRUST
00780,TONGCHENG TRAVEL HOLDINGS LIMITED
00784,LING YUI HOLDINGS LIMITED
00788,CHINA TOWER CORPORATION LIMITED
00789,ARTINI HOLDINGS LIMITED
00794,COME SURE GROUP (HOLDINGS) LIMITED
00797,7ROAD HOLDINGS LIMITED
00798,CHINA ELECTRONICS OPTICS VALLEY UNION HOLDING COMPANY LIMITED
00799,IGG INC
00800,WERIDE INC.
00804,PINESTONE CAPITAL LIMITED
00805,NEW GONOW RECREATIONAL VEHICLES INC.
00806,VALUE PARTNERS GROUP LIMITED
00807,SIIC ENVIRONMENT HOLDINGS LTD.
00808,PROSPERITY REAL ESTATE INVESTMENT TRUST
00809,GLOBAL BIO-CHEM TECHNOLOGY GROUP COMPANY LIMITED
00810,CHINA CASTSON 81 FINANCE COMPANY LIMITED
00811,"XINHUA WINSHARE PUBLISHING AND MEDIA CO., LTD."
00813,SHIMAO GROUP HOLDINGS LIMITED
00814,BEIJING JINGKELONG COMPANY LIMITED
00815,CHINA SILVER GROUP LIMITED
00816,"JINMAO PROPERTY SERVICES CO., LIMITED"
00817,CHINA JINMAO HOLDINGS GROUP LIMITED
00818,HI SUN TECHNOLOGY (CHINA) LIMITED
00819,TIANNENG POWER INTERNATIONAL LIMITED
00821,VALUE CONVERGENCE HOLDINGS LIMITED
00822,KA SHUI INTERNATIONAL HOLDINGS LIMITED
00823,LINK REAL ESTATE INVESTMENT TRUST
00825,NEW WORLD DEPARTMENT STORE CHINA LIMITED
00826,TIANGONG INTERNATIONAL COMPANY LIMITED
00827,KO YO CHEMICAL (GROUP) LIMITED
00828,DYNASTY FINE WINES GROUP LIMITED
00829,SHENGUAN HOLDINGS (GROUP) LIMITED
00830,CHINA STATE CONSTRUCTION DEVELOPMENT HOLDINGS LIMITED
00831,CONVENIENCE RETAIL ASIA LIMITED
00832,CENTRAL CHINA REAL ESTATE LIMITED
00833,ALLTRONICS HOLDINGS LIMITED
00834,CHINA KANGDA FOOD COMPANY LIMITED
00836,CHINA RESOURCES POWER HOLDINGS COMPANY LIMITED
00837,CARPENTER TAN HOLDINGS LIMITED
00838,EVA PRECISION INDUSTRIAL HOLDINGS LIMITED
00839,CHINA EDUCATION GROUP HOLDINGS LIMITED
00840,XINJIANG TIANYE WATER SAVING IRRIGATION SYSTEM COMPANY LIMITED
00841,ASIA CASSAVA RESOURCES HOLDINGS LIMITED
00842,LEOCH INTERNATIONAL TECHNOLOGY LIMITED
00844,GREATIME INTERNATIONAL HOLDINGS LIMITED LIMITED
00845,GLORIOUS PROPERTY HOLDINGS LIMITED
00846,MINGFA GROUP (INTERNATIONAL) COMPANY LIMITED
00848,MAOYE INTERNATIONAL HOLDINGS LIMITED
00851,SHENG YUAN HOLDINGS LIMITED
00852,STRONG PETROCHEMICAL HOLDINGS LIMITED
00853,MICROPORT SCIENTIFIC CORPORATION
00854,WILLAS-ARRAY ELECTRONICS (HOLDINGS) LIMITED
00855,CHINA WATER AFFAIRS GROUP LIMITED
00856,VSTECS HOLDINGS LIMITED
00857,PETROCHINA COMPANY LIMITED
00858,EXTRAWELL PHARMACEUTICAL HOLDINGS LIMITED
00859,ZHONGCHANG INTERNATIONAL HOLDINGS GROUP LIMITED
00860,APOLLO FUTURE MOBILITY GROUP LIMITED
00861,DIGITAL CHINA HOLDINGS LIMITED
00862,VISION VALUES HOLDINGS LIMITED
00863,OSL GROUP LIMITED
00864,WING LEE PROPERTY INVESTMENTS LIMITED
00865,JIANDE INTERNATIONAL HOLDINGS LIMITED
00866,CHINA QINFA GROUP LIMITED
00867,CHINA MEDICAL SYSTEM HOLDINGS LIMITED
00868,XINYI GLASS HOLDINGS LIMITED
00869,PLAYMATES TOYS LIMITED
00871,CHINA DREDGING ENVIRONMENT PROTECTION HOLDINGS LIMITED
00873,SHIMAO SERVICES HOLDINGS LIMITED
00874,"GUANGZHOU BAIYUNSHAN PHARMACEUTICAL HOLDINGS CO., LTD."
00875,CONGYU INTELLIGENT AGRICULTURAL HOLDINGS LIMITED
00876,KAISA HEALTH GROUP HOLDINGS LIMITED
00878,SOUNDWILL HOLDINGS LIMITED
00880,SJM HOLDINGS LIMITED
00881,ZHONGSHENG GROUP HOLDINGS LIMITED
00882,TIANJIN DEVELOPMENT HOLDINGS LIMITED
00883,CNOOC LIMITED -HKD TRADED SHARES
00884,CIFI HOLDINGS (GROUP) CO. LTD.
00887,EMPEROR WATCH & JEWELLERY LIMITED
00888,BLOCKFIN HOLDINGS LIMITED
00889,DATRONIX HOLDINGS LIMITED
00893,CHINA VANADIUM TITANO-MAGNETITE MINING COMPANY LIMITED
00894,MAN YUE TECHNOLOGY HOLDINGS LIMITED
00895,DONGJIANG ENVIRONMENTAL COMPANY LIMITED
00896,HANISON CONSTRUCTION HOLDINGS LIMITED
00897,WAI YUEN TONG MEDICINE HOLDINGS LIMITED
00898,MULTIFIELD INTERNATIONAL HOLDINGS LIMITED
00899,ZHONG JIA GUO XIN HOLDINGS COMPANY LIMITED
00900,AEON CREDIT SERVICE (ASIA) COMPANY LIMITED
00901,"SHENZHEN SDMC TECHNOLOGY CO., LTD."
00902,"HUANENG POWER INTERNATIONAL, INC."
00905,WALNUT CAPITAL LIMITED
00907,ELEGANCE OPTICAL INTERNATIONAL HOLDINGS LIMITED
00909,MING YUAN CLOUD GROUP HOLDINGS LIMITED
00910,CHINA SANDI HOLDINGS LIMITED
00911,QIANHAI HEALTH HOLDINGS LIMITED
00912,SUGA INTERNATIONAL HOLDINGS LIMITED
00913,HARBOUR DIGITAL ASSET CAPITAL LIMITED
00914,ANHUI CONCH CEMENT COMPANY LIMITED
00915,DAOHE GLOBAL GROUP LIMITED
00916,CHINA LONGYUAN POWER GROUP CORPORATION LIMITED
00917,QUNABOX GROUP LIMITED
00918,MAJESTIC DRAGON AEROTECH HOLDINGS LIMITED
00919,MODERN HEALTHCARE TECHNOLOGY HOLDINGS LIMITED
00921,"HISENSE HOME APPLIANCES GROUP CO., LTD."
00922,ANXIAN YUAN CHINA HOLDINGS LIMITED
00923,INTEGRATED WASTE SOLUTIONS GROUP HOLDINGS LIMITED
00924,KHOON GROUP LIMITED
00926,BESUNYEN HOLDINGS COMPANY LIMITED
00927,FUJIKON INDUSTRIAL HOLDINGS LIMITED
00928,KING INTERNATIONAL INVESTMENT LIMITED
00929,IPE GROUP LIMITED
00931,CHINA HK POWER SMART ENERGY GROUP LIMITED
00932,SHUNTEN INTERNATIONAL (HOLDINGS) LIMITED
00933,VIVA GOODS COMPANY LIMITED
00934,SINOPEC KANTONS HOLDINGS LIMITED
00936,KAISA CAPITAL INVESTMENT HOLDINGS LIMITED
00938,MAN SANG INTERNATIONAL LIMITED
00939,CHINA CONSTRUCTION BANK CORPORATION
00941,CHINA MOBILE LIMITED -HKD TRADED SHARES
00943,ZHONGZHENG INTERNATIONAL COMPANY LIMITED
00945,MANULIFE FINANCIAL CORPORATION
00947,"MOBI DEVELOPMENT CO., LTD."
00948,ALPHA PROFESSIONAL HOLDINGS LIMITED
00950,LEE'S PHARMACEUTICAL HOLDINGS LIMITED
00951,CHAOWEI POWER HOLDINGS LIMITED
00952,QUAM PLUS INTERNATIONAL FINANCIAL LIMITED
00953,SHAW BROTHERS HOLDINGS LIMITED
00954,CHANGMAO BIOCHEMICAL ENGINEERING COMPANY LIMITED
00956,CHINA SUNTIEN GREEN ENERGY CORPORATION LIMITED
00959,CENTURY ENTERTAINMENT INTERNATIONAL HOLDINGS LIMITED
00960,LONGFOR GROUP HOLDINGS LIMITED
00966,CHINA TAIPING INSURANCE HOLDINGS COMPANY LIMITED
00968,XINYI SOLAR HOLDINGS LIMITED
00969,HUA LIEN INTERNATIONAL (HOLDING) COMPANY LIMITED
00970,NEW SPARKLE ROLL INTERNATIONAL GROUP LIMITED
00974,CHINA SHUN KE LONG HOLDINGS LIMITED
00975,MONGOLIAN MINING CORPORATION
00976,CHIHO ENVIRONMENTAL GROUP LIMITED
00978,CHINA MERCHANTS LAND LIMITED
00979,GREEN ENERGY GROUP LIMITED
00980,"LIANHUA SUPERMARKET HOLDINGS CO., LTD."
00981,SEMICONDUCTOR MANUFACTURING INTERNATIONAL CORPORATION
00983,SOCAM DEVELOPMENT LIMITED
00984,"AEON STORES (HONG KONG) CO., LIMITED"
00986,DUFU LIQUOR GROUP LIMITED
00987,CHINA RENEWABLE ENERGY INVESTMENT LIMITED
00989,CHINA CHANGBAISHAN INTERNATIONAL HOLDINGS LIMITED
00990,DEEP SOURCE HOLDINGS LIMITED
00991,"DATANG INTERNATIONAL POWER GENERATION CO.,LTD."
00992,LENOVO GROUP LIMITED -HKD TRADED SHARES
00993,XINKONG INTERNATIONAL CAPITAL HOLDINGS LIMITED
00994,CT VISION (INTERNATIONAL) HOLDINGS LIMITED
00995,ANHUI EXPRESSWAY COMPANY LIMITED
00997,CHINLINK INTERNATIONAL HOLDINGS LIMITED
00998,CHINA CITIC BANK CORPORATION LIMITED
00999,XIAOCAIYUAN INTERNATIONAL HOLDING LTD.
01000,BEIJING MEDIA CORPORATION LIMITED
01001,HONG KONG SHANGHAI ALLIANCE HOLDINGS LIMITED
01002,V.S. INTERNATIONAL GROUP LIMITED
01003,HUANXI MEDIA GROUP LIMITED
01004,CHINA SMARTER ENERGY GROUP HOLDINGS LIMITED
01005,MATRIX HOLDINGS LIMITED
01007,LONGHUI INTERNATIONAL HOLDINGS LIMITED
01008,LITU HOLDINGS LIMITED
01009,INTERNATIONAL ENTERTAINMENT CORPORATION
01010,SKY BLUE 11 COMPANY LIMITED
01011,CHINA NT PHARMA GROUP COMPANY LIMITED
01013,WAI CHUN GROUP HOLDINGS LIMITED
01020,CIPRUN TECHNOLOGY HOLDINGS COMPANY LIMITED
01021,"GUANGDONG HUAYAN ROBOTICS CO., LTD."
01022,FEIYU TECHNOLOGY INTERNATIONAL COMPANY LTD.
01023,SITOY GROUP HOLDINGS LIMITED
01024,KUAISHOU TECHNOLOGY -HKD TRADED SHARES
01025,KNT HOLDINGS LIMITED
01026,UNIVERSAL TECHNOLOGIES HOLDINGS LIMITED
01027,ASIA STRATEGY DIGIT TECHNOLOGY HOLDINGS LIMITED
01028,C.BANNER INTERNATIONAL HOLDINGS LIMITED
01029,IRC LIMITED
01030,SEAZEN GROUP LIMITED
01033,SINOPEC OILFIELD SERVICE CORPORATION
01036,VANKE OVERSEAS INVESTMENT HOLDING COMPANY LIMITED
01037,MAXNERVA TECHNOLOGY SERVICES LIMITED
01038,CK INFRASTRUCTURE HOLDINGS LIMITED
01039,CHANGYOU INTERNATIONAL GROUP LIMITED
01044,HENGAN INTERNATIONAL GROUP COMPANY LIMITED
01045,APT SATELLITE HOLDINGS LIMITED
01046,UNIVERSE ENTERTAINMENT AND CULTURE GROUP COMPANY LIMITED
01047,NGAI HING HONG COMPANY LIMITED
01049,CELESTIAL ASIA SECURITIES HOLDINGS LIMITED
01050,KARRIE INTERNATIONAL HOLDINGS LIMITED
01051,G-RESOURCES GROUP LIMITED
01052,YUEXIU TRANSPORT INFRASTRUCTURE LIMITED
01053,CHONGQING IRON & STEEL COMPANY LIMITED
01055,CHINA SOUTHERN AIRLINES COMPANY LIMITED
01057,ZHEJIANG SHIBAO COMPANY LIMITED
01058,NAMYUE HOLDINGS LIMITED
01059,KANTONE HOLDINGS LIMITED
01060,DAMAI ENTERTAINMENT HOLDINGS LIMITED
01061,ESSEX BIO-TECHNOLOGY LIMITED
01062,CHINA DEVELOPMENT BANK INTERNATIONAL INVESTMENT LIMITED
01063,SUNCORP TECHNOLOGIES LIMITED
01064,ZHONG HUA INTERNATIONAL HOLDINGS LIMITED
01065,TIANJIN CAPITAL ENVIRONMENTAL PROTECTION GROUP COMPANY LIMITED
01066,SHANDONG WEIGAO GROUP MEDICAL POLYMER COMPANY LIMITED
01068,CHINA YURUN FOOD GROUP LIMITED
01069,CHINA HEALTH TECHNOLOGY GROUP HOLDING COMPANY LIMITED
01070,TCL ELECTRONICS HOLDINGS LIMITED
01071,HUADIAN POWER INTERNATIONAL CORPORATION LIMITED
01072,DONGFANG ELECTRIC CORPORATION LIMITED
01073,DA YU FINANCIAL HOLDINGS LIMITED
01075,CAPINFO COMPANY LIMITED
01079,PINE TECHNOLOGY HOLDINGS LIMITED
01080,SHENGLI OIL & GAS PIPE HOLDINGS LIMITED
01081,"DAJIN HEAVY INDUSTRY CO., LTD."
01082,BRADAVERSE EDUCATION (INT'L) INVESTMENTS GROUP LIMITED
01083,TOWNGAS SMART ENERGY COMPANY LIMITED
01084,GREEN FRESH BIOTECHNOLOGY COMPANY LIMITED
01085,HENGXIN TECHNOLOGY LTD.
01086,GOODBABY INTERNATIONAL HOLDINGS LIMITED
01087,INVESTECH HOLDINGS LIMITED
01088,CHINA SHENHUA ENERGY COMPANY LIMITED
01090,DA MING INTERNATIONAL HOLDINGS LIMITED
01091,SOUTH MANGANESE INVESTMENT LIMITED
01093,CSPC PHARMACEUTICAL GROUP LIMITED
01094,CHERISH SUNSHINE INTERNATIONAL LIMITED
01097,I-CABLE COMMUNICATIONS LIMITED
01098,ROAD KING INFRASTRUCTURE LIMITED
01099,SINOPHARM GROUP CO. LTD.
01100,MAINLAND HEADWEAR HOLDINGS LIMITED
01101,CHINA HUARONG ENERGY COMPANY LIMITED
01102,ENVIRO ENERGY INTERNATIONAL HOLDINGS LIMITED
01104,APAC RESOURCES LIMITED
01105,SING TAO NEWS CORPORATION LIMITED
01107,"MODERN LAND (CHINA) CO., LIMITED"
01108,TRIUMPH NEW ENERGY COMPANY LIMITED
01109,CHINA RESOURCES LAND LIMITED
01110,KINGWORLD MEDICINES GROUP LIMITED
01111,HUASHI GROUP HOLDINGS LIMITED
01112,HEALTH AND HAPPINESS (H&H) INTERNATIONAL HOLDINGS LIMITED
01113,CK ASSET HOLDINGS LIMITED
01114,BRILLIANCE CHINA AUTOMOTIVE HOLDINGS LIMITED
01115,5100 XIZANG GLACIER COMPANY LIMITED
01116,HUIYUAN COWINS TECHNOLOGY GROUP LIMITED
01117,CHINA MODERN DAIRY HOLDINGS LTD.
01118,GOLIK HOLDINGS LIMITED
01119,IDREAMSKY TECHNOLOGY HOLDINGS LIMITED
01120,ARTS OPTICAL INTERNATIONAL HOLDINGS LIMITED
01121,GOLDEN SOLAR NEW ENERGY TECHNOLOGY HOLDINGS LIMITED
01122,QINGLING MOTORS COMPANY LIMITED
01123,CHINA-HONGKONG PHOTO PRODUCTS HOLDINGS LIMITED
01124,COASTAL GREENLAND LIMITED
01125,LAI FUNG HOLDINGS LIMITED
01126,DREAM INTERNATIONAL LIMITED
01127,LION ROCK GROUP LIMITED
01128,"WYNN MACAU, LIMITED"
01129,CHINA WATER INDUSTRY GROUP LIMITED
01130,CHINA ENVIRONMENTAL RESOURCES GROUP LIMITED
01132,ORANGE SKY GOLDEN HARVEST ENTERTAINMENT (HOLDINGS) LIMITED
01133,HARBIN ELECTRIC COMPANY LIMITED
01134,KELFRED HOLDINGS LIMITED
01137,HONG KONG TECHNOLOGY VENTURE COMPANY LIMITED
01138,"COSCO SHIPPING ENERGY TRANSPORTATION CO., LTD."
01140,HK.AI CAPITAL LIMITED
01141,CMBC CAPITAL HOLDINGS LIMITED
01142,E&P GLOBAL HOLDINGS LIMITED
01143,CHINA ENERGY STORAGE TECHNOLOGY DEVELOPMENT LIMITED
01145,COURAGE INVESTMENT GROUP LIMITED
01146,HUICHENG INTERNATIONAL HOLDINGS LIMITED
01147,EDENSOFT HOLDINGS LIMITED
01148,XINCHEN CHINA POWER HOLDINGS LIMITED
01150,MILAN STATION HOLDINGS LIMITED
01152,MOMENTUM FINANCIAL HOLDINGS LIMITED
01153,JIAYUAN SERVICES HOLDINGS LIMITED
01156,CHINA NEW ENERGY LIMITED
01157,"ZOOMLION HEAVY INDUSTRY SCIENCE AND TECHNOLOGY CO., LTD."
01159,SMART DIGITAL TECHNOLOGY GROUP LIMITED
01160,GOLDSTONE CAPITAL GROUP LIMITED
01161,WATER OASIS GROUP LIMITED
01162,LUMINA GROUP LIMITED
01163,ADTIGER CORPORATIONS LIMITED
01164,CGN MINING COMPANY LIMITED
01165,SHUNFENG INTERNATIONAL CLEAN ENERGY LIMITED
01166,SOLARTECH INTERNATIONAL HOLDINGS LIMITED
01167,"JACOBIO PHARMACEUTICALS GROUP CO., LTD."
01168,Z FIN LIMITED
01170,KINGMAKER FOOTWEAR HOLDINGS LIMITED
01171,YANKUANG ENERGY GROUP COMPANY LIMITED
01172,MAGNUS CONCORDIA GROUP LIMITED
01173,VEEKO INTERNATIONAL HOLDINGS LIMITED
01176,ZHUGUANG HOLDINGS GROUP COMPANY LIMITED
01177,SINO BIOPHARMACEUTICAL LIMITED
01179,H WORLD GROUP LIMITED
01180,PARADISE ENTERTAINMENT LIMITED
01181,TANG PALACE (CHINA) HOLDINGS LIMITED
01182,SUCCESS DRAGON INTERNATIONAL HOLDINGS LIMITED
01183,MECOM POWER AND CONSTRUCTION LIMITED
01184,S.A.S. DRAGON HOLDINGS LIMITED
01186,CHINA RAILWAY CONSTRUCTION CORPORATION LIMITED
01187,"COFOE MEDICAL TECHNOLOGY CO., LTD."
01188,HYBRID KINETIC GROUP LIMITED
01191,"CREALIGHTS TECHNOLOGY CO., LTD."
01193,CHINA RESOURCES GAS GROUP LIMITED
01195,KINGWELL GROUP LIMITED
01196,REALORD GROUP HOLDINGS LIMITED
01198,ROYALE HOME HOLDINGS LIMITED
01199,COSCO SHIPPING PORTS LIMITED
01200,MIDLAND HOLDINGS LIMITED
01201,TESSON HOLDINGS LIMITED
01202,CHENGDU SIWI SCIENCE & TECHNOLOGY COMPANY LIMITED
01203,GDH GUANGNAN (HOLDINGS) LIMITED
01204,BOARDWARE INTELLIGENCE TECHNOLOGY LIMITED
01205,CITIC RESOURCES HOLDINGS LIMITED
01206,TECHNOVATOR INTERNATIONAL LIMITED
01208,MMG LIMITED
01209,CHINA RESOURCES MIXC LIFESTYLE SERVICES LIMITED
01211,BYD COMPANY LIMITED -HKD TRADED SHARES
01213,MOBICON GROUP LIMITED
01215,KAI YUAN HOLDINGS LIMITED
01216,"ZHONGYUAN BANK CO., LTD."
01217,CHINA INNOVATION INVESTMENT LIMITED
01218,EASYKNIT INTERNATIONAL HOLDINGS LIMITED
01220,ZHIDAO INTERNATIONAL (HOLDINGS) LIMITED
01221,SINO HOTELS (HOLDINGS) LIMITED
01222,WANG ON GROUP LIMITED
01223,SYMPHONY HOLDINGS LIMITED
01224,C C LAND HOLDINGS LIMITED
01225,LERADO FINANCIAL GROUP COMPANY LIMITED
01226,CHINA INVESTMENT AND FINANCE GROUP LIMITED
01228,CANBRIDGE PHARMACEUTICALS INC.
01229,NAN NAN RESOURCES ENTERPRISE LIMITED
01231,NEWTON RESOURCES LTD
01232,GOLDEN WHEEL TIANDI HOLDINGS COMPANY LIMITED
01233,TIMES CHINA HOLDINGS LIMITED
01234,CHINA LILANG LIMITED
01235,TRAVEL EXPERT (ASIA) ENTERPRISES LIMITED
01236,"SHENZHEN LDROBOT CO., LTD"
01237,CHINA ENVIRONMENTAL TECHNOLOGY AND BIOENERGY HOLDINGS LIMITED
01238,POWERLONG REAL ESTATE HOLDINGS LIMITED
01239,TEAMWAY INTERNATIONAL GROUP HOLDINGS LIMITED
01240,CNQC INTERNATIONAL HOLDINGS LIMITED
01241,SHUANGHUA HOLDINGS LIMITED
01243,WANG ON PROPERTIES LIMITED
01244,3D MEDICINES INC.
01245,"NIRAKU GC HOLDINGS, INC."
01246,BOILL HEALTHCARE HOLDINGS LIMITED
01247,MIKO INTERNATIONAL HOLDINGS LIMITED
01250,SHANDONG HI-SPEED NEW ENERGY GROUP LIMITED
01251,SPT ENERGY GROUP INC.
01252,CHINA TIANRUI GROUP CEMENT COMPANY LIMITED
01253,CHINA GREEN BROAD ECOLOGICAL TECHNOLOGY COMPANY LIMITED
01255,TATA HEALTH INTERNATIONAL HOLDINGS LIMITED
01257,CHINA EVERBRIGHT GREENTECH LIMITED
01258,CHINA NONFERROUS MINING CORPORATION LIMITED
01259,PROSPEROUS FUTURE HOLDINGS LIMITED
01260,WONDERFUL SKY FINANCIAL GROUP HOLDINGS LIMITED
01262,LABIXIAOXIN SNACKS GROUP LIMITED
01265,TIANJIN JINRAN PUBLIC UTILITIES COMPANY LIMITED
01268,CHINA MEIDONG AUTO HOLDINGS LIMITED
01269,CHINA FIRST CAPITAL GROUP LIMITED
01270,LANGHAM HOSPITALITY INVESTMENTS AND LANGHAM HOSPITALITY INVESTMENTS LIMITED
01271,GRAND MING GROUP HOLDINGS LIMITED
01272,"DATANG ENVIRONMENT INDUSTRY GROUP CO., LTD."
01273,HONG KONG FINANCE GROUP LIMITED
01274,"IMOTION AUTOMOTIVE TECHNOLOGY (SUZHOU) CO., LTD."
01276,"JIANGSU HENGRUI PHARMACEUTICALS CO., LTD."
01277,KINETIC DEVELOPMENT GROUP LIMITED
01278,CHINA NEW TOWN DEVELOPMENT COMPANY LIMITED
01280,CHINA QIDIAN GUOFENG HOLDINGS LIMITED
01281,XINDA INVESTMENT HOLDINGS LIMITED
01282,RENZE HARVEST INTERNATIONAL LIMITED
01283,ACCEL GROUP HOLDINGS LIMITED
01284,NEW MEDIA LAB LIMITED
01285,JIASHILI GROUP LIMITED
01286,IMPRO PRECISION INDUSTRIES LIMITED
01288,AGRICULTURAL BANK OF CHINA LIMITED
01289,WUXI SUNLIT SCIENCE AND TECHNOLOGY COMPANY LIMITED
01290,CHINA HUIRONG FINANCIAL HOLDINGS LIMITED
01292,"CHANGAN MINSHENG APLL LOGISTICS CO., LTD"
01293,GRAND BAOXIN AUTO GROUP LIMITED
01298,YUNNAN ENERGY INTERNATIONAL CO. LIMITED
01299,AIA GROUP LIMITED -HKD TRADED SHARES
01300,TRIGIANT GROUP LIMITED
01301,D&G TECHNOLOGY HOLDING COMPANY LIMITED
01302,LIFETECH SCIENTIFIC CORPORATION
01303,HUILI RESOURCES (GROUP) LIMITED
01304,"FORTIOR TECHNOLOGY (SHENZHEN) CO., LTD."
01305,WAI CHI HOLDINGS COMPANY LIMITED
01308,SITC INTERNATIONAL HOLDINGS COMPANY LIMITED
01310,HKBN LTD.
01312,KONTAFARMA CHINA HOLDINGS LIMITED
01313,CHINA RESOURCES BUILDING MATERIALS TECHNOLOGY HOLDINGS LIMITED
01314,TSUI WAH HOLDINGS LIMITED
01315,GREEN ECONOMY DEVELOPMENT LIMITED
01316,NEXTEER AUTOMOTIVE GROUP LIMITED
01317,CHINA MAPLE LEAF EDUCATIONAL SYSTEMS LIMITED
01318,"MAO GEPING COSMETICS CO., LTD."
01319,OI WAH PAWNSHOP CREDIT HOLDINGS LIMITED
01321,CHINA NEW CITY GROUP LIMITED
01323,HUASHENG INTERNATIONAL HOLDING LIMITED
01326,TRANSMIT ENTERTAINMENT LIMITED
01327,LUXXU GROUP LIMITED
01328,GOLDSTREAM INVESTMENT LIMITED
01330,"DYNAGREEN ENVIRONMENTAL PROTECTION GROUP CO., LTD"
01332,TOUYUN BIOTECH GROUP LIMITED
01333,"BRETON TECHNOLOGY CO., LTD."
01334,RUICHANG INTERNATIONAL HOLDINGS LIMITED
01335,SHEEN TAI HOLDINGS GROUP COMPANY LIMITED
01336,NEW CHINA LIFE INSURANCE COMPANY LTD.
01338,BAWANG INTERNATIONAL (GROUP) HOLDING LIMITED
01339,"PEOPLE'S INSURANCE COMPANY (GROUP) OF CHINA LIMITED, THE"
01340,HUISHENG INTERNATIONAL HOLDINGS LIMITED
01341,HAO TIAN INTERNATIONAL CONSTRUCTION INVESTMENT GROUP LIMITED
01343,WEI YUAN HOLDINGS LIMITED
01345,SHANGHAI PIONEER HOLDING LTD
01346,LEVER STYLE CORPORATION
01347,HUA HONG GRACE SEMICONDUCTOR LIMITED
01348,QUALI-SMART HOLDINGS LIMITED
01349,"SHANGHAI FUDAN-ZHANGJIANG BIO-PHARMACEUTICAL CO., LTD."
01351,BRIGHT FUTURE TECHNOLOGY HOLDINGS LIMITED
01354,"XI'AN KINGFAR PROPERTY SERVICES CO., LTD."
01355,BIOSYSEN LIMITED
01357,"MEITU, INC."
01358,PW MEDTECH GROUP LIMITED
01359,"CHINA CINDA ASSET MANAGEMENT CO., LTD."
01361,361 DEGREES INTERNATIONAL LIMITED
01362,SIS MOBILE HOLDINGS LIMITED
01364,GUMING HOLDINGS LIMITED
01368,XTEP INTERNATIONAL HOLDINGS LIMITED
01370,AOWEI HOLDING LIMITED
01371,CHINA ECOTOURISM GROUP LIMITED
01372,CHINA CARBON NEUTRAL DEVELOPMENT GROUP LIMITED
01373,INTERNATIONAL HOUSEWARES RETAIL COMPANY LIMITED
01375,"CENTRAL CHINA SECURITIES CO., LTD."
01376,RAFFLES INTERIOR LIMITED
01378,CHINA HONGQIAO GROUP LIMITED
01379,WENLING ZHEJIANG MEASURING AND CUTTING TOOLS TRADING CENTRE COMPANY LIMITED
01380,CHINA KINGSTONE MINING HOLDINGS LIMITED
01382,PACIFIC TEXTILES HOLDINGS LIMITED
01384,"DEEPEXI TECHNOLOGY CO., LTD."
01385,SHANGHAI FUDAN MICROELECTRONICS GROUP COMPANY LIMITED
01388,EMBRY HOLDINGS LIMITED
01389,MAJOR HOLDINGS LIMITED
01392,"SHENZHEN HQVT TECHNOLOGY CO., LTD."
01393,HIDILI INDUSTRY INTERNATIONAL DEVELOPMENT LIMITED
01395,ELL ENVIRONMENTAL HOLDINGS LIMITED
01396,"GREATER BAY AREA AI COMPUTING TECH CO., LTD."
01397,BAGUIO GREEN GROUP LIMITED
01398,INDUSTRIAL AND COMMERCIAL BANK OF CHINA LIMITED
01399,VESON HOLDINGS LIMITED
01400,MOODY TECHNOLOGY HOLDINGS LIMITED
01401,FUTURE MACHINE LIMITED
01402,I-CONTROL HOLDINGS LIMITED
01405,DPC DASH LTD
01406,CLARITY MEDICAL GROUP HOLDING LIMITED
01407,JY GAS LIMITED
01408,MACAU E&M HOLDING LIMITED
01410,EDVANCE INTERNATIONAL HOLDINGS LIMITED
01412,Q P GROUP HOLDINGS LIMITED
01413,FEG HOLDINGS CORPORATION LIMITED
01415,COWELL E HOLDINGS INC.
01416,CTR HOLDINGS LIMITED
01417,RIVERINE CHINA HOLDINGS LIMITED
01418,SINOMAX GROUP LIMITED
01419,HUMAN HEALTH HOLDINGS LIMITED
01420,CHUAN HOLDINGS LIMITED
01421,PROSPERITY GROUP INTERNATIONAL LIMITED
01425,JUSTIN ALLEN HOLDINGS LIMITED
01426,SPRING REAL ESTATE INVESTMENT TRUST
01427,CHINA TIANBAO GROUP DEVELOPMENT COMPANY LIMITED
01428,BRIGHT SMART SECURITIES & COMMODITIES GROUP LIMITED
01429,SKYMISSION GROUP HOLDINGS LIMITED
01431,YUANSHENGTAI DAIRY FARM LIMITED
01432,CHINA SHENGMU ORGANIC MILK LIMITED
01433,CIRTEK HOLDINGS LIMITED
01440,STAR SHINE HOLDINGS GROUP LIMITED
01442,INFINITY LOGISTICS AND TRANSPORT VENTURES LIMITED
01443,FULUM GROUP HOLDINGS LIMITED
01446,HUNG FOOK TONG GROUP HOLDINGS LIMITED
01447,SFK CONSTRUCTION HOLDINGS LIMITED
01448,FU SHOU YUAN INTERNATIONAL GROUP LIMITED
01449,LEADER EDUCATION LIMITED
01450,BE FRIENDS HOLDING LIMITED
01451,MS GROUP HOLDINGS LIMITED
01452,DENOX ENVIRONMENTAL & TECHNOLOGY HOLDINGS LIMITED
01455,FOURACE INDUSTRIES GROUP HOLDINGS LIMITED
01456,GUOLIAN MINSHENG SECURITIES COMPANY LIMITED
01458,ZHOU HEI YA INTERNATIONAL HOLDINGS COMPANY LIMITED
01459,"JUJIANG CONSTRUCTION GROUP CO., LTD."
01460,ICO GROUP LIMITED
01461,ZHONGTAI FUTURES COMPANY LIMITED
01463,C-LINK SQUARED LIMITED
01466,BAIJIN LIFE SCIENCE HOLDINGS LIMITED
01468,JAKOTA CAPITAL (HOLDING) GROUP
01470,PROSPER ONE INTERNATIONAL HOLDINGS COMPANY LIMITED
01471,"ZHONGMIAO HOLDINGS (QINGDAO) CO., LTD."
01472,SANG HING HOLDINGS (INTERNATIONAL) LIMITED
01473,PANGAEA CONNECTIVITY TECHNOLOGY LIMITED
01475,NISSIN FOODS COMPANY LIMITED
01476,"FINANCIAL STREET SECURITIES CO., LIMITED"
01477,OCUMENSION THERAPEUTICS
01478,Q TECHNOLOGY (GROUP) COMPANY LIMITED
01480,YAN TAT GROUP HOLDINGS LIMITED
01481,SMART GLOBE HOLDINGS LIMITED
01483,NET-A-GO TECHNOLOGY COMPANY LIMITED
01486,C CHENG HOLDINGS LIMITED
01488,BEST FOOD HOLDING COMPANY LIMITED
01489,GC CONSTRUCTION HOLDINGS LIMITED
01490,AI X TECH INC.
01496,AP RENTALS HOLDINGS LIMITED
01497,"XIAMEN YAN PALACE BIRD'S NEST INDUSTRY CO., LTD."
01498,PURAPHARM CORPORATION LIMITED
01499,OKG TECHNOLOGY HOLDINGS LIMITED
01500,IN CONSTRUCTION HOLDINGS LIMITED
01501,"SHANGHAI INT MEDICAL INSTRUMENTS CO., LTD."
01502,"FINANCIAL STREET PROPERTY CO., LIMITED"
01503,CHINA MERCHANTS COMMERCIAL REAL ESTATE INVESTMENT TRUST
01508,CHINA REINSURANCE (GROUP) CORPORATION
01511,"UISEE TECHNOLOGIES (BEIJING) CO., LTD."
01513,LIVZON PHARMACEUTICAL GROUP INC.
01515,CHINA RESOURCES MEDICAL HOLDINGS COMPANY LIMITED
01516,SUNAC SERVICES HOLDINGS LIMITED
01518,NEW CENTURY HEALTHCARE HOLDING CO. LIMITED
01519,J&T GLOBAL EXPRESS LIMITED
01520,VIRTUAL MIND HOLDING COMPANY LIMITED
01521,FRONTAGE HOLDINGS CORPORATION
01522,BII RAILWAY TRANSPORTATION TECHNOLOGY HOLDINGS COMPANY LIMITED
01523,PLOVER BAY TECHNOLOGIES LIMITED
01525,SHANGHAI GENCH EDUCATION GROUP LIMITED
01526,RICI HEALTHCARE HOLDINGS LIMITED
01527,"ZHEJIANG TENGY ENVIRONMENTAL TECHNOLOGY CO., LTD"
01528,RED STAR MACALLINE GROUP CORPORATION LTD.
01529,YUES INTERNATIONAL HOLDINGS GROUP LIMITED
01530,3SBIO INC.
01532,CHINA PARTYTIME CULTURE HOLDINGS LIMITED
01536,YUK WING GROUP HOLDINGS LIMITED
01538,ZHONG AO HOME GROUP LIMITED
01539,UNITY GROUP HOLDINGS INTERNATIONAL LIMITED
01540,LEFT FIELD PRINTING GROUP LIMITED
01541,IMMUNEONCO BIOPHARMACEUTICALS (SHANGHAI) INC.
01542,"TAIZHOU WATER GROUP CO., LTD."
01543,"GUANGDONG JOIN-SHARE FINANCING GUARANTEE INVESTMENT CO., LTD."
01545,DESIGN CAPITAL LIMITED
01546,THELLOY DEVELOPMENT GROUP LIMITED
01547,IBI GROUP HOLDINGS LIMITED
01548,GENSCRIPT BIOTECH CORPORATION
01549,EVER HARVEST GROUP HOLDINGS LIMITED
01551,"GUANGZHOU RURAL COMMERCIAL BANK CO., LTD"
01552,BHCC HOLDING LIMITED
01553,MAIKE TUBE INDUSTRY HOLDINGS LIMITED
01555,MIE HOLDINGS CORPORATION
01556,CHINNEY KIN WING HOLDINGS LIMITED
01557,K. H. GROUP HOLDINGS LIMITED
01559,KWAN ON HOLDINGS LIMITED
01560,STAR GROUP ASIA LIMITED
01561,PAN ASIA DATA HOLDINGS INC.
01563,ALLIANCE INTERNATIONAL EDUCATION LEASING HOLDINGS LIMITED
01565,VIRSCEND EDUCATION COMPANY LIMITED
01566,CA CULTURAL TECHNOLOGY GROUP LIMITED
01568,SUNDART HOLDINGS LIMITED
01569,MINSHENG EDUCATION GROUP COMPANY LIMITED
01570,WEIYE HOLDINGS LIMITED
01571,XIN POINT HOLDINGS LIMITED
01572,CHINA ART FINANCIAL HOLDINGS LIMITED
01575,REGAL PARTNERS HOLDINGS LIMITED
01576,QILU EXPRESSWAY COMPANY LIMITED
01577,"QUANZHOU HUIXIN MICRO-CREDIT CO., LTD."
01578,"BANK OF TIANJIN CO., LTD."
01579,YIHAI INTERNATIONAL HOLDING LTD.
01580,DA SEN HOLDINGS GROUP LIMITED
01581,PROGRESSIVE PATH GROUP HOLDINGS LIMITED
01582,CR CONSTRUCTION GROUP HOLDINGS LIMITED
01583,QINQIN FOODSTUFFS GROUP (CAYMAN) COMPANY LIMITED
01585,YADEA GROUP HOLDINGS LTD.
01586,CHINA LEON INSPECTION HOLDING LIMITED
01587,SHINEROAD INTERNATIONAL HOLDINGS LIMITED
01588,CHANJET INFORMATION TECHNOLOGY COMPANY LIMITED
01591,SHUN WO GROUP HOLDINGS LIMITED
01592,ANCHORSTONE HOLDINGS LIMITED
01593,CHEN LIN EDUCATION GROUP HOLDINGS LIMITED
01596,HEBEI YICHEN INDUSTRIAL GROUP CORPORATION LIMITED
01597,CHINA NATURE ENERGY TECHNOLOGY HOLDINGS LIMITED
01598,CHINA 21ST CENTURY EDUCATION GROUP LIMITED
01599,"BEIJING URBAN CONSTRUCTION DESIGN & DEVELOPMENT GROUP CO., LIMITED"
01600,TIAN LUN GAS HOLDINGS LIMITED
01601,"ZHONGGUANCUN SCIENCE-TECH LEASING CO., LTD."
01606,"CHINA DEVELOPMENT BANK FINANCIAL LEASING CO., LTD."
01608,VPOWER GROUP INTERNATIONAL HOLDINGS LIMITED
01609,"STAR SPORTS MEDICINE CO., LTD."
01610,COFCO JOYCOME FOODS LIMITED
01611,BITFIRE GROUP HOLDINGS LIMITED
01612,VINCENT MEDICAL HOLDINGS LIMITED
01613,SYNERTONE COMMUNICATION CORPORATION
01615,AB BUILDERS GROUP LIMITED
01616,A METAVERSE COMPANY
01617,NANFANG COMMUNICATION HOLDINGS LIMITED
01618,METALLURGICAL CORPORATION OF CHINA LTD.
01620,CINESE INTERNATIONAL GROUP HOLDINGS LIMITED
01621,VICO INTERNATIONAL HOLDINGS LIMITED
01622,REDCO PROPERTIES GROUP LIMITED
01623,HILONG HOLDING LIMITED
01626,JIA YAO HOLDINGS LIMITED
01627,ABLE ENGINEERING HOLDINGS LIMITED
01628,YUZHOU GROUP HOLDINGS COMPANY LIMITED
01629,CHAMPION ALLIANCE INTERNATIONAL HOLDINGS LIMITED
01630,KIN SHING HOLDINGS LIMITED
01631,REF HOLDINGS LIMITED
01632,MINSHANG CREATIVE TECHNOLOGY HOLDINGS LIMITED
01633,SHEUNG YUE GROUP HOLDINGS LIMITED
01635,"SHANGHAI DAZHONG PUBLIC UTILITIES (GROUP) CO., LTD."
01636,CHINA METAL RESOURCES UTILIZATION LIMITED
01637,SH GROUP (HOLDINGS) LIMITED
01638,KAISA GROUP HOLDINGS LTD.
01640,QIAN XUN TECHNOLOGY LIMITED
01641,"HONGXING COLDCHAIN (HUNAN) CO., LTD."
01643,"MODERN CHINESE MEDICINE GROUP CO., LTD."
01645,HAINA INTELLIGENT EQUIPMENT INTERNATIONAL HOLDINGS LIMITED
01647,GRANDSHORES TECHNOLOGY GROUP LIMITED
01650,HYGIEIA GROUP LIMITED
01651,PRECISION TSUGAMI (CHINA) CORPORATION LIMITED
01652,FUSEN PHARMACEUTICAL COMPANY LIMITED
01653,MOS HOUSE GROUP LIMITED
01655,OKURA HOLDINGS LIMITED
01656,ISDN HOLDINGS LIMITED
01657,SG GROUP HOLDINGS LIMITED
01658,"POSTAL SAVINGS BANK OF CHINA CO., LTD."
01660,SEVEN ELEMENTS INVESTMENT HOLDINGS LIMITED
01661,CHINA FRONTIER TECHNOLOGY GROUP
01662,YEE HOP HOLDINGS LIMITED
01663,SINO HARBOUR HOLDINGS GROUP LIMITED
01666,TONG REN TANG TECHNOLOGIES CO LTD
01667,DIMMI LIFE HOLDINGS LIMITED
01668,CHINA SOUTH CITY HOLDINGS LIMITED
01669,GLOBAL INTERNATIONAL CREDIT GROUP LIMITED
01671,"TIANJIN TIANBAO ENERGY CO., LTD."
01672,ASCLETIS PHARMA INC.
01673,HUAZHANG TECHNOLOGY HOLDING LIMITED
01675,ASIAINFO TECHNOLOGIES LIMITED
01676,GAODI HOLDINGS LIMITED -10000
01679,RISECOMM GROUP HOLDINGS LIMITED
01680,MACAU LEGEND DEVELOPMENT LIMITED
01681,CONSUN PHARMACEUTICAL GROUP LIMITED
01682,HANG PIN LIVING TECHNOLOGY COMPANY LIMITED
01683,HOPE LIFE INTERNATIONAL HOLDINGS LIMITED
01685,BOER POWER HOLDINGS LIMITED
01686,SUNEVISION HOLDINGS LIMITED
01688,LINGYI ITECH (GUANGDONG) COMPANY
01689,HUAXI HOLDINGS COMPANY LIMITED
01690,LAP KEI ENGINEERING (HOLDINGS) LIMITED
01691,JS GLOBAL LIFESTYLE COMPANY LIMITED
01692,TOWN RAY HOLDNGS LIMITED
01693,BGMC INTERNATIONAL LIMITED
01695,S&P INTERNATIONAL HOLDING LIMITED
01696,SISRAM MEDICAL LTD
01697,"SHANDONG INTERNATIONAL TRUST CO., LTD."
01698,TENCENT MUSIC ENTERTAINMENT GROUP
01701,TU YI HOLDING COMPANY LIMITED
01702,DONGGUANG CHEMICAL LIMITED
01703,EASYHOLD GROUP HOLDINGS LIMITED
01705,B & S INTERNATIONAL HOLDINGS LTD.
01707,GEOTECH HOLDINGS LTD.
01708,NANJING SAMPLE TECHNOLOGY COMPANY LIMITED
01709,DL HOLDINGS GROUP LIMITED
01710,TRIO INDUSTRIAL ELECTRONICS GROUP LIMITED
01711,ULFERTS INTERNATIONAL LIMITED
01712,DRAGON MINING LIMITED
01713,"SICHUAN ENERGY INVESTMENT DEVELOPMENT CO., LTD."
01715,AI HEALTH TECHNOLOGY LIMITED
01716,MOST KWAI CHUNG LIMITED
01717,AUSNUTRIA DAIRY CORPORATION LTD
01718,WAN KEI GROUP HOLDINGS LIMITED
01719,CHINA INFRASTRUCTURE & LOGISTICS GROUP LTD.
01720,PUTIAN COMMUNICATION GROUP LIMITED
01721,FSM HOLDINGS LIMITED
01722,KIN PANG HOLDINGS LIMITED
01723,MOON INC.
01725,CHINA STRATEGIC TECHNOLOGY GROUP LIMITED
01726,HKE HOLDINGS LIMITED
01727,HEBEI CONSTRUCTION GROUP CORPORATION LIMITED
01728,CHINA ZHENGTONG AUTO SERVICES HOLDINGS LIMITED
01729,TIME INTERCONNECT TECHNOLOGY LIMITED
01731,PROSPEROUS INDUSTRIAL (HOLDINGS) LIMITED
01732,XIANGXING INTERNATIONAL HOLDING LIMITED
01733,E-COMMODITIES HOLDINGS LIMITED
01735,CENTRAL NEW ENERGY HOLDING GROUP LIMITED
01736,CHINA PARENTING NETWORK HOLDINGS LIMITED
01737,A & S GROUP (HOLDINGS) LIMITED
01738,FEISHANG ANTHRACITE RESOURCES LIMITED
01739,QEEKA HOME (CAYMAN) INC.
01740,VALUES CULTURAL INVESTMENT LIMITED
01741,SHING CHI HOLDINGS LIMITED
01742,HPC HOLDINGS LIMITED
01745,LVJI TECHNOLOGY HOLDINGS INC.
01746,MAN SHUN GROUP (HOLDINGS) LIMITED
01747,HOME CONTROL INTERNATIONAL LIMITED
01748,XIN YUAN ENTERPRISES GROUP LIMITED
01749,"SHANSHAN BRAND MANAGEMENT CO., LTD."
01750,REM GROUP (HOLDINGS) LIMITED
01751,AI ENERGY ENGINEERING HOLDINGS LIMITED
01752,TOP EDUCATION GROUP LTD
01753,DUIBA GROUP LIMITED
01755,"S-ENJOY SERVICE GROUP CO., LIMITED"
01756,CHINA SCIENCE AND EDUCATION INDUSTRY GROUP LIMITED
01757,GLOBAL CHINESE BUSINESS CLUB
01758,BOJUN EDUCATION COMPANY LIMITED
01759,SINO GAS HOLDINGS GROUP LIMITED
01760,INTRON TECHNOLOGY HOLDINGS LIMITED
01762,WANKA ONLINE INC.
01763,CHINA ISOTOPE & RADIATION CORPORATION
01765,"XJ INTERNATIONAL HOLDINGS CO., LTD."
01766,CRRC CORPORATION LIMITED
01767,TS WONDERS HOLDING LIMITED
01768,"BUSY MING GROUP CO., LTD."
01769,SCHOLAR EDUCATION GROUP
01771,SUNFONDA GROUP HOLDINGS LIMITED
01772,"GANFENG LITHIUM GROUP CO., LTD."
01773,TIANLI INTERNATIONAL HOLDINGS LIMITED
01775,BEXCELLENT GROUP HOLDINGS LIMITED
01776,"GF SECURITIES CO., LTD."
01777,"FANTASIA HOLDINGS GROUP CO., LIMITED"
01778,"COLOUR LIFE SERVICES GROUP CO., LIMITED"
01779,"LONGBIO PHARMA (SUZHOU) CO., LTD."
01780,RONGZUN INTERNATIONAL HOLDINGS GROUP LIMITED
01782,INTERNATIONAL BUSINESS DIGITAL TECHNOLOGY LIMITED
01783,ENVISION GREENWISE HOLDINGS LIMITED
01785,"CHENGDU EXPRESSWAY CO., LTD"
01786,CRCC HIGH-TECH EQUIPMENT CORPORATION LIMITED
01787,"SHANDONG GOLD MINING CO., LTD."
01788,GUOTAI JUNAN INTERNATIONAL HOLDINGS LIMITED
01789,AK MEDICAL HOLDINGS LIMITED
01790,TIL ENVIRO LIMITED
01792,CMON LIMITED
01793,WECON HOLDINGS LIMITED
01795,YADONG GROUP HOLDINGS LIMITED
01796,METASPACEX LIMITED
01797,EAST BUY HOLDING LIMITED
01798,"CHINA DATANG CORPORATION RENEWABLE POWER CO., LIMITED"
01799,"XINTE ENERGY CO., LTD."
01800,CHINA COMMUNICATIONS CONSTRUCTION COMPANY LIMITED
01801,"INNOVENT BIOLOGICS, INC."
01802,WENYE GROUP HOLDINGS LIMITED
01803,BEIJING SPORTS AND ENTERTAINMENT INDUSTRY GROUP LIMITED
01808,ENTERPRISE DEVELOPMENT HOLDINGS LIMITED
01809,PRINX CHENGSHAN HOLDINGS LIMITED
01810,XIAOMI CORPORATION -HKD TRADED SHARES
01811,"CGN NEW ENERGY HOLDINGS CO., LTD."
01812,SHANDONG CHENMING PAPER HOLDINGS LIMITED
01813,KWG GROUP HOLDINGS LIMITED
01815,MOUNT EVEREST GOLD GROUP COMPANY LIMITED
01816,"CGN POWER CO., LTD"
01817,MULSANNE GROUP HOLDING LIMITED
01818,ZHAOJIN MINING INDUSTRY COMPANY LIMITED
01820,PACIFIC MILLENNIUM PACKAGING GROUP CORPORATION
01822,"CHINA WOOD INTERNATIONAL HOLDING CO., LIMITED"
01823,HUAYU EXPRESSWAY GROUP LIMITED
01825,STERLING GROUP HOLDINGS LIMITED
01826,FDB HOLDINGS LIMITED
01827,MIRICOR ENTERPRISES HOLDINGS LIMITED
01828,FWD GROUP HOLDINGS LIMITED
01830,PERFECT MEDICAL HEALTH MANAGEMENT LTD
01831,SHIFANG HOLDING LIMITED
01832,S.A.I. LEISURE GROUP COMPANY LIMITED
01833,PING AN HEALTHCARE AND TECHNOLOGY COMPANY LIMITED
01835,"SHANGHAI REALWAY CAPITAL ASSETS MANAGEMENT CO., LTD."
01836,STELLA INTERNATIONAL HOLDINGS LIMITED
01837,NATURAL FOOD INTERNATIONAL HOLDING LIMITED
01841,A.PLUS GROUP HOLDINGS LIMITED
01842,GROWN UP GROUP INVESTMENT HOLDINGS LIMITED
01843,SNACK EMPIRE HOLDINGS LIMITED
01845,WEIGANG ENVIRONMENTAL TECHNOLOGY HOLDING GROUP LIMITED
01846,EUROEYES INTERNATIONAL EYE CLINIC LIMITED
01847,YCIH GREEN HIGH-PERFORMANCE CONCRETE COMPANY LIMITED
01848,CHINA AIRCRAFT LEASING GROUP HOLDINGS LIMITED
01849,AM GROUP HOLDINGS LIMITED
01850,BEAUTIFUL LIFE GROUP HOLDINGS LIMITED
01851,CHINA GINGKO EDUCATION GROUP COMPANY LIMITED
01853,JILIN PROVINCE CHUNCHENG HEATING COMPANY LIMITED
01854,CHINA WANTIAN HOLDINGS LIMITED
01855,ZONQING ENVIRONMENTAL LIMITED
01856,ERNEST BOREL HOLDINGS LIMITED
01857,CHINA EVERBRIGHT WATER LIMITED
01858,"BEIJING CHUNLIZHENGDA MEDICAL INSTRUMENTS CO., LTD."
01860,MOBVISTA INC.
01861,PRECIOUS DRAGON TECHNOLOGY HOLDINGS LIMITED
01862,JINGRUI HOLDINGS LIMITED
01863,CHINA LONGEVITY GROUP COMPANY LIMITED
01865,PENGO HOLDINGS GROUP LIMITED
01866,CHINA XLX FERTILISER LTD
01867,STANDARD DEVELOPMENT GROUP LIMITED
01868,NEO-NEON HOLDINGS LIMITED
01869,KAFELAKU COFFEE HOLDING LIMITED
01870,ACME INTERNATIONAL HOLDINGS LIMITED
01871,CHINA ORIENTED INTERNATIONAL HOLDINGS LIMITED
01872,GUAN CHAO HOLDINGS LIMITED
01873,VIVA BIOTECH HOLDINGS
01875,BIODLINK INTERNATIONAL COMPANY LIMITED
01876,BUDWEISER BREWING COMPANY APAC LIMITED
01877,"SHANGHAI JUNSHI BIOSCIENCES CO., LTD."
01878,SOUTHGOBI RESOURCES LIMITED
01879,"SHANGHAI XIZHI TECHNOLOGY CO., LTD."
01880,CHINA TOURISM GROUP DUTY FREE CORPORATION LIMITED
01881,REGAL REAL ESTATE INVESTMENT TRUST
01882,HAITIAN INTERNATIONAL HOLDINGS LIMITED
01883,CITIC TELECOM INTERNATIONAL HOLDINGS LIMITED
01884,EPRINT GROUP LIMITED
01888,KINGBOARD LAMINATES HOLDINGS LIMITED
01889,SANAI HEALTH INDUSTRY GROUP COMPANY LIMITED
01890,CHINA KEPEI EDUCATION GROUP LIMITED
01891,HENG HUP HOLDINGS LIMITED
01894,HANG YICK HOLDINGS COMPANY LIMITED
01895,XINYUAN PROPERTY MANAGEMENT SERVICE (CAYMAN) LTD.
01896,MAOYAN ENTERTAINMENT
01897,MILLION HOPE INDUSTRIES HOLDINGS LIMITED
01898,CHINA COAL ENERGY COMPANY LIMITED
01899,XINGDA INTERNATIONAL HOLDINGS LIMITED
01900,"CHINA ITS (HOLDINGS) CO., LTD."
01901,FEIYANG INTERNATIONAL HOLDINGS GROUP LIMITED
01903,JBB BUILDERS INTERNATIONAL LIMITED
01905,"HAITONG UNITRUST INTERNATIONAL FINANCIAL LEASING CO., LTD."
01906,BONNY INTERNATIONAL HOLDING LIMITED
01907,CHINA RISUN GROUP LIMITED
01908,C&D INTERNATIONAL INVESTMENT GROUP LIMITED
01909,FIRE ROCK HOLDINGS LIMITED
01910,SAMSONITE GROUP S.A.
01911,CHINA RENAISSANCE HOLDINGS LIMITED
01912,CONTEL TECHNOLOGY COMPANY LIMITED
01913,PRADA S.P.A.
01915,YANGZHOU GUANGLING DISTRICT TAIHE RURAL MICRO-FINANCE COMPANY LIMITED
01916,"JIANGXI BANK CO., LTD."
01917,DOUMOB
01918,SUNAC CHINA HOLDINGS LIMITED
01919,"COSCO SHIPPING HOLDINGS CO., LTD."
01920,JUNWEA GROUP (CHINA) COMPANY LIMITED
01921,DALIPAL HOLDINGS LIMITED
01925,KWUNG'S AROMA HOLDINGS LIMITED
01927,JIUJIUWANG FOOD INTERNATIONAL LIMITED
01928,SANDS CHINA LTD.
01929,CHOW TAI FOOK JEWELLERY GROUP LIMITED
01930,SHINELONG AUTOMOTIVE LIGHTWEIGHT APPLICATION LIMITED
01931,ETHK LABS INC.
01932,CPM GROUP LIMITED
01933,ONEFORCE HOLDINGS LIMITED
01935,JH EDUCATIONAL TECHNOLOGY INC.
01936,RITAMIX GLOBAL LIMITED
01937,JIACHEN HOLDING GROUP LIMITED
01938,CHU KONG PETROLEUM AND NATURAL GAS STEEL PIPE HOLDINGS LIMITED
01939,SHANGSHAN GOLD INTERNATIONAL HOLDINGS LIMITED
01940,CHINA GAS INDUSTRY INVESTMENT HOLDINGS CO. LTD.
01941,YE XING GROUP HOLDINGS LIMITED
01942,MOG DIGITECH HOLDINGS LIMITED
01943,KING'S STONE HOLDINGS GROUP LIMITED
01945,ZERO2IPO HOLDINGS INC.
01947,"MEIHAO MEDICAL GROUP CO., LTD"
01948,UJU HOLDING LIMITED
01949,PLATT NERA INTERNATIONAL LIMITED
01950,DIWANG INDUSTRIAL HOLDINGS LIMITED
01951,JINXIN FERTILITY GROUP LIMITED
01952,EVEREST MEDICINES LIMITED
01953,RIMBACO GROUP GLOBAL LIMITED
01955,"HONG KONG JOHNSON HOLDINGS CO., LTD."
01956,"BEIJING ZHONGKE WENGEAI SCIENCE AND TECHNOLOGY CO., LTD."
01957,MBV INTERNATIONAL LIMITED
01958,BAIC MOTOR CORPORATION LIMITED
01959,ZHONG JU INVESTMENT GROUP LIMITED
01960,TBK & SONS HOLDINGS LIMITED
01961,INFINITIES TECHNOLOGY INTERNATIONAL (CAYMAN) HOLDING LIMITED
01962,EVERGREEN PRODUCTS GROUP LIMITED
01963,"BANK OF CHONGQING CO., LTD."
01965,LANDSEA GREEN LIFE SERVICE COMPANY LIMITED
01966,CHINA SCE GROUP HOLDINGS LIMITED
01967,CONFIDENCE INTELLIGENCE HOLDINGS LIMITED
01968,HINGTEX HOLDINGS LIMITED
01969,"CHINA CHUNLAI EDUCATION GROUP CO., LTD."
01970,"IMAX CHINA HOLDING, INC."
01971,REDSUN SERVICES GROUP LIMITED
01972,SWIRE PROPERTIES LIMITED
01973,"TIAN TU CAPITAL CO., LTD."
01975,SUN HING PRINTING HOLDINGS LIMITED
01977,ANALOGUE HOLDINGS LIMITED
01978,LH GROUP LIMITED
01979,TEN PAO GROUP HOLDINGS LIMITED
01980,TIAN GE INTERACTIVE HOLDINGS LIMITED
01981,CATHAY GROUP HOLDINGS INC.
01982,NAMESON HOLDINGS LIMITED
01983,"LUZHOU BANK CO., LTD."
01985,MICROWARE GROUP LIMITED
01986,"TSAKER NEW ENERGY TECH CO., LIMITED"
01987,BENG SOON MACHINERY HOLDINGS LIMITED
01988,"CHINA MINSHENG BANKING CORP., LTD."
01989,DELTON TECHNOLOGY (GUANGZHOU) INC.
01991,TA YANG GROUP HOLDINGS LIMITED
01993,ASIARAY MEDIA GROUP LIMITED
01995,EVER SUNSHINE SERVICES GROUP LIMITED
01996,REDSUN PROPERTIES GROUP LIMITED
01997,WHARF REAL ESTATE INVESTMENT COMPANY LIMITED
01999,MAN WAH HOLDINGS LIMITED
02000,SIM TECHNOLOGY GROUP LIMITED
02001,CHINA NEW HIGHER EDUCATION GROUP LIMITED
02002,CHINA SUNSHINE PAPER HOLDINGS COMPANY LIMITED
02003,VCREDIT HOLDINGS LIMITED
02005,SSY GROUP LIMITED
02007,COUNTRY GARDEN HOLDINGS COMPANY LIMITED
02008,PHOENIX MEDIA INVESTMENT (HOLDINGS) LIMITED
02009,BBMG CORPORATION
02011,GILSTON GROUP LIMITED
02012,SUNSHINE OILSANDS LTD.
02013,WEIMOB INC.
02015,LI AUTO INC.
02016,"CHINA ZHESHANG BANK CO., LTD."
02017,CHANHIGH HOLDINGS LIMITED
02018,AAC TECHNOLOGIES HOLDINGS INC.
02020,ANTA SPORTS PRODUCTS LIMITED -HKD TRADED SHARES
02022,DIGITAL HOLLYWOOD INTERACTIVE LIMITED
02023,CHINA LUDAO TECHNOLOGY COMPANY LIMITED
02025,RUIFENG POWER GROUP COMPANY LIMITED
02026,PONY AI INC.
02028,JOLIMARK HOLDINGS LIMITED
02030,CABBEEN FASHION LIMITED
02031,AUSUPREME INTERNATIONAL HOLDINGS LIMITED
02033,TIME WATCH INVESTMENTS LIMITED
02038,FIH MOBILE LIMITED
02039,"CHINA INTERNATIONAL MARINE CONTAINERS (GROUP) CO., LTD."
02048,E-HOUSE (CHINA) ENTERPRISE HOLDINGS LIMITED
02050,"ZHEJIANG SANHUA INTELLIGENT CONTROLS CO., LTD."
02051,VALA INC.
02057,ZTO EXPRESS (CAYMAN) INC.
02068,CHINA ALUMINUM INTERNATIONAL ENGINEERING CORPORATION LIMITED
02076,KANZHUN LIMITED
02078,PANASIALUM HOLDINGS COMPANY LIMITED
02080,AUX INTERNATIONAL HOLDINGS LIMITED
02086,LEADWAY TECHNOLOGY INVESTMENT GROUP LIMITED
02088,XIWANG PROPERTY HOLDINGS COMPANY LIMITED
02096,SIMCERE PHARMACEUTICAL GROUP LIMITED
02097,MIXUE GROUP
02098,ZALL SMART COMMERCE GROUP LTD.
02099,CHINA GOLD INTERNATIONAL RESOURCES CORP. LTD.
02100,BAIOO FAMILY INTERACTIVE LIMITED
02101,FULU HOLDINGS LIMITED
02102,TAK LEE MACHINERY HOLDINGS LIMITED
02105,"LAEKNA, INC."
02107,FIRST SERVICE HOLDING LIMITED
02108,K2 F&B HOLDINGS LIMITED
02110,TIAN CHENG HOLDINGS LIMITED
02111,BEST PACIFIC INTERNATIONAL HOLDINGS LIMITED
02112,GRACE LIFE-TECH HOLDINGS LIMITED
02113,CENTURY GROUP INTERNATIONAL HOLDINGS LIMITED
02116,JIANGSU INNOVATIVE ECOLOGICAL NEW MATERIALS LIMITED
02119,TSIT WING INTERNATIONAL HOLDINGS LIMITED
02120,"WENZHOU KANGNING HOSPITAL CO., LTD."
02121,"AINNOVATION TECHNOLOGY GROUP CO., LTD"
02122,KIDSLAND INTERNATIONAL HOLDINGS LIMITED
02125,STRAWBEAR ENTERTAINMENT GROUP
02126,JW (CAYMAN) THERAPEUTICS CO. LTD
02127,HUISEN SHARES GROUP LIMITED
02128,CHINA LESSO GROUP HOLDINGS LIMITED
02129,LEGION CONSORTIUM LIMITED
02130,CN LOGISTICS INTERNATIONAL HOLDINGS LIMITED
02131,NETJOY HOLDINGS LIMITED
02132,LANDRICH HOLDING LIMITED
02135,RAILY AESTHETIC MEDICINE INTERNATIONAL HOLDINGS LIMITED
02136,LIFESTYLE CHINA GROUP LIMITED
02137,BRII BIOSCIENCES LIMITED
02138,EC HEALTHCARE
02139,"BANK OF GANSU CO., LTD."
02142,HBM HOLDINGS LIMITED
02145,"SHANGHAI CHICMAX COSMETIC CO., LTD."
02146,"ROISERV LIFESTYLE SERVICES CO., LTD."
02147,ZHENGWEI GROUP HOLDINGS COMPANY LIMITED
02149,"BATELAB CO., LTD."
02150,NAYUKI HOLDINGS LIMITED
02152,"SUXIN JOYFUL LIFE SERVICES CO., LTD."
02153,"TAT HONG EQUIPMENT SERVICE CO., LTD."
02155,MORIMATSU INTERNATIONAL HOLDINGS COMPANY LIMITED
02156,"C&D PROPERTY MANAGEMENT GROUP CO., LTD"
02157,"LEPU BIOPHARMA CO., LTD."
02158,YIDU TECH INC.
02159,MEDIWELCOME HEALTHCARE MANAGEMENT & TECHNOLOGY INC.
02160,MICROPORT CARDIOFLOW MEDTECH CORPORATION
02161,JBM (HEALTHCARE) LIMITED
02162,KEYMED BIOSCIENCES INC.
02163,"CHANGSHA BROAD HOMES INDUSTRIAL GROUP CO., LTD."
02165,LING YUE SERVICES GROUP LIMITED
02166,SMART-CORE HOLDINGS LIMITED
02167,TI CLOUD INC.
02168,KAISA PROSPERITY HOLDINGS LIMITED
02169,CANGGANG RAILWAY LIMITED
02170,SUZHOU BASECARE MEDICAL CORPORATION LIMITED
02171,CARSGEN THERAPEUTICS HOLDINGS LIMITED
02172,MICROPORT NEUROSCIENTIFIC CORPORATION
02175,CHINA GENERAL EDUCATION GROUP LIMITED
02176,CCID CONSULTING COMPANY LIMITED
02177,UNQ HOLDINGS LIMITED
02178,PETRO-KING OILFIELD SERVICES LIMITED
02179,"JIANGSU RECBIO TECHNOLOGY CO., LTD."
02180,MANPOWERGROUP GREATER CHINA LIMITED
02181,MABPHARM LIMITED
02182,TIAN CHANG GROUP HOLDINGS LTD.
02185,"SHANGHAI BIO-HEART BIOLOGICAL TECHNOLOGY CO., LTD."
02186,LUYE PHARMA GROUP LTD.
02187,ZHIXIN GROUP HOLDING LIMITED
02188,CHINA TITANS ENERGY TECHNOLOGY GROUP CO LIMITED
02189,KATO (HONG KONG) HOLDINGS LIMITED
02190,"ZYLOX-TONBRIDGE MEDICAL TECHNOLOGY CO., LTD."
02191,SF REAL ESTATE INVESTMENT TRUST
02192,"MEDLIVE TECHNOLOGY CO., LTD."
02193,MAN KING HOLDINGS LIMITED
02195,UNITY ENTERPRISE HOLDINGS LIMITED
02196,"SHANGHAI FOSUN PHARMACEUTICAL (GROUP) CO., LTD."
02197,"CLOVER BIOPHARMACEUTICALS, LTD."
02198,CHINA SANJIANG FINE CHEMICALS COMPANY LIMITED
02199,REGINA MIRACLE INTERNATIONAL (HOLDINGS) LIMITED
02202,"CHINA VANKE CO., LTD."
02203,BRAINHOLE TECHNOLOGY LIMITED
02205,KANGQIAO SERVICE GROUP LIMITED
02208,"GOLDWIND SCIENCE&TECHNOLOGY CO., LTD."
02209,YESASIA HOLDINGS LIMITED
02210,"BEIJING CAPITAL JIAYE PROPERTY SERVICES CO., LIMITED"
02211,UNIVERSAL HEALTH INTERNATIONAL GROUP HOLDING LIMITED
02212,FUTURE BRIGHT MINING HOLDINGS LIMITED
02215,DEXIN SERVICES GROUP LIMITED
02216,BRONCUS HOLDING CORPORATION
02218,"YANTAI NORTH ANDRE JUICE CO., LTD."
02219,CHAOJU EYE CARE HOLDINGS LIMITED
02221,NEW CONCEPTS HOLDINGS LIMITED
02222,NVC INTERNATIONAL HOLDINGS LIMITED
02223,CASABLANCA GROUP LIMITED
02225,JINHAI MEDICAL TECHNOLOGY LIMITED
02226,HONWORLD GROUP LIMITED
02227,SOLIS HOLDINGS LIMITED
02228,XTALPI HOLDINGS LIMITED
02230,MEDIALINK GROUP LIMITED
02231,JY GRANDMARK HOLDINGS LIMITED
02232,CRYSTAL INTERNATIONAL GROUP LIMITED
02233,WEST CHINA CEMENT LIMITED
02235,"MICROTECH MEDICAL (HANGZHOU) CO., LTD."
02236,WISON ENGINEERING SERVICES CO. LTD.
02237,CHINA GRAPHITE GROUP LIMITED
02238,"GUANGZHOU AUTOMOBILE GROUP CO., LTD."
02239,SMIT HOLDINGS LIMITED
02245,"LYGEND RESOURCES & TECHNOLOGY CO., LTD."
02246,GOGOX HOLDINGS LIMITED
02250,B.DUCK SEMK HOLDINGS INTERNATIONAL LIMITED
02251,"BEIJING AIRDOC TECHNOLOGY CO., LTD."
02252,"SHANGHAI MICROPORT MEDBOT (GROUP) CO., LTD."
02255,HAICHANG OCEAN PARK HOLDINGS LTD.
02256,ABBISKO CAYMAN LIMITED
02257,SIRNAOMICS LTD.
02258,WATTS INTERNATIONAL MARITIME COMPANY LIMITED
02259,ZIJIN GOLD INTERNATIONAL COMPANY LIMITED
02260,VANOV HOLDINGS COMPANY LIMITED
02262,STEVE LEUNG DESIGN GROUP LIMITED
02263,FU SHEK FINANCIAL HOLDINGS LIMITED
02265,HONGCHENG ENVIRONMENTAL TECHNOLOGY COMPANY LIMITED
02266,LAI SI ENTERPRISE HOLDING LIMITED
02268,WUXI XDC CAYMAN INC.
02269,WUXI BIOLOGICS (CAYMAN) INC.
02270,"DESUN REAL ESTATE INVESTMENT SERVICES GROUP CO., LTD."
02271,ZHONG AN INTELLIGENT LIVING SERVICE LIMITED
02272,KEYTOP PARKING INC.
02273,GUSHENGTANG HOLDINGS LIMITED
02276,"SHANGHAI CONANT OPTICAL CO., LTD."
02279,"YONGHE MEDICAL GROUP CO., LTD."
02280,HC GROUP INC.
02281,"LUZHOU XINGLU WATER (GROUP) CO., LTD."
02282,MGM CHINA HOLDINGS LIMITED
02283,TK GROUP (HOLDINGS) LIMITED
02285,CHERVON HOLDINGS LIMITED
02286,CHEN XING DEVELOPMENT HOLDINGS LIMITED
02288,RYKADAN CAPITAL LIMITED
02289,"CHARMACY PHARMACEUTICAL CO., LTD."
02290,LUNG FUNG GROUP HOLDINGS LIMITED
02291,"LEPU SCIENTECH MEDICAL TECHNOLOGY (SHANGHAI) CO., LTD."
02293,BAMBOOS HEALTH CARE HOLDINGS LIMITED
02295,MAXICITY HOLDINGS LIMITED
02297,RAINMED MEDICAL LIMITED
02298,COSMO LADY (CHINA) HOLDINGS COMPANY LIMITED
02299,BILLION INDUSTRIAL HOLDINGS LIMITED
02302,CNNC INTERNATIONAL LIMITED
02306,YH ENTERTAINMENT GROUP
02307,KAM HING INTERNATIONAL HOLDINGS LIMITED
02309,ZO FUTURE GROUP
02310,TIMES UNIVERSAL GROUP HOLDINGS LIMITED
02312,LONG INVESTMENT CORP
02313,SHENZHOU INTERNATIONAL GROUP HOLDINGS LIMITED
02314,LEE & MAN PAPER MANUFACTURING LIMITED
02315,"BIOCYTOGEN PHARMACEUTICALS (BEIJING) CO., LTD."
02317,VEDAN INTERNATIONAL (HOLDINGS) LIMITED
02318,"PING AN INSURANCE (GROUP) COMPANY OF CHINA, LTD.-HKD TRADED SHARES"
02319,CHINA MENGNIU DAIRY COMPANY LIMITED
02320,HOP FUNG GROUP HOLDINGS LIMITED
02321,SWANG CHAI CHUAN LIMITED
02322,MODERN INNOVATIVE DIGITAL TECHNOLOGY COMPANY LIMITED
02323,RENCO HOLDINGS GROUP LIMITED
02324,CAPITAL VC LIMITED
02325,YUNKANG GROUP LIMITED
02326,NEW PROVENANCE EVERLASTING HOLDINGS LIMITED
02327,MEILLEURE HEALTH INTERNATIONAL INDUSTRY GROUP LIMITED
02328,PICC PROPERTY AND CASUALTY COMPANY LIMITED
02329,GLORY HEALTH INDUSTRY LIMITED
02330,CHINA UPTOWN GROUP COMPANY LIMITED
02331,LI NING COMPANY LIMITED -HKD TRADED SHARES
02333,GREAT WALL MOTOR COMPANY LIMITED -HKD TRADED SHARES
02335,"SHAANXI MICOT PHARMACEUTICAL TECHNOLOGY CO., LTD."
02336,SHUOAO INTERNATIONAL HOLDINGS LIMITED
02337,UNITED STRENGTH POWER HOLDINGS LIMITED
02338,"WEICHAI POWER CO., LTD."
02339,BEIJINGWEST INDUSTRIES INTERNATIONAL LIMITED
02340,ISP HOLDINGS LIMITED
02342,COMBA TELECOM SYSTEMS HOLDINGS LIMITED
02343,PACIFIC BASIN SHIPPING LIMITED
02347,YOHO GROUP HOLDINGS LIMITED
02348,DAWNRAYS PHARMACEUTICAL (HOLDINGS) LIMITED
02349,CHINA CITY INFRASTRUCTURE GROUP LIMITED
02350,MTT GROUP HOLDINGS LIMITED
02352,DOWELL SERVICE GROUP CO. LIMITED
02355,BAOYE GROUP COMPANY LIMITED
02356,DAH SING BANKING GROUP LIMITED
02357,AVICHINA INDUSTRY & TECHNOLOGY COMPANY LIMITED
02358,JIU RONG HOLDINGS LIMITED
02359,"WUXI APPTEC CO., LTD."
02360,BEST MART 360 HOLDINGS LIMITED
02361,SINOHEALTH TECHNOLOGY HOLDINGS LIMITED
02362,JINCHUAN GROUP INTERNATIONAL RESOURCES CO. LTD.
02363,TONGDA HONG TAI HOLDINGS LIMITED
02367,"GIANT BIOGENE HOLDING CO., LTD"
02368,EAGLE NICE (INTERNATIONAL) HOLDINGS LIMITED
02369,COOLPAD GROUP LIMITED
02370,REDCO HEALTHY LIVING COMPANY LIMITED
02371,CHUANGLIAN HOLDINGS LIMITED
02372,WEILI HOLDINGS LIMITED
02373,BEAUTY FARM MEDICAL AND HEALTH INDUSTRY INC.
02376,"LUSHANG LIFE SERVICES CO., LTD."
02377,"CHINA BOQI ENVIRONMENTAL (HOLDING) CO., LTD."
02378,PRUDENTIAL PLC
02380,CHINA POWER INTERNATIONAL DEVELOPMENT LIMITED
02381,SMC ELECTRIC LIMITED
02382,SUNNY OPTICAL TECHNOLOGY (GROUP) COMPANY LIMITED
02383,TOM GROUP LIMITED
02385,READBOY EDUCATION HOLDING COMPANY LIMITED
02386,"SINOPEC ENGINEERING (GROUP) CO., LTD."
02388,BOC HONG KONG (HOLDINGS) LIMITED -HKD TRADED SHARES
02389,BEIJING HEALTH (HOLDINGS) LIMITED
02390,ZHIHU INC.
02391,TUYA INC.
02392,XUAN WU CLOUD TECHNOLOGY HOLDINGS LIMITED
02393,YESTAR HEALTHCARE HOLDINGS COMPANY LIMITED
02396,B&K CORPORATION LIMITED
02399,CHINA ANCHU ENERGY STORAGE GROUP LIMITED
02400,XD INC.
02402,"BEIJING SINOHYTEC CO., LTD."
02405,POWERWIN TECH GROUP LIMITED
02407,GAUSH MEDITECH LTD
02408,GUANGZHOU XIAO NOODLES CATERING MANAGEMENT CO. LTD.
02409,SEACON SHIPPING GROUP HOLDINGS LIMITED
02410,"TYK MEDICINES, INC"
02411,SHENZHEN PAGODA INDUSTRIAL (GROUP) CORPORATION LIMITED
02415,MEDSCI HEALTHCARE HOLDINGS LIMITED
02416,EDIANYUN LIMITED
02418,"DEEWIN TIANXIA CO., LTD"
02419,DEKON FOOD AND AGRICULTURE GROUP
02420,ZIBUYU GROUP LIMITED
02421,KRP DEVELOPMENT HOLDINGS LIMITED
02422,"REGO INTERACTIVE CO., LTD"
02423,KE HOLDINGS INC.
02425,AUSTASIA GROUP LTD.
02427,"GUANZE MEDICAL INFORMATION INDUSTRY (HOLDING) CO., LTD."
02429,BEIJING UBOX ONLINE TECHNOLOGY CORP.
02431,"MINIEYE TECHNOLOGY CO., LTD"
02432,SHENZHEN DOBOT CORP LTD
02433,ZHONGTIAN CONSTRUCTION (HUNAN) GROUP LIMITED
02436,LX TECHNOLOGY GROUP LIMITED
02438,MOBVOI INC.
02439,CHINA TREASURES NEW MATERIALS GROUP LTD.
02440,"MEMESTRATEGY, INC."
02442,EASY SMART GROUP HOLDINGS LIMITED
02443,AUTOSTREETS DEVELOPMENT LIMITED
02450,"HUAIBEI GREENGOLD INDUSTRY INVESTMENT CO., LTD."
02451,LUYUAN GROUP HOLDING (CAYMAN) LIMITED
02453,"CONCORD HEALTHCARE GROUP CO., LTD."
02455,RUNHUA LIVING SERVICE GROUP HOLDINGS LIMITED
02457,BUYANG INTERNATIONAL HOLDING INC
02458,GALA TECHNOLOGY HOLDING LIMITED
02459,SANERGY GROUP LIMITED
02460,CHINA RESOURCES BEVERAGE (HOLDINGS) COMPANY LIMITED
02461,SYNAGISTICS LIMITED WARRANTS 2029
02465,"JIANGSU LOPAL TECH. GROUP CO., LTD."
02469,FENBI LTD.
02473,XXF GROUP HOLDINGS LIMITED
02476,"VICTORY GIANT TECHNOLOGY (HUIZHOU) CO., LTD."
02477,"WELLCELL HOLDINGS CO., LIMITED"
02478,APAC RESOURCES LIMITED WARRANTS 2027
02479,"TIANJU DIHE (SUZHOU) TECHNOLOGY CO., LTD."
02480,"BEIJING LUZHU BIOTECHNOLOGY CO., LTD."
02481,"SL GEMINI ENERGY CO., LTD"
02482,"LOGORY LOGISTICS TECHNOLOGY CO., LTD."
02483,K CASH CORPORATION LIMITED
02486,PLUS GROUP HOLDINGS INC.
02487,CUTIA THERAPEUTICS
02488,LAUNCH TECH COMPANY LIMITED
02489,PERSISTENCE GOLD GROUP LTD
02490,"LC LOGISTICS, INC."
02493,"MABWELL (SHANGHAI) BIOSCIENCE CO., LTD."
02495,"VOICECOMM TECHNOLOGY CO., LTD."
02496,"WUHAN YZY BIOPHARMA CO., LTD."
02497,"FUJING HOLDINGS CO., LIMITED"
02498,"ROBOSENSE TECHNOLOGY CO., LTD"
02499,"FOLANGSI CO., LTD"
02500,VENUS MEDTECH (HANGZHOU) INC.
02501,MAIYUE TECHNOLOGY LIMITED
02502,"HENAN JINYUAN HYDROGENATED CHEMICALS CO., LTD."
02503,ZHONGSHEN JIANYE HOLDING LIMITED
02505,EDA GROUP HOLDINGS LIMITED
02506,"XUNFEI HEALTHCARE TECHNOLOGY CO., LTD."
02507,CIRRUS AIRCRAFT LIMITED
02508,SAINT BELLA GROUP LIMITED
02509,"QYUNS THERAPEUTICS CO., LTD."
02510,T.S. LINES LIMITED
02511,"HIGHTIDE THERAPEUTICS, INC."
02512,CLOUD FACTORY TECHNOLOGY HOLDINGS LIMITED
02513,KNOWLEDGE ATLAS TECHNOLOGY JOINT STOCK COMPANY LIMITED
02515,"TIANJIN CONSTRUCTION DEVELOPMENT GROUP CO., LTD."
02516,FAR INTERNATIONAL HOLDINGS GROUP COMPANY LIMITED
02517,"GUOQUAN FOOD (SHANGHAI) CO., LTD."
02518,AUTOHOME INC.
02519,"AUGROUP (SHENZHEN) CROSS-BORDER BUSINESS CO., LTD."
02520,"SHANXI INSTALLATION GROUP CO., LTD."
02521,SHENGHUI CLEANNESS GROUP HOLDINGS LIMITED
02522,"JIANGXI RIMAG GROUP CO., LTD."
02525,HESAI GROUP
02526,"HANGZHOU DIAGENS BIOTECHNOLOGY CO., LTD."
02528,FORWARD FASHION (INTERNATIONAL) HOLDINGS COMPANY LIMITED
02529,"HOLLWIN URBAN OPERATION SERVICE GROUP CO., LTD"
02530,NUMANS HEALTH FOOD HOLDINGS COMPANY LIMITED
02531,GL-CARLINK TECHNOLOGY HOLDING LIMITED
02533,BLACK SESAME INTERNATIONAL HOLDING LIMITED
02535,WK GROUP (HOLDINGS) LIMITED
02536,PALASINO HOLDINGS LIMITED
02539,"LEMO SERVICES CO., LTD"
02540,LESI GROUP LIMITED
02543,"DAHON TECH (SHENZHEN) CO., LTD."
02545,ZHONGGAN COMMUNICATION (GROUP) HOLDINGS LIMITED
02546,"XIZANG ZHIHUI MINING CO., LTD."
02549,CAROTE LTD
02550,EASOU TECHNOLOGY HOLDINGS LIMITED
02551,"APT ELECTRONICS CO., LTD."
02552,HUA MEDICINE
02553,"BEIJING SHOUGANG LANZATECH TECHNOLOGY CO., LTD."
02555,"SICHUAN BAICHA BAIDAO INDUSTRIAL CO., LTD."
02556,MARKETINGFORCE MANAGEMENT LTD
02558,"JINSHANG BANK CO., LTD."
02559,DIDA INC.
02560,"ANHUI CONCH MATERIAL TECHNOLOGY CO., LTD."
02561,VISEN PHARMACEUTICALS
02562,SYNAGISTICS LIMITED
02563,"BEIJING BIOSTAR PHARMACEUTICALS CO., LTD."
02565,"PEGBIO CO., LTD."
02566,"HANGZHOU JIUYUAN GENETIC BIOPHARMACEUTICAL CO., LTD."
02567,QINIU LIMITED
02569,SOFT INTERNATIONAL GROUP LTD
02570,SHANGHAI REFIRE GROUP LIMITED
02571,"BEIJING SAIMO TECHNOLOGY CO., LTD."
02572,ZG GROUP WARRANTS 2030
02573,"NEWTREND GROUP HOLDING CO., LTD."
02575,"XUANZHU BIOPHARMACEUTICAL CO., LTD."
02576,"ZHEJIANG TAIMEI MEDICAL TECHNOLOGY CO., LTD."
02577,"INNOSCIENCE (SUZHOU) TECHNOLOGY HOLDING CO., LTD."
02579,"CNGR ADVANCED MATERIAL CO., LTD."
02580,"AUX ELECTRIC CO., LTD."
02581,BENQ BM HOLDING CAYMAN CORP.
02582,"JIANGSU GUOFU HYDROGEN ENERGY EQUIPMENT CO., LTD."
02583,"SHENZHEN HIPINE PRECISION TECHNOLOGY CO., LTD."
02585,"MOKINGRAN JEWELLERY GROUP CO., LTD."
02586,DMALL INC.
02587,HEALTHYWAY INC.
02588,BOC AVIATION LIMITED
02589,"AUNTEA JENNY (SHANGHAI) INDUSTRIAL CO., LTD."
02590,"BEIJING GEEKPLUS TECHNOLOGY CO., LTD."
02591,"GUANGZHOU INNOGEN PHARMACEUTICAL GROUP CO., LTD."
02592,CLOUDBREAK PHARMA INC.
02593,HERBS GENERATION GROUP HOLDINGS LIMITED
02595,GENFLEET THERAPEUTICS (SHANGHAI) INC.
02596,"YIBIN CITY COMMERCIAL BANK CO., LTD"
02597,"BEIJING XUNZHONG COMMUNICATION TECHNOLOGY CO., LTD."
02598,"LIANLIAN DIGITECH CO., LTD."
02600,ALUMINUM CORPORATION OF CHINA LIMITED
02601,CHINA PACIFIC INSURANCE (GROUP) CO. LTD.
02602,ONEWO INC.
02603,"XIAMEN JIHONG CO., LTD"
02605,METALIGHT INC.
02607,"SHANGHAI PHARMACEUTICALS HOLDING CO., LTD."
02608,SUNSHINE 100 CHINA HOLDINGS LTD
02609,BAYZED HEALTH GROUP INC
02610,NANSHAN ALUMINIUM INTERNATIONAL HOLDINGS LIMITED
02611,"GUOTAI HAITONG SECURITIES CO., LTD."
02612,CSI PROPERTIES LIMITED WARRANTS 2027
02613,"CONTIOCEAN ENVIRONMENT TECH GROUP CO., LTD."
02616,CSTONE PHARMACEUTICALS
02617,"TRANSTHERA SCIENCES (NANJING), INC."
02618,"JD LOGISTICS, INC."
02619,"X.J. ELECTRICS (HU BEI) GROUP CO., LTD"
02621,SHOUHUI GROUP LIMITED
02623,HONG KONG GOLD INDUSTRY GROUP LIMITED
02625,JIANGSU HORIZON CHAIN SUPERMARKET COMPANY LIMITED
02627,"AB&B BIO-TECH CO.,LTD. JS"
02628,CHINA LIFE INSURANCE COMPANY LIMITED
02629,MIRXES HOLDING COMPANY LIMITED
02630,"VIGONVITA LIFE SCIENCES CO., LTD."
02631,"SICC CO., LTD."
02632,"JIANGSU NEW VISION AUTOMOTIVE ELECTRONICS CO., LTD."
02633,JACOBSON PHARMA CORPORATION LIMITED
02635,"NUOBIKAN ARTIFICIAL INTELLIGENCE TECHNOLOGY (CHENGDU) CO., LTD."
02637,"FUJIAN HAIXI PHARMACEUTICALS CO., LTD."
02638,HK ELECTRIC INVESTMENTS AND HK ELECTRIC INVESTMENTS LIMITED
02643,CAOCAO INC.
02648,"ANJOY FOODS GROUP CO., LTD."
02649,"ALSCO POOLING SERVICE CO., LTD."
02650,"SHANGHAI ZHIDA TECHNOLOGY DEVELOPMENT CO., LTD."
02651,"WUHAN DAZHONG DENTAL MEDICAL CO., LTD."
02652,"CF PHARMTECH, INC."
02655,"GUOXIA TECHNOLOGY CO., LTD."
02656,160 HEALTH INTERNATIONAL LIMITED
02657,"SHANGHAI FOREST CABIN COSMETICS GROUP CO., LTD."
02658,"GUANGDONG TIANYU SEMICONDUCTOR CO., LTD."
02659,"SHANGHAI BAO PHARMACEUTICALS CO., LTD."
02660,ZENGAME TECHNOLOGY HOLDING LIMITED
02661,QINGSONG HEALTH CORPORATION
02663,KPA-BM HOLDINGS LIMITED
02665,SEYOND HOLDINGS LTD.
02666,GENERTEC UNIVERSAL MEDICAL GROUP COMPANY LIMITED
02668,PAK TAK INTERNATIONAL LIMITED
02669,CHINA OVERSEAS PROPERTY HOLDINGS LIMITED
02670,"BEIJING YUNJI TECHNOLOGY CO., LTD."
02671,"USAS BUILDING SYSTEM (SHANGHAI) CO., LTD."
02672,"BAIGE ONLINE DIGITAL TECHNOLOGY CO., LTD."
02673,SEYOND HOLDINGS LTD. WARRANT 2030
02675,"SHENZHEN EDGE MEDICAL CO., LTD."
02676,"SUZHOU NOVOSENSE MICROELECTRONICS CO., LTD."
02677,DISTINCT HEALTHCARE HOLDINGS LIMITED
02678,TEXHONG INTERNATIONAL GROUP LIMITED
02680,INNOVAX HOLDINGS LIMITED
02682,YUN LEE MARINE GROUP HOLDINGS LIMITED
02683,WAH SUN HANDBAGS INTERNATIONAL HOLDINGS LIMITED
02685,QUANTGROUP HOLDING LIMITED
02687,"SHANGHAI ABLE DIGITAL SCIENCE&TECH CO., LTD."
02688,ENN ENERGY HOLDINGS LIMITED
02689,NINE DRAGONS PAPER (HOLDINGS) LIMITED
02691,"NANHUA FUTURES CO., LTD."
02692,"SHENZHEN ZHAOWEI MACHINERY & ELECTRONICS CO., LTD."
02693,"ANHUI JINYAN KAOLIN NEW MATERIALS CO., LTD."
02695,"IMPRESSION DAHONGPAO CO., LTD."
02696,"SHANGHAI HENLIUS BIOTECH, INC."
02697,"GUANGDONG TRUE HEALTH MEDICAL TECHNOLOGY DEVELOPMENT CO., LTD."
02698,SOFTCARE LIMITED
02699,XINMING CHINA HOLDINGS LIMITED -NEW
02700,GREEN INTERNATIONAL HOLDINGS LIMITED
02701,NSING TECHNOLOGIES INC.
02706,"BEIJING HAIZHI TECHNOLOGY GROUP CO., LTD."
02714,"MUYUAN FOODS GROUP CO., LTD."
02715,"ESTUN AUTOMATION CO., LTD"
02718,MININGLAMP TECHNOLOGY
02720,RIDGE OUTDOOR INTERNATIONAL LIMITED
02722,"CHONGQING MACHINERY & ELECTRIC CO., LTD."
02723,"BEIJING DEEPZERO TECHNOLOGY CO., LTD."
02726,"EPIWORLD INTERNATIONAL CO., LTD."
02727,SHANGHAI ELECTRIC GROUP COMPANY LIMITED
02728,JINTAI ENERGY HOLDINGS LIMITED
02729,"ZHEJIANG GALAXIS TECHNOLOGY GROUP CO., LTD."
02738,HUAJIN INTERNATIONAL HOLDINGS LIMITED
02768,"QINGDAO GON TECHNOLOGY CO., LTD."
02772,ZHONGLIANG HOLDINGS GROUP COMPANY LIMITED
02777,"GUANGZHOU R&F PROPERTIES CO., LTD."
02778,CHAMPION REAL ESTATE INVESTMENT TRUST
02779,CHINA XINHUA EDUCATION GROUP LIMITED
02788,CHUANGXIN INDUSTRIES HOLDINGS LIMITED
02789,YUANDA CHINA HOLDINGS LIMITED
02798,PERENNIAL ENERGY HOLDINGS LIMITED
02799,"CHINA CITIC FINANCIAL ASSET MANAGEMENT CO., LTD."
02800,TRACKER FUND OF HONG KONG -HKD TRADED UNITS
02801,ISHARES CORE MSCI CHINA ETF
02802,CSOP HSCEI COVERED CALL ACTIVE ETF
02803,PREMIA CSI CAIXIN CHINA BEDROCK ECONOMY ETF-HKD TRADED UNITS
02804,PREMIA VIETNAM ETF -HKD COUNTER
02805,GALAXY BOSERA MSCI CHINA ASEAN ECONOMIC LINKAGE SELECT INDEX ETF-HKD COUNTER
02806,GLOBAL X CHINA CONSUMER BRAND ETF - HKD TRADED SHARES
02807,GLOBAL X CHINA ROBOTICS AND AI ETF - HKD TRADED SHARES
02809,GLOBAL X CHINA CLEAN ENERGY ETF - HKD TRADED SHARES
02810,PREMIA DOW JONES EMERGING ASEAN TITANS 100 ETF-HKD TRADED UNITS
02812,SAMSUNG CSI CHINA DRAGON INTERNET ETF - HKD TRADED UNIT
02814,SAMSUNG NYSE FANG+ETF -HKD TRADED UNITS
02815,GLOBAL X CHINA LITTLE GIANT ETF
02817,PREMIA CHINA TREASURY AND POLICY BANK BOND LONG DURATION ETF-HKD TRADED UNITS
02818,PANDO BITCOIN ETF
02819,ABF HONG KONG BOND INDEX FUND
02820,GLOBAL X CHINA BIOTECH ETF -HKD TRADED UNITS
02821,ABF PAN ASIA BOND INDEX FUND
02822,CSOP FTSE CHINA A50 ETF-HKD TRADED UNITS
02823,ISHARES FTSE CHINA A50 ETF -HKD COUNTER
02824,E FUND (HK) SOLACTIVE GLOBAL GOLD MINER SELECT INDEX ETF-HKD COUNTER
02825,W.I.S.E. - CSI HK 100 TRACKER
02826,GLOBAL X CHINA CLOUD COMPUTING ETF -HKD TRADED UNITS
02827,W.I.S.E. - CSI 300 CHINA TRACKER
02828,HANG SENG CHINA ENTERPRISES INDEX ETF -HKD TRADED UNITS
02829,ISHARES CHINA GOVERNMENT BOND ETF- HKD TRADED UNITS
02830,CSOP SAUDI ARABIA ETF- HKD COUNTER
02832,BOSERA STAR 50 INDEX ETF -HKD TRADED UNITS
02834,ISHARES NASDAQ 100 ETF - HKD TRADED UNITS
02835,PHILLIP HK NEWLY LISTED EQUITIES INDEX ETF
02836,ISHARES CORE SENSEX INDIA ETF
02837,GLOBAL X HANG SENG TECH ETF
02838,HANG SENG FTSE CHINA 50 INDEX ETF
02839,CHINAAMC MSCI CHINA A 50 CONNECT ETF- HKD TRADED UNITS
02840,SPDR GOLD TRUST -HKD COUNTER
02841,GLOBAL X CHINA MEDTECH ETF
02843,AMUNDI FTSE CHINA A50 INDEX ETF -HKD TRADED UNITS
02845,GLOBAL X CHINA ELECTRIC VEHICLE AND BATTERY ETF-HKD TRADED SHARES
02846,ISHARES CORE CSI 300 ETF
02848,XTRACKERS MSCI KOREA UCITS ETF
02858,YIXIN GROUP LIMITED
02863,GOLDEN FAITH GROUP HOLDINGS LIMITED
02865,"HAINAN DRINDA NEW ENERGY TECHNOLOGY CO., LTD."
02866,"COSCO SHIPPING DEVELOPMENT CO., LTD."
02869,GREENTOWN SERVICE GROUP CO. LTD.
02877,CHINA SHINEWAY PHARMACEUTICAL GROUP LIMITED
02878,SOLOMON SYSTECH (INTERNATIONAL) LIMITED
02880,"LIAONING PORT CO., LTD."
02881,WUHAN YOUJI HOLDINGS LIMITED
02882,3DG HOLDINGS (INTERNATIONAL) LIMITED
02883,CHINA OILFIELD SERVICES LIMITED
02885,PEIPORT HOLDINGS LTD.
02886,BINHAI INVESTMENT COMPANY LIMITED
02888,STANDARD CHARTERED PLC
02889,PATEO CONNECT TECHNOLOGY (SHANGHAI) CORPORATION
02892,MILLION CITIES HOLDINGS LIMITED
02898,"SUNHO BIOLOGICS, INC."
02899,"ZIJIN MINING GROUP CO., LTD."
02951,SOFTMEDX HEALTHCARE LIMITED -OLD
02954,KAISA HEALTH GROUP HOLDINGS LIMITED -TEMPORARY COUNTER
02957,CHINA FINANCIAL INTERNATIONAL INVESTMENTS LIMITED-OLD
02958,VISION VALUES HOLDINGS LIMITED -OLD
02959,DUFU LIQUOR GROUP LIMITED -OLD
02962,XINMING CHINA HOLDINGS LIMITED -OLD
02965,ASIA TELE-NET AND TECHNOLOGY CORPORATION LIMITED-TEMPORARY COUNTER-10K
02967,JAKOTA CAPITAL (HOLDING) GROUP -TEMPORARY COUNTER
02968,XINHUA NEWS MEDIA HOLDINGS LIMITED -TEMPORARY COUNTER
02969,GLOBAL BIO-CHEM TECHNOLOGY GROUP COMPANY LIMITED-TEMPORARY COUNTER
02971,CHINA ECOTOURISM GROUP LIMITED -TEMPORARY COUNTER
02973,GAODI HOLDINGS LIMITED -TEMPORARY COUNTER-4000
02974,ARTGO HOLDINGS LIMITED -TEMPORARY COUNTER
02975,YOUZAN TECHNOLOGY LIMITED -TEMPORARY COUNTER
03001,PREMIA CHINA USD PROPERTY BOND ETF -HKD TRADED UNITS
03003,CSOP MSCI CHINA A 50 CONNECT ETF
03004,CSOP FTSE VIETNAM 30 ETF
03005,CSOP CSI 500 ETF-HKD TRADED UNITS
03006,GLOBAL X AI & INNOVATIVE TECHNOLOGY ACTIVE ETF
03007,XTRACKERS MSCI CHINA A UCITS ETF
03008,BOSERA HASHKEY BITCOIN ETF- HKD COUNTER
03009,BOSERA HASHKEY ETHER ETF- HKD COUNTER
03010,ISHARES CORE MSCI ASIA EX JAPAN ETF -HKD COUNTER
03011,ICBC CICC USD MONEY MARKET ETF -HKD TRADED UNITS
03012,AMUNDI HANG SENG HK 35 INDEX ETF -HKD TRADED UNITS
03015,XTRACKERS NIFTY 50 SWAP UCITS ETF
03020,XTRACKERS MSCI USA SWAP UCITS ETF
03024,W.I.S.E. - SSE 50 CHINA TRACKER
03029,GLOBAL X HANG SENG ESG ETF
03030,CSOP GOLD ETF
03031,FULLGOAL HANG SENG HK HIGH DIVIDEND ETF -HKD COUNTER
03032,HANG SENG TECH INDEX ETF
03033,CSOP HANG SENG TECH INDEX ETF
03034,CSOP NASDAQ 100 ETF
03036,XTRACKERS MSCI TAIWAN UCITS ETF
03037,CSOP HANG SENG INDEX ETF
03038,HANG SENG STOCK CONNECT CHINA A LOW CARBON INDEX ETF-HKD TRADED UNITS
03039,E FUND (HK) HSI ESG ENHANCED INDEX ETF
03040,GLOBAL X MSCI CHINA ETF-HKD TRADED UNITS
03041,GLOBAL X FTSE CHINA POLICY BANK BOND ETF
03042,CHINAAMC BITCOIN ETF- HKD COUNTER
03046,CHINAAMC ETHER ETF- HKD COUNTER
03047,SSIF DCE IRON ORE FUTURES INDEX ETF -HKD TRADED UNITS
03050,GLOBAL X CHINA GLOBAL LEADERS ETF
03053,CSOP HONG KONG DOLLAR MONEY MARKET ETF - HKD TRADED UNITS
03056,PANDO INNOVATION ETF
03059,GLOBAL X BLOOMBERG MSCI ASIA EX JAPAN GREEN BOND ETF-HKD TRADED UNITS
03064,GLOBAL X MSCI ASIA PACIFIC EX JAPAN ETF -HKD COUNTER
03066,CSOP BITCOIN FUTURES ETF
03067,ISHARES HANG SENG TECH ETF - HKD TRADED UNITS
03068,CSOP ETHER FUTURES ETF
03069,CHINAAMC HANG SENG BIOTECH ETF - HKD TRADED UNITS
03070,PING AN OF CHINA CSI HK DIVIDEND ETF -HKD COUNTER
03071,CICC HKD MONEY MARKET ETF
03074,ISHARES CORE MSCI TAIWAN ETF - HKD TRADED UNITS
03075,GLOBAL X ASIA USD INVESTMENT GRADE BOND ETF-HKD TRADED SHARES
03076,FUBON NYSE FACTSET TAIWAN CORE SEMICONDUCTOR INDEX ETF
03077,PREMIA US TREASURY FLOATING RATE ETF -HKD TRADED UNITS
03081,VALUE GOLD ETF -HKD TRADED UNITS
03084,GLOBAL X INDIA SECTOR LEADER ACTIVE ETF -HKD COUNTER
03085,PANDO ETHEREUM ETF
03086,CHINAAMC NASDAQ 100 ETF -HKD TRADED UNITS
03087,XTRACKERS VIETNAM SWAP UCITS ETF
03088,CHINAAMC HANG SENG TECH INDEX ETF -HKD TRADED UNITS
03096,CSOP US DOLLAR MONEY MARKET ETF -HK TRADED UNITS
03097,GLOBAL X S&P CRUDE OIL FUTURES ENHANCED ER ETF
03101,CSOP HUATAI-PB CSI A500 ETF
03102,ICBC UBS KRANESHARES KWEB CSI CHINA INTERNET ETF-HKD COUNTER
03104,GLOBAL X EMERGING MARKETS ASIA ACTIVE ETF-HKD COUNTER
03108,HARVEST CSI 300 ESG LEADERS INDEX ETF -HKD TRADED UNITS
03109,CSOP STAR 50 INDEX ETF
03110,GLOBAL X HANG SENG HIGH DIVIDEND YIELD ETF-HKD COUNTER
03111,E FUND (HK) MSCI CHINA A50 CONNECT ETF -HKD TRADED UNITS
03112,PANDO BLOCKCHAIN ETF
03115,ISHARES CORE HANG SENG INDEX ETF -HKD TRADED UNITS
03116,GLOBAL X ASIA PACIFIC HIGH DIVIDEND YIELD ETF
03118,HARVEST MSCI CHINA A INDEX ETF -HKD TRADED UNITS
03119,GLOBAL X ASIA SEMICONDUCTOR ETF
03121,CSOP KOSPI 200 ETF
03122,CSOP RMB MONEY MARKET ETF - HKD TRADED UNITS
03128,HANG SENG CHINA A INDUSTRY TOP INDEX ETF -HKD TRADED UNITS
03129,BOCHK GREATER BAY AREA CLIMATE TRANSITION ETF-HKD TRADED UNITS
03132,SAMSUNG BLOOMBERG GLOBAL SEMICONDUCTOR ETF
03133,CSOP HUATAI-PB CSI 300 ETF
03134,CSOP HUATAI-PB CSI PHOTOVOLTAIC INDUSTRY ETF
03135,SAMSUNG BITCOIN FUTURES ACTIVE ETF
03136,HSI ESG ENHANCED SELECT INDEX ETF
03137,GLOBAL X USD MONEY MARKET ETF
03139,GLOBAL X EV AND HUMANOID ROBOT ACTIVE ETF
03140,CHINAAMC HK-US AI ETF -HKD COUNTER
03141,CHINAAMC ASIA USD INVESTMENT GRADE BOND ETF-HKD TRADED UNITS
03145,CHINAAMC ASIA HIGH DIVIDEND ETF
03146,CHINAAMC 20+ YEAR US TREASURY BOND ETF -DIST LISTED CLASS-HKD TRADED UNIT
03147,CSOP SZSE CHINEXT ETF -HKD TRADED UNITS
03150,GLOBAL X JAPAN GLOBAL LEADERS ETF
03151,PREMIA CHINA STAR50 ETF-HKD TRADED UNITS
03152,BOSERA HKD MONEY MARKET ETF
03153,CSOP NIKKEI 225 INDEX ETF
03156,BOSERA 20+ YEAR US TREASURY BOND ETF -DIST LISTED SHARE CLASS HKD COUNTER
03158,GLOBAL X K-POP AND CULTURE ETF
03160,CHINAAMC MSCI JAPAN HEDGED TO USD ETF
03161,CHINAAMC RMB MONEY MARKET ETF -HKD TRADED UNITS
03165,CHINAAMC MSCI EUROPE QUALITY HEDGED TO USD ETF
03167,ICBC CSOP S&P NEW CHINA SECTORS ETF -HKD TRADED UNITS
03169,HARVEST G2 TECH 50 ETF
03170,HANG SENG GOLD ETF
03171,SAMSUNG BLOCKCHAIN TECHNOLOGIES ETF
03173,PREMIA CSI CAIXIN CHINA NEW ECONOMY ETF -HKD TRADED UNITS
03174,CSOP HANG SENG BIOTECH ETF
03175,SAMSUNG S&P GSCI CRUDE OIL ER FUTURES ETF
03176,TAIKANG HONG KONG USD MONEY MARKET ETF -HKD COUNTER
03179,HARVEST ETHER SPOT ETF- HKD COUNTER
03181,PREMIA ASIA INNOVATIVE TECHNOLOGY AND METAVERSE THEME ETF-HKD TRADED UNITS
03182,W.I.S.E. - NASDAQ CHINA NEW ECONOMY COMPANIES ESG INDEX TRACKER
03184,GLOBAL X INDIA SELECT TOP 10 ETF
03185,GLOBAL X FINTECH ETF
03186,E FUND (HK) SOLACTIVE BIOPHARMA SELECT INDEX ETF
03187,SAMSUNG S&P HIGH DIVIDEND APAC EX NZ REITS ETF-HKD TRADED UNITS
03188,CHINAAMC CSI 300 INDEX ETF -HKD TRADED UNITS
03189,E FUND (HK) CSI LIQUOR INDEX ETF -HKD TRADED UNITS
03190,FUBON SHANGHAI-SHENZHEN-HONG KONG HIGH DIVIDEND YIELD ETF
03191,GLOBAL X CHINA SEMICONDUCTOR ETF - HKD TRADED SHARES
03192,BOSERA RMB MONEY MARKET ETF- HKD COUNTER
03193,CSOP YINHUA CSI 5G COMMUNICATIONS THEME ETF
03195,HANG SENG S&P 500 INDEX ETF -HKD TRADED UNITS
03196,BOSERA USD MONEY MARKET ETF- HKD COUNTER
03199,ICBC CSOP FTSE CHINESE GOVERNMENT AND POLICY BANK BN IND ETF-HKD TRADED UNITS
03200,"SHENZHEN HAN'S CNC TECHNOLOGY CO., LTD."
03268,"MEIG SMART TECHNOLOGY CO., LTD."
03277,GPIXEL CHANGCHUN MICROELECTRONICS INC.
03288,FOSHAN HAITIAN FLAVOURING AND FOOD COMPANY LTD.
03296,"HUAQIN CO., LTD."
03300,CHINA GLASS HOLDINGS LIMITED
03301,RONSHINE CHINA HOLDINGS LIMITED
03302,KINERGY CORPORATION LTD.
03303,JUTAL OFFSHORE OIL SERVICES LIMITED
03306,JNBY DESIGN LIMITED
03309,C-MER MEDICAL HOLDINGS LIMITED
03310,"VIEWTRIX TECHNOLOGY CO., LTD"
03311,CHINA STATE CONSTRUCTION INTERNATIONAL HOLDINGS LIMITED
03313,ARTGO HOLDINGS LIMITED
03315,GOLDPAC GROUP LIMITED
03316,BINJIANG SERVICE GROUP CO. LTD.
03317,"SHENZHEN XUNCE TECHNOLOGY CO., LTD."
03318,CHINA BOTON GROUP COMPANY LIMITED
03319,"A-LIVING SMART CITY SERVICES CO., LTD."
03320,CHINA RESOURCES PHARMACEUTICAL GROUP LIMITED
03321,ZHONGKE GROUP HOLDINGS LIMITED
03322,WIN HANVERKY HOLDINGS LIMITED
03323,CHINA NATIONAL BUILDING MATERIAL COMPANY LIMITED
03328,"BANK OF COMMUNICATIONS CO., LTD."
03329,BOCOM INTERNATIONAL HOLDINGS COMPANY LIMITED
03330,LINGBAO GOLD GROUP COMPANY LTD.
03332,NANJING SINOLIFE UNITED COMPANY LIMITED
03336,JU TENG INTERNATIONAL HOLDINGS LIMITED
03337,ANTON OILFIELD SERVICES GROUP
03339,LONKING HOLDINGS LIMITED
03347,"HANGZHOU TIGERMED CONSULTING CO., LTD."
03348,CHINA PENGFEI GROUP LIMITED
03355,FS.COM LIMITED
03360,FAR EAST HORIZON LIMITED
03363,ZHENGYE INTERNATIONAL HOLDINGS COMPANY LIMITED
03366,OVERSEAS CHINESE TOWN (ASIA) HOLDINGS LIMITED
03368,PARKSON RETAIL GROUP LIMITED
03369,"QINHUANGDAO PORT CO., LTD."
03377,SINO-OCEAN GROUP HOLDING LIMITED
03378,"HANX BIOPHARMACEUTICALS (WUHAN) CO., LTD."
03380,LOGAN GROUP COMPANY LIMITED
03382,TIANJIN PORT DEVELOPMENT HOLDINGS LIMITED
03383,AGILE GROUP HOLDINGS LIMITED
03388,"SHENZHEN CREALITY 3D TECHNOLOGY CO., LTD."
03389,HENGDELI HOLDINGS LIMITED
03390,TYCOON GROUP HOLDINGS LIMITED
03393,WASION HOLDINGS LIMITED
03395,JX ENERGY LTD.
03396,LEGEND HOLDINGS CORPORATION
03398,CHINA TING GROUP HOLDINGS LIMITED
03399,GUANGDONG YUEYUN TRANSPORTATION COMPANY LIMITED
03401,GLOBAL X AI INFRASTRUCTURE ETF
03402,GLOBAL X G2 TECH ETF
03403,CHINAAMC HSI ESG ETF -HKD TRADED UNITS
03404,CHINAAMC MSCI INDIA ETF -HKD COUNTER
03406,PING AN TECHNOLOGY SELECT ETF -HKD COUNTER
03410,HANG SENG JAPAN TOPIX 100 INDEX ETF
03411,PREMIA J.P. MORGAN ASIA CREDIT INV GRADE USD BOND ETF - HKD COUNTER
03412,DOO WEALTH SELECTED DIGITAL PAYMENTS ETF
03413,DOO WEALTH SELECTED AI AND AUTOMATION ACTIVE ETF
03415,GLOBAL X S&P 500 COVERED CALL ACTIVE ETF -HKD COUNTER
03416,GLOBAL X HSCEI COVERED CALL ACTIVE ETF -HKD COUNTER
03417,GLOBAL X HANG SENG TECH COVERED CALL ACTIVE ETF
03418,CHINAAMC DIGITAL GOLD ETF -HKD TRADED SHARES
03419,GLOBAL X HSI COVERED CALL ACTIVE ETF
03420,VALUE PARTNERS RMB MONEY MARKET ETF -HKD TRADED SHARES
03421,VALUE PARTNERS HKD MONEY MARKET ETF
03422,GLOBAL X INNOVATIVE BLUECHIP TOP 10 ETF
03423,CMS HANG SENG TECH INDEX ETF
03425,MICROBIT ETHER SPOT ETF -HKD TRADED UNITS
03426,DOO WEALTH SELECTED WEB3 ETF
03427,FUBON SOLACTIVE CORE DIVERSIFIED MULTI ASSET INDEX ETF
03428,GLOBAL X CHINA LIFE FRANKLIN HK-US EQUITY SELECT ETF - HKD COUNTER
03430,MICROBIT BITCOIN SPOT ETF -HKD TRADED UNITS
03431,CSOP FTSE HK-KOREA TECH+ INDEX ETF
03432,CSOP MSCI HK CHINA CONNECT SELECT ETF
03433,CSOP FTSE US TREASURY 20+ YEARS INDEX ETF
03434,E FUND (HK) WIND DIGITAL TECHNOLOGY INDEX ETF-HKD COUNTER
03435,HANG SENG CMS BLOOMBERG US TREASURY 7-10 YEAR INDEX ETF
03436,HANG SENG CMS BLOOMBERG US TREASURY 1-3 YEAR INDEX ETF
03437,BOSERA CHINA REFORM HONG KONG CENTRAL -SOES HIGH DIV YIELD IND ETF-HKD COUNTER
03439,HARVEST BITCOIN SPOT ETF- HKD COUNTER
03440,GLOBAL X US TREASURY 0-3 MONTH ETF -HKD COUNTER
03441,CSOP FTSE EAST-WEST EQUITY SELECT ETF
03442,CSOP HANG SENG HK-US TECH ETF
03443,CSOP FTSE HONG KONG EQUITY ETF
03444,HANG SENG FTSE HONG KONG EQUITY ETF
03447,CSOP FTSE ASIA PACIFIC SELECT REITS ETF
03448,GLOBAL X CHINA CORE TECH ETF
03450,GLOBAL X US TREASURY 3-5 YEAR ETF -HKD COUNTER
03451,GLOBAL X NASDAQ 100 COVERED CALL ACTIVE ETF-HKD COUNTER
03453,PREMIA FTSE TWSE TAIWAN 50 ETF (LISTED DISTRIBUTION UNITS)
03454,CSOP MAG SEVEN ETF
03455,"INVESCO QQQ TRUSTSM, SERIES 1- HKD COUNTER"
03456,E FUND (HK) HKEX TECH 100 INDEX ETF
03457,TAIKANG HONG KONG HKD MONEY MARKET ETF
03460,CHINAAMC SOLANA ETF -HKD TRADED SHARES
03461,CHINAAMC RMB DIGITAL MONEY MARKET FUND -HKD TRADED SHARES
03466,HANG SENG HIGH DIVIDEND 30 INDEX ETF
03469,CSOP HANG SENG STOCK CONNECT HIGH DIVIDEND ETF
03470,GLOBAL X FTSE GREATER CHINA ETF
03471,CHINAAMC HKD DIGITAL MONEY MARKET FUND
03472,CHINAAMC USD DIGITAL MONEY MARKET FUND -HKD TRADED SHARES
03473,CSOP FTSE ASIA TECH INDEX ETF
03476,HANG SENG JPMORGAN US EQUITY PREMIUM INCOME ACTIVE ETF
03477,PING AN EAST-WEST SELECT ETF -HKD COUNTER
03478,PREMIA BOCHK SAUDI ARABIA GOVERNMENT SUKUK ETF-HKD COUNTER
03480,VALUE PARTNERS USD MONEY MARKET ETF -HKD TRADED SHARES
03483,E FUND (HK) MSCI ASIA PACIFIC SELECT HIGH DIVIDEND INDEX ETF-HKD COUNTER
03486,E FUND (HK) SOLACTIVE ASIA SEMICONDUCTOR SELECT INDEX ETF
03488,VALUE PARTNERS HK-US DIVIDEND LOW VOLATILITY ETF
03489,E FUND (HK) FTSE AI SELECT INDEX ETF -HKD COUNTER
03509,E FUND (HK) FTSE MPF CHINA A ETF
03519,HANG SENG HSCEI COVERED CALL ACTIVE ETF
03533,GLOBAL X GOLD COVERED CALL ACTIVE ETF - HKD COUNTER
03535,CSOP NOMURA FTSE HK-JAPAN EQUITY CASH FLOW FOCUS INDEX ETF
03579,E FUND (HK) FTSE MPF HONG KONG EQUITY ETF
03589,HANG SENG TECH COVERED CALL ACTIVE ETF
03600,MODERN DENTAL GROUP LIMITED
03601,360 LUDASHI HOLDINGS LIMITED
03603,"XINJI SHAXI GROUP CO., LTD"
03606,"FUYAO GLASS INDUSTRY GROUP CO., LTD"
03613,BEIJING TONG REN TANG CHINESE MEDICINE COMPANY LIMITED
03616,EVER REACH GROUP (HOLDINGS) COMPANY LIMITED
03618,"CHONGQING RURAL COMMERCIAL BANK CO., LTD."
03623,CHINA SUCCESS FINANCE GROUP HOLDINGS LIMITED
03625,"SHANGHAI FOURSEMI SEMICONDUCTOR CO., LTD."
03626,EAST NOVA HOLDINGS LIMITED
03628,RENHENG ENTERPRISE HOLDINGS LIMITED
03633,ZHONGYU ENERGY HOLDINGS LIMITED
03636,"YUNNAN JINXUN RESOURCES CO., LTD."
03638,HUNLICAR GROUP LIMITED
03639,YIDA CHINA HOLDINGS LIMITED
03650,KEEP INC.
03658,NEW HOPE SERVICE HOLDINGS LIMITED
03660,"QFIN HOLDINGS, INC."
03661,SG MICRO CORP
03662,STARJOY WELLNESS AND TRAVEL COMPANY LIMITED
03666,SHANGHAI XNG HOLDINGS LIMITED
03668,YANCOAL AUSTRALIA LTD
03669,CHINA YONGDA AUTOMOBILES SERVICES HOLDINGS LIMITED
03677,"JIANGSU ZENERGY BATTERY TECHNOLOGIES GROUP CO., LTD."
03678,"SOHO HOLLY FUTURES CO., LTD."
03680,RUIHE DATA TECHNOLOGY HOLDINGS LIMITED
03681,SINOMAB BIOSCIENCE LIMITED
03683,GREAT HARVEST MAETA HOLDINGS LIMITED
03686,CLIFFORD MODERN LIVING HOLDINGS LIMITED
03688,TOP SPRING INTERNATIONAL HOLDINGS LIMITED
03689,"GUANGDONG KANGHUA HEALTHCARE GROUP CO., LTD."
03690,MEITUAN -HKD TRADED SHARES
03692,HANSOH PHARMACEUTICAL GROUP COMPANY LIMITED
03696,INSILICO MEDICINE CAYMAN TOPCO
03698,HUISHANG BANK CORPORATION LIMITED
03699,EVERBRIGHT GRAND CHINA ASSETS LIMITED
03700,INKEVERSE GROUP LIMITED
03708,WORLD DIGITAL ECONOMY ASSET GROUP LIMITED
03709,EEKA FASHION HOLDINGS LIMITED
03718,BEIJING ENTERPRISES URBAN RESOURCES GROUP LIMITED
03728,CHING LEE HOLDINGS LIMITED
03737,ZHONGZHI PHARMACEUTICAL HOLDINGS LIMITED
03738,VOBILE GROUP LIMITED
03750,"CONTEMPORARY AMPEREX TECHNOLOGY CO., LIMITED"
03759,"PHARMARON BEIJING CO., LTD."
03768,"KUNMING DIANCHI WATER TREATMENT CO.,LTD."
03773,YINSHENG DIGIFAVOR COMPANY LIMITED
03774,FAMEGLOW HOLDINGS LIMITED
03778,CHINA WEAVING MATERIALS HOLDINGS LIMITED
03788,HANKING GOLD INTERNATIONAL LIMITED
03789,ROYAL DELUXE HOLDINGS LIMITED
03798,HOMELAND INTERACTIVE TECHNOLOGY LTD.
03800,GCL TECHNOLOGY HOLDINGS LIMITED
03808,SINOTRUK (HONG KONG) LIMITED
03813,POU SHENG INTERNATIONAL (HOLDINGS) LIMITED
03816,KFM KINGDOM HOLDINGS LIMITED
03818,"CHINA DONGXIANG (GROUP) CO., LTD."
03822,SAM WOO CONSTRUCTION GROUP LIMITED
03828,MING FAI INTERNATIONAL HOLDINGS LIMITED
03830,KIDDIELAND INTERNATIONAL LIMITED
03833,"XINJIANG XINXIN MINING INDUSTRY CO.,LTD."
03836,CHINA HARMONY AUTO HOLDING LIMITED
03838,CHINA STARCH HOLDINGS LIMITED
03839,CHIA TAI ENTERPRISES INTERNATIONAL LIMITED
03848,HAOSEN FINTECH GROUP LIMITED
03858,JIAXIN INTERNATIONAL RESOURCES INVESTMENT LIMITED
03860,EPS CREATIVE HEALTH TECHNOLOGY GROUP LIMITED
03866,"BANK OF QINGDAO CO., LTD."
03868,XINYI ENERGY HOLDINGS LIMITED
03869,HOSPITAL CORPORATION OF CHINA LIMITED
03877,CSSC (HONG KONG) SHIPPING COMPANY LIMITED
03878,VICON HOLDINGS LIMITED
03880,MEDTIDE INC.
03881,CIDI INC.
03882,SKY LIGHT HOLDINGS LIMITED
03883,CHINA AOYUAN GROUP LIMITED
03886,TOWN HEALTH INTERNATIONAL MEDICAL GROUP LIMITED
03887,HASHKEY HOLDINGS LIMITED
03888,KINGSOFT CORPORATION LIMITED
03889,GLOBAL CORN GROUP LIMITED
03893,CROSSTEC GROUP HOLDINGS LIMITED
03896,KINGSOFT CLOUD HOLDINGS LIMITED
03898,"ZHUZHOU CRRC TIMES ELECTRIC CO., LTD."
03899,CIMC ENRIC HOLDINGS LIMITED
03900,GREENTOWN CHINA HOLDINGS LIMITED
03903,"HANHUA FINANCIAL HOLDING CO., LTD."
03908,CHINA INTERNATIONAL CAPITAL CORPORATION LIMITED
03913,KWG LIVING GROUP HOLDINGS LIMITED
03918,NAGACORP LTD
03919,GOLDEN POWER GROUP HOLDINGS LIMITED
03928,CHINA NEXT-GEN COMMERCE AND SUPPLY CHAIN LIMITED
03931,"CALB GROUP CO., LTD."
03933,"UNITED LABORATORIES INTERNATIONAL HOLDINGS LIMITED, THE"
03938,LFG INVESTMENT HOLDINGS LIMITED
03939,WANGUO GOLD GROUP LIMITED
03952,"ZHEJIANG LAIFUAL DRIVE CO., LTD."
03958,DFZQ
03963,CHINA RONGZHONG FINANCIAL HOLDINGS COMPANY LIMITED
03968,"CHINA MERCHANTS BANK CO., LTD."
03969,CHINA RAILWAY SIGNAL & COMMUNICATION CORPORATION LIMITED
03978,CHINA BESTSTUDY EDUCATION GROUP
03983,CHINA BLUECHEMICAL LTD
03986,GIGADEVICE SEMICONDUCTOR INC.
03988,BANK OF CHINA LIMITED
03989,CAPITAL ENVIRONMENT HOLDINGS LIMITED
03990,MIDEA REAL ESTATE HOLDING LIMITED
03991,CHANGHONG JIAHUA HOLDINGS LIMITED
03993,CMOC GROUP LIMITED
03996,CHINA ENERGY ENGINEERING CORPORATION LIMITED
03997,TELECOM SERVICE ONE HOLDINGS LIMITED
03998,BOSIDENG INTERNATIONAL HOLDINGS LIMITED
03999,DACHAN FOOD (ASIA) LIMITED
04332,AMGEN INC.-T (AMGN)
04333,"CISCO SYSTEMS,INC.-T (CSCO)"
04335,INTEL CORPORATION-T (INTC)
04336,"APPLIED MATERIALS,INC.T (AMAT)"
04337,STARBUCKS CORPORATION-T
04338,MICROSOFT CORPORATION-T (MSFT)
06030,CITIC SECURITIES COMPANY LIMITED
06031,"SANY HEAVY INDUSTRY CO., LTD."
06033,TELECOM DIGITAL HOLDINGS LIMITED
06036,APEX ACE HOLDING LIMITED
06038,G & M HOLDINGS LIMITED
06049,"POLY PROPERTY SERVICES CO., LTD."
06051,YOUZAN TECHNOLOGY LIMITED
06055,CHINA TOBACCO INTERNATIONAL (HK) COMPANY LIMITED
06058,CHINA INDUSTRIAL SECURITIES INTERNATIONAL FINANCIAL GROUP LIMITED
06060,"ZHONGAN ONLINE P & C INSURANCE CO., LTD."
06063,LOTUS HORIZON HOLDINGS LIMITED
06066,"CSC FINANCIAL CO., LTD."
06067,"SHENZHEN SENIOR TECHNOLOGY MATERIAL CO., LTD."
06068,WISDOM EDUCATION INTERNATIONAL HOLDINGS COMPANY LIMITED
06069,SY HOLDINGS GROUP LIMITED
06078,"HYGEIA HEALTHCARE HOLDINGS CO., LIMITED"
06080,WING CHI HOLDINGS LIMITED
06082,"SHANGHAI BIREN TECHNOLOGY CO., LTD."
06083,WORLD-LINK LOGISTICS (ASIA) HOLDING LIMITED
06086,FANGZHOU INC.
06088,FIT HON TENG LIMITED
06090,BUTONG GROUP
06093,HEVOL SERVICES GROUP CO. LIMITED
06098,COUNTRY GARDEN SERVICES HOLDINGS COMPANY LIMITED
06099,"CHINA MERCHANTS SECURITIES CO., LTD."
06100,TONGDAO LIEPIN GROUP
06106,"SHANGHAI SEER INTELLIGENT TECHNOLOGY CO., LTD."
06108,NEW RAY MEDICINE INTERNATIONAL HOLDING LIMITED
06110,TOPSPORTS INTERNATIONAL HOLDINGS LIMITED
06113,BITSTRAT HOLDINGS LIMITED
06117,"RIZHAO PORT JURONG CO., LTD."
06118,AUSTAR LIFESCIENCES LIMITED
06119,TIAN YUAN GROUP HOLDINGS LIMITED
06123,YTO INTERNATIONAL EXPRESS AND SUPPLY CHAIN TECHNOLOGY LIMITED
06127,"JOINN LABORATORIES (CHINA) CO., LTD."
06128,GRAPHEX GROUP LIMITED
06132,"HJ SCIENCE CO., LTD."
06133,VITAL INNOVATIONS HOLDINGS LIMITED
06136,KANGDA INTERNATIONAL ENVIRONMENTAL COMPANY LIMITED
06138,"HARBIN BANK CO., LTD"
06158,ZHENRO PROPERTIES GROUP LIMITED
06160,BEONE MEDICINES LTD.
06162,"CHINA TIANRUI AUTOMOTIVE INTERIORS CO., LTD"
06163,GEMILANG INTERNATIONAL LIMITED
06166,"CIG SHANGHAI CO., LTD."
06168,"ZHOU LIU FU JEWELLERY CO., LTD."
06169,CHINA YUHUA EDUCATION CORPORATION LIMITED
06178,EVERBRIGHT SECURITIES COMPANY LIMITED
06181,"LAOPU GOLD CO., LTD."
06182,TWINTEK INVESTMENT HOLDINGS LIMITED
06185,CANSINO BIOLOGICS INC.
06186,CHINA FEIHE LIMITED
06188,"BEIJING DIGITAL TELECOM CO., LTD."
06189,GUANGDONG ADWAY CONSTRUCTION (GROUP) HOLDINGS COMPANY LIMITED
06190,"BANK OF JIUJIANG CO., LTD."
06193,TAILAM TECH CONSTRUCTION HOLDINGS LIMITED
06196,"BANK OF ZHENGZHOU CO., LTD."
06198,"QINGDAO PORT INTERNATIONAL CO., LTD."
06199,"BANK OF GUIZHOU CO., LTD."
06228,PT MERDEKA GOLD RESOURCES TBK
06288,"FAST RETAILING CO., LTD."
06600,"ONEROBOTICS (SHENZHEN) CO., LTD."
06601,CHEERWIN GROUP LIMITED
06603,IFBH LIMITED
06608,BAIRONG INC.
06609,SHANGHAI HEARTCARE MEDICAL TECHNOLOGY CORPORATION LIMITED
06610,FLOWING CLOUD TECHNOLOGY LTD
06611,SANXUN HOLDINGS GROUP LIMITED
06613,"LENS TECHNOLOGY CO., LTD."
06616,GLOBAL NEW MATERIAL INTERNATIONAL HOLDINGS LIMITED
06618,JD HEALTH INTERNATIONAL INC. -HKD TRADED SHARES
06622,ZHAOKE OPHTHALMOLOGY LIMITED
06623,LUFAX HOLDING LTD
06626,YUEXIU SERVICES GROUP LIMITED
06628,TRANSCENTA HOLDING LIMITED
06633,QINGCI GAMES INC.
06636,"SHANDONG EXTREME VISION TECHNOLOGY CO., LTD."
06639,ARRAIL GROUP LIMITED
06651,"BEIJING 51WORLD DIGITAL TWIN TECHNOLOGY CO., LTD."
06655,"HUAXIN BUILDING MATERIALS GROUP CO., LTD."
06656,"SIGENERGY TECHNOLOGY CO., LTD."
06657,"BAIWANG CO., LTD."
06658,"LIULIUMEI CO., LTD."
06660,"AIM VACCINE CO., LTD."
06661,"HUZHOU GAS CO., LTD."
06663,IWS GROUP HOLDINGS LIMITED
06666,EVERGRANDE PROPERTY SERVICES GROUP LIMITED
06667,MEGA GENOMICS LIMITED
06668,E-STAR COMMERCIAL MANAGEMENT COMPANY LIMITED
06669,ACOTEC SCIENTIFIC HOLDINGS LIMITED
06675,"SENASIC ELECTRONICS TECHNOLOGY CO., LTD."
06676,ZG GROUP
06677,SINO-OCEAN SERVICE HOLDING LIMITED
06680,"JL MAG RARE-EARTH CO., LTD."
06681,BRAINAURORA MEDICAL TECHNOLOGY LIMITED
06682,"PHANCY GROUP CO., LTD."
06683,STAR PLUS LEGEND HOLDINGS LIMITED
06686,NOAH HOLDINGS PRIVATE WEALTH AND ASSET MANAGEMENT LIMITED
06687,JST GROUP CORPORATION LIMITED
06690,"HAIER SMART HOME CO., LTD."
06693,CHIFENG JILONG GOLD MINING GROUP LIMITED
06696,MANY IDEA CLOUD HOLDINGS LIMITED
06698,STAR CM HOLDINGS LIMITED
06699,ANGELALIGN TECHNOLOGY INC.
06715,"HANGZHOU QIANDAOHU XUNLONG SCI-TECH CO., LTD."
06805,KIMOU ENVIRONMENTAL HOLDING LIMITED
06806,"SHENWAN HONGYUAN GROUP CO., LTD."
06808,SUN ART RETAIL GROUP LIMITED
06809,"MONTAGE TECHNOLOGY CO., LTD."
06810,"SHANGHAI SUNMI TECHNOLOGY CO., LTD."
06811,TAI HING GROUP HOLDINGS LIMITED
06812,WINSON HOLDINGS HONG KONG LIMITED
06816,PROSPER CONSTRUCTION HOLDINGS LIMITED
06818,CHINA EVERBRIGHT BANK COMPANY LIMITED
06820,FRIENDTIMES INC.
06821,"ASYMCHEM LABORATORIES (TIANJIN) CO., LTD."
06822,KING'S FLAIR INTERNATIONAL (HOLDINGS) LIMITED
06823,HKT TRUST AND HKT LIMITED
06826,"SHANGHAI HAOHAI BIOLOGICAL TECHNOLOGY CO., LTD."
06828,BEIJING GAS BLUE SKY HOLDINGS LIMITED
06829,DRAGON RISE GROUP HOLDINGS LIMITED
06830,HUAZHONG IN-VEHICLE HOLDINGS COMPANY LIMITED
06831,GREEN TEA GROUP LIMITED
06833,SINCO PHARMACEUTICALS HOLDINGS LIMITED
06838,WINOX HOLDINGS LIMITED
06839,"YUNNAN WATER INVESTMENT CO., LIMITED"
06855,ASCENTAGE PHARMA GROUP INTERNATIONAL
06858,HONMA GOLF LIMITED
06860,FINGERTANGO INC.
06862,HAIDILAO INTERNATIONAL HOLDING LTD.
06865,"FLAT GLASS GROUP CO., LTD."
06866,ZUOLI KECHUANG COMPANY LIMITED
06868,TENFU (CAYMAN) HOLDINGS COMPANY LIMITED
06869,YANGTZE OPTICAL FIBRE AND CABLE JOINT STOCK LIMITED COMPANY
06871,"ROBOTPHOENIX INTELLIGENT TECHNOLOGY CO., LTD."
06872,TENNOR THERAPEUTICS (SUZHOU) LIMITED
06877,TOP EMINENT HEALTHCARE GROUP LIMITED
06878,DIFFER GROUP AUTO LIMITED
06881,"CHINA GALAXY SECURITIES CO., LTD."
06882,EGL HOLDINGS COMPANY LIMITED
06883,ETERNAL BEAUTY HOLDINGS LIMITED
06885,HENAN JINMA ENERGY COMPANY LIMITED
06886,"HUATAI SECURITIES CO., LTD."
06887,"SUNSHINE LAKE PHARMA CO., LTD."
06888,FREETECH ROAD RECYCLING TECHNOLOGY (HOLDINGS) LIMITED
06889,"DYNAM JAPAN HOLDINGS CO., LTD."
06890,KANGLI INTERNATIONAL HOLDINGS LIMITED
06893,HIN SANG GROUP (INTERNATIONAL) HOLDING CO. LTD.
06896,GOLDEN THROAT HOLDINGS GROUP COMPANY LIMITED
06898,CHINA ALUMINUM CANS HOLDINGS LIMITED
06899,OURGAME INTERNATIONAL HOLDINGS LIMITED
06908,HG SEMICONDUCTOR LIMITED
06909,BETTERLIFE HOLDING LIMITED
06911,"PU'ER LANCANG ANCIENT TEA CO., LTD."
06913,SOUTH CHINA VOCATIONAL EDUCATION GROUP COMPANY LIMITED
06915,JIANGXI INSTITUTE OF BIOLOGICAL PRODUCTS INC.
06918,KIDZTECH HOLDINGS LIMITED
06919,RENRUI HUMAN RESOURCES TECHNOLOGY HOLDINGS LIMITED
06922,"CRYOFOCUS MEDTECH (SHANGHAI) CO., LTD."
06928,TOMO HOLDINGS LIMITED
06929,ORBUSNEICH MEDICAL GROUP HOLDINGS LIMITED
06933,SINO-ENTERTAINMENT TECHNOLOGY HOLDINGS LIMITED
06936,"S.F. HOLDING CO., LTD."
06938,"SUZHOU RIBO LIFE SCIENCE CO., LTD."
06939,"MEGAIN HOLDING (CAYMAN) CO., LTD."
06955,"SHANDONG BOAN BIOTECHNOLOGY CO., LTD."
06958,ZHENRO SERVICES GROUP LIMITED
06959,CHANGJIU HOLDINGS LIMITED
06960,"SHUANGDENG GROUP CO., LTD."
06963,SUNSHINE INSURANCE GROUP COMPANY LIMITED
06966,CHINA WAN TONG YUAN (HOLDINGS) LIMITED
06968,GANGLONG CHINA PROPERTY GROUP LIMITED
06969,SMOORE INTERNATIONAL HOLDINGS LIMITED
06978,IMMUNOTECH BIOPHARM LTD
06979,ZJLD GROUP INC
06980,"BAMA TEA CO., LTD."
06988,JOY SPREADER GROUP INC.
06989,EXCELLENCE COMMERCIAL PROPERTY & FACILITIES MANAGEMENT GROUP LIMITED
06990,"SICHUAN KELUN-BIOTECH BIOPHARMACEUTICAL CO., LTD."
06993,BLUE MOON GROUP HOLDINGS LIMITED
06996,ANTENGENE CORPORATION LIMITED
06998,EDDING GENOR GROUP HOLDINGS LIMITED
06999,LEADING HOLDINGS GROUP LIMITED
07200,CSOP HANG SENG INDEX DAILY (2X) LEVERAGED PRODUCT
07226,CSOP HANG SENG TECH INDEX DAILY (2X) LEVERAGED PRODUCT
07233,CSOP CSI 300 INDEX DAILY (2X) LEVERAGED PRODUCT
07234,BOSERA SZSE CHINEXT DAILY (2X) LEVERAGED PRODUCT
07261,CHINAAMC NASDAQ-100 INDEX DAILY (2X) LEVERAGED PRODUCT
07262,CSOP NIKKEI 225 DAILY (2X) LEVERAGED PRODUCT
07266,CSOP NASDAQ-100 INDEX DAILY (2X) LEVERAGED PRODUCT
07288,CSOP HANG SENG CHINA ENTERPRISES INDEX DAILY (2X) LEVERAGED PRODUCT
07299,CSOP GOLD FUTURES DAILY (2X) LEVERAGED PRODUCT
07300,CSOP HANG SENG INDEX DAILY (-1X) INVERSE PRODUCT
07311,CSOP COINBASE DAILY (-2X) INVERSE PRODUCT - HKD COUNTER
07347,CSOP SAMSUNG ELECTRONICS DAILY (-2X) INVERSE PRODUCT - HKD COUNTER
07366,CSOP TESLA DAILY (-2X) INVERSE PRODUCT - HKD COUNTER
07376,CSOP BITCOIN FUTURES DAILY (-1X) INVERSE PRODUCT
07388,CSOP NVIDIA DAILY (-2X) INVERSE PRODUCT - HKD COUNTER
07399,CSOP MICROSTRATEGY DAILY (-2X) INVERSE PRODUCT - HKD COUNTER
07489,"VOYAH AUTOMOTIVE TECHNOLOGY CO., LTD."
07500,CSOP HANG SENG INDEX DAILY (-2X) INVERSE PRODUCT
07515,CSOP NIKKEI 225 DAILY (-2X) INVERSE PRODUCT
07522,CHINAAMC NASDAQ-100 INDEX DAILY (-2X) INVERSE PRODUCT
07552,CSOP HANG SENG TECH INDEX DAILY (-2X) INVERSE PRODUCT
07568,CSOP NASDAQ-100 INDEX DAILY (-2X) INVERSE PRODUCT
07588,CSOP HANG SENG CHINA ENTERPRISES INDEX DAILY (-2X) INVERSE PRODUCT
07618,"JINGDONG INDUSTRIALS, INC."
07630,"IMPACT THERAPEUTICS, INC"
07666,"METIS TECHBIO CO., LTD."
07688,"SHANGHAI TOP NUMERICAL CONTROL TECHNOLOGY CO., LTD."
07709,CSOP SK HYNIX DAILY (2X) LEVERAGED PRODUCT
07711,CSOP COINBASE DAILY (2X) LEVERAGED PRODUCT - HKD COUNTER
07747,CSOP SAMSUNG ELECTRONICS DAILY (2X) LEVERAGED PRODUCT - HKD COUNTER
07766,CSOP TESLA DAILY (2X) LEVERAGED PRODUCT - HKD COUNTER
07777,CSOP BERKSHIRE DAILY (2X) LEVERAGED PRODUCT - HKD COUNTER
07788,CSOP NVIDIA DAILY (2X) LEVERAGED PRODUCT - HKD COUNTER
07799,CSOP MICROSTRATEGY DAILY (2X) LEVERAGED PRODUCT - HKD COUNTER
08003,GREAT WORLD COMPANY HOLDINGS LTD
08005,YUXING INFOTECH INVESTMENT HOLDINGS LIMITED
08006,SINO SPLENDID HOLDINGS LIMITED
08007,GLOBAL STRATEGIC GROUP LIMITED
08013,ECI TECHNOLOGY HOLDINGS LIMITED
08017,TRADEGO FINTECH LIMITED
08018,FINSOFT FINANCIAL INVESTMENT HOLDINGS LIMITED
08019,HAO WEN HOLDINGS LIMITED
08020,UNITAS HOLDINGS LIMITED
08021,WLS HOLDINGS LIMITED
08023,KWONG MAN KEE GROUP LIMITED
08026,CHINA BRILLIANT GLOBAL LIMITED
08027,KPM HOLDING LIMITED
08028,TIMELESS RESOURCES HOLDINGS LIMITED
08029,CHINA INVESTMENT FINANCIAL TECHNOLOGY GROUP LIMITED
08030,FENGYINHE HOLDINGS LIMITED
08031,ETS GROUP LIMITED
08033,VODATEL NETWORKS HOLDINGS LIMITED
08035,JANCO HOLDINGS LIMITED
08036,EBROKER GROUP LIMITED
08037,CHINA BIOTECH SERVICES HOLDINGS LIMITED
08039,CHINA COME RIDE NEW ENERGY GROUP LIMITED
08040,COOLPOINT INNONISM HOLDING LIMITED
08041,INTELLIMARK AI INTERNATIONAL LIMITED
08042,KOS INTERNATIONAL TALENT GROUP LIMITED
08043,ATLINKS GROUP LIMITED
08047,CHINA OCEAN GROUP DEVELOPMENT LIMITED
08049,JILIN PROVINCE HUINAN CHANGLONG BIO-PHARMACY COMPANY LIMITED
08050,CITY COOLXUAN COMPANY LIMITED
08051,CIRCUTECH INTERNATIONAL HOLDINGS LIMITED
08052,LUK HING ENTERTAINMENT GROUP HOLDINGS LIMITED
08056,LIFE CONCEPTS HOLDINGS LIMITED
08057,MADISON HOLDINGS GROUP LIMITED
08059,GLORY FLAME HOLDINGS LIMITED
08060,GLOBAL LINK COMMUNICATIONS HOLDINGS LIMITED
08062,EFT SOLUTIONS HOLDINGS LIMITED
08065,KML TECHNOLOGY GROUP LIMITED
08066,PHOENITRON HOLDINGS LIMITED
08067,ORIENTAL UNIVERSITY CITY HOLDINGS (H.K.) LIMITED
08069,FLYDOO TECHNOLOGY HOLDING LIMITED
08070,KEEN OCEAN INTERNATIONAL HOLDING LIMITED
08071,CHINA NETCOM TECHNOLOGY HOLDINGS LIMITED
08072,LANGU COMPANY LIMITED
08073,CHINA SHUIFA SINGYES NEW MATERIALS HOLDINGS LIMITED
08076,SING LEE SOFTWARE (GROUP) LIMITED
08079,WISDOMCOME GROUP HOLDINGS LIMITED
08080,NORTH ASIA STRATEGIC HOLDINGS LIMITED
08081,BAIJUYI HOLDINGS GROUP LIMITED
08082,QING HUA HOLDING GROUP COMPANY LIMITED
08087,CHINA 33 GROUP LIMITED
08091,OOH HOLDINGS LIMITED
08092,ITE (HOLDINGS) LIMITED
08093,WEB3 META LIMITED
08095,BEIJING BEIDA JADE BIRD UNIVERSAL SCI-TECH COMPANY LIMITED
08096,TASTY CONCEPTS HOLDING LIMITED
08098,CL GROUP (HOLDINGS) LIMITED
08100,FAMOUS TECH INTERNATIONAL HOLDINGS LIMITED
08103,HMVOD LIMITED
08106,"XINHUA LANDE SCITECH CO., LIMITED"
08107,FICUS TECHNOLOGY HOLDINGS LIMITED
08111,CHINA TECHNOLOGY INDUSTRY GROUP LIMITED
08112,CORNERSTONE FINANCIAL HOLDINGS LIMITED
08113,V & V TECHNOLOGY HOLDINGS LIMITED
08115,"QINGDA ORIENTAL GROUP CO., LTD."
08117,CHINA PRIMARY ENERGY HOLDINGS LIMITED
08118,ZHONGZI INTERNATIONAL HOLDINGS LIMITED
08120,CHINA DEMETER FINANCIAL INVESTMENTS LIMITED
08121,GUOEN HOLDINGS LIMITED
08123,SINOFORTUNE FINANCIAL HOLDINGS LIMITED
08125,CHINA NEW HOLDINGS LIMITED
08128,CHYY DEVELOPMENT GROUP LIMITED
08130,DADI INTERNATIONAL GROUP LIMITED
08131,ABC MULTIACTIVE LIMITED
08132,CENTURY ENERGY INTERNATIONAL HOLDINGS LIMITED
08133,JISHENG GROUP HOLDINGS LIMITED
08136,IMS GROUP HOLDINGS LIMITED
08137,HONBRIDGE HOLDINGS LIMITED
08139,"ZHEJIANG CHANG'AN RENHENG TECHNOLOGY CO., LTD"
08140,BOSA TECHNOLOGY HOLDINGS LIMITED
08143,GOOD FELLOW HEALTHCARE HOLDINGS LIMITED
08146,GRACE WINE HOLDINGS LIMITED
08147,MILLENNIUM PACIFIC GROUP HOLDINGS LIMITED
08148,WUXI LIFE INTERNATIONAL HOLDINGS GROUP LIMITED
08149,ALTUS HOLDINGS LIMITED
08152,M&L HOLDINGS GROUP LIMITED
08153,JIADING INTERNATIONAL GROUP HOLDINGS LIMITED
08156,SINOPHARM TECH HOLDINGS LIMITED
08158,CHINA REGENERATIVE MEDICINE INTERNATIONAL LIMITED
08159,CHINA UNITED VENTURE INVESTMENT LIMITED
08160,GOLDWAY EDUCATION GROUP LIMITED
08161,MEDINET GROUP LIMITED
08162,LOCO HONG KONG HOLDINGS LIMITED
08163,NOIZ GROUP LIMITED
08168,AMASSE CAPITAL HOLDINGS LIMITED
08169,ECO-TEK HOLDINGS LIMITED
08172,LAJIN ENTERTAINMENT NETWORK GROUP LIMITED
08173,HEPHAESTUS HOLDINGS LIMITED
08176,SUPERROBOTICS HOLDINGS LIMITED
08178,CHINA INFORMATION TECHNOLOGY DEVELOPMENT LIMITED
08179,PALINDA GROUP HOLDINGS LIMITED
08181,KONG SHUM SMART MANAGEMENT GROUP (HOLDINGS) LIMITED
08186,ALMANA LIMITED
08187,JIMU GROUP LIMITED
08188,GME GROUP HOLDINGS LIMITED
08189,TIANJIN TEDA BIOMEDICAL ENGINEERING COMPANY LIMITED
08191,HONG WEI (ASIA) HOLDINGS COMPANY LIMITED
08193,ASIA-PAC FINANCIAL INVESTMENT COMPANY LIMITED
08195,LEGENDARY EDUCATION GROUP LIMITED
08196,FUTIAN HOLDINGS LIMITED
08198,CRYPTO FLOW TECHNOLOGY LIMITED
08200,SAU SAN TONG HOLDINGS LIMITED
08201,PPS INTERNATIONAL (HOLDINGS) LIMITED
08203,KAISUN HOLDINGS LIMITED
08205,SHANGHAI JIAODA WITHUB INFORMATION INDUSTRIAL COMPANY LIMITED
08206,SHENTONG ROBOT EDUCATION GROUP COMPANY LIMITED
08208,RADIANCE GLOBAL GROUP HOLDINGS LIMITED
08210,DLC ASIA LIMITED
08213,STARGLORY HOLDINGS COMPANY LIMITED
08217,"JU FU TANG BIOTECH HOLDINGS CO., LTD"
08218,ECHO INTERNATIONAL HOLDINGS GROUP LIMITED
08219,HANVEY GROUP HOLDINGS LIMITED
08220,BINGO GROUP HOLDINGS LIMITED
08221,GAOYU FINANCE GROUP LIMITED
08222,E LIGHTING GROUP HOLDINGS LIMITED
08223,ZIYUANYUAN HOLDINGS GROUP LIMITED
08225,CHINA HEALTH GROUP INC.
08226,KOALA FINANCIAL GROUP LIMITED
08227,"XI'AN HAITIAN ANTENNA TECHNOLOGIES CO., LTD."
08229,FUTURE DATA GROUP LIMITED
08232,THAC GROUP (HOLDINGS) LIMITED
08237,LINK HOLDINGS LIMITED
08238,WINTO GROUP (HOLDINGS) LIMITED
08239,CAPITAL FINANCE HOLDINGS LIMITED
08241,YING KEE TEA HOUSE GROUP LIMITED
08245,CANOPY SKYFIRE GROUP LIMITED
08246,ZHONGHUA GAS HOLDINGS LIMITED
08247,BIOSINO BIO-TECHNOLOGY AND SCIENCE INCORPORATION
08249,ZHEJIANG RUIYUAN INTELLIGENT CONTROL TECHNOLOGY COMPANY LIMITED
08250,DU DU HOLDINGS LIMITED
08262,SUPER STRONG HOLDINGS LIMITED
08267,"LINEKONG INTERACTIVE GROUP CO., LTD."
08268,SMART CITY DEVELOPMENT HOLDINGS LIMITED
08269,GO UP EDUCATION TECHNOLOGY LIMITED
08270,CHINA CBM GROUP COMPANY LIMITED
08271,GLOBAL DIGITAL CREATIONS HOLDINGS LIMITED
08275,CHINA NEW CONSUMPTION GROUP LIMITED
08277,STEED ORIENTAL (HOLDINGS) COMPANY LIMITED
08279,AGTECH HOLDINGS LIMITED
08280,CHINA DIGITAL VIDEO HOLDINGS LIMITED
08281,CHINA GOLDEN CLASSIC GROUP LIMITED
08282,GAMEONE HOLDINGS LIMITED
08283,ZHONGSHI MINAN HOLDINGS LIMITED
08285,SLING GROUP HOLDINGS LIMITED
08286,SHANXI CHANGCHENG MICROLIGHT EQUIPMENT CO. LTD.
08290,AHSAY BACKUP SOFTWARE DEVELOPMENT COMPANY LIMITED
08291,HONG KONG ENTERTAINMENT INTERNATIONAL HOLDINGS LIMITED
08292,VSING LIMITED
08293,SINGASIA HOLDINGS LIMITED
08295,KINGWISOFT TECHNOLOGY GROUP COMPANY LIMITED
08296,SINO-LIFE GROUP LIMITED
08297,OCEAN STAR TECHNOLOGY GROUP LIMITED
08299,GT GOLD HOLDINGS LIMITED
08300,JIN MI FANG GROUP HOLDINGS LIMITED
08305,SHENG TANG HOLDINGS LIMITED
08307,MEDICSKIN HOLDINGS LIMITED
08308,GUDOU HOLDINGS LIMITED
08309,MAN SHING GLOBAL HOLDINGS LIMITED
08310,"YANCHENG PORT INTERNATIONAL CO., LIMITED"
08311,PERFECT OPTRONICS LIMITED
08313,ZACD GROUP LTD.
08315,CENTURY PLAZA HOTEL GROUP
08316,CHINA HONGBAO HOLDINGS LIMITED
08317,FINET GROUP LIMITED
08319,EXPERT SYSTEMS HOLDINGS LIMITED
08320,ALLIED SUSTAINABILITY AND ENVIRONMENTAL CONSULTANTS GROUP LIMITED
08321,TAI KAM HOLDINGS LIMITED
08326,TONKING NEW ENERGY GROUP HOLDINGS LIMITED
08328,XINYI ELECTRIC STORAGE HOLDINGS LIMITED
08329,SHENZHEN NEPTUNUS INTERLONG BIO-TECHNIQUE COMPANY LIMITED
08331,P.B. GROUP LIMITED
08333,ASTRUM FINANCIAL HOLDINGS LIMITED
08337,DIRECTEL HOLDINGS LIMITED
08340,ZIJING INTERNATIONAL FINANCIAL HOLDINGS LIMITED
08341,AESO HOLDING LIMITED
08347,F8 ENTERPRISES (HOLDINGS) GROUP LIMITED
08348,TIANJIN BINHAI TEDA LOGISTICS (GROUP) CORPORATION LIMITED
08349,YUNHONG GUIXIN GROUP HOLDINGS LIMITED
08350,WELL LINK SECURITIES HOLDINGS LIMITED
08356,TSUN YIP HOLDINGS LIMITED
08357,REPUBLIC HEALTHCARE LIMITED
08360,BASIC HOUSE NEW LIFE GROUP LIMITED
08362,WINNING TOWER GROUP HOLDINGS LIMITED
08365,HATCHER GROUP LIMITED
08366,ZHEJIANG UNITED INVESTMENT HOLDINGS GROUP LIMITED
08367,SIMPLICITY HOLDING LIMITED
08368,CREATIVE CHINA HOLDINGS LIMITED
08370,ZHI SHENG GROUP HOLDINGS LIMITED
08371,TASTE.GOURMET GROUP LIMITED
08372,GRAND BRILLIANCE GROUP HOLDINGS LIMITED
08373,INDIGO STAR HOLDINGS LIMITED
08375,DATA UNION CAPITAL INTERNATIONAL HOLDINGS GROUP LIMITED
08377,HARBOUR EQUINE HOLDINGS LIMITED
08379,PRIME INTELLIGENCE SOLUTIONS GROUP LIMITED
08385,PROSPEROUS PRINTING COMPANY LIMITED
08391,CORNERSTONE TECHNOLOGIES HOLDINGS LIMITED
08392,SATU HOLDINGS LIMITED
08395,ZXZN QI-HOUSE HOLDINGS LIMITED
08400,ASIA PIONEER ENTERTAINMENT HOLDINGS LIMITED
08401,HUA XIA WATER GROUP LIMITED
08402,PLATEAU TREASURES LIMITED
08403,DEFENG SOLIFE HOLDINGS LIMITED
08406,CHINA ORAL INDUSTRY GROUP HOLDINGS LIMITED
08411,K W NELSON INTERIOR DESIGN AND CONTRACTING GROUP LIMITED
08412,NEW AMANTE GROUP LIMITED
08413,ASIA GROCERY DISTRIBUTION LIMITED
08416,HM INTERNATIONAL HOLDINGS LIMITED
08417,DADI EDUCATION HOLDINGS LIMITED
08418,OPTIMA AUTOMOBILE GROUP HOLDINGS LIMITED
08419,AV PROMOTIONS HOLDINGS LIMITED
08420,NEXION TECHNOLOGIES LIMITED
08422,WT GROUP HOLDINGS LIMITED
08423,CHI HO DEVELOPMENT HOLDINGS LIMITED
08425,HING MING HOLDINGS LIMITED
08426,MODERN LIVING INVESTMENTS HOLDINGS LIMITED
08427,WS-SK TARGET GROUP LIMITED
08428,CBK HOLDINGS LIMITED
08429,SV VISION LIMITED
08430,C&N HOLDINGS LIMITED
08431,HAO BAI INTERNATIONAL (CAYMAN) LIMITED
08432,BAR PACIFIC GROUP HOLDINGS LIMITED
08436,TAKBO GROUP HOLDINGS LIMITED
08437,RMH HOLDINGS LIMITED
08439,SOMERLEY CAPITAL HOLDINGS LIMITED
08445,NOBLE ENGINEERING GROUP HOLDINGS LIMITED
08446,"BRIGHTSTAR TECHNOLOGY GROUP CO., LTD"
08447,MS CONCEPT LIMITED
08448,UNIVERSE PRINTSHOP HOLDINGS LIMITED
08450,EDICO HOLDINGS LIMITED
08451,SUNLIGHT (1977) HOLDINGS LIMITED
08452,"FY FINANCIAL (SHENZHEN) CO., LTD."
08455,LAI GROUP HOLDING COMPANY LIMITED
08456,MANSION INTERNATIONAL HOLDINGS LIMITED
08460,BASETROPHY GROUP HOLDINGS LIMITED
08462,OMNIBRIDGE HOLDINGS LIMITED
08471,REACH NEW HOLDINGS LIMITED
08472,LAPCO HOLDINGS LIMITED
08473,MI MING MART HOLDINGS LIMITED
08475,"E-STATION GREEN TECHNOLOGY GROUP CO., LIMITED"
08480,FURNIWEB HOLDINGS LIMITED
08481,SHENGLONG SPLENDECOR INTERNATIONAL LIMITED
08482,WAN LEADER INTERNATIONAL LIMITED
08483,MAX SIGHT GROUP HOLDINGS LIMITED
08487,ISP GLOBAL LIMITED
08489,GRAND POWER LOGISTICS GROUP LIMITED
08490,NICHE-TECH SEMICONDUCTOR MATERIALS LIMITED
08491,COOL LINK (HOLDINGS) LIMITED
08493,SCORCHING DRAGON HOLDINGS LIMITED
08495,1957 & CO. (HOSPITALITY) LIMITED
08496,GLOBAL UIN INTELLIGENCE HOLDINGS LIMITED
08500,ICON CULTURE GLOBAL COMPANY LIMITED
08501,SANBASE CORPORATION LIMITED
08502,OCEAN LINE PORT DEVELOPMENT LIMITED
08507,I.CENTURY HOLDING LIMITED
08509,WINE'S LINK INTERNATIONAL HOLDINGS LIMITED
08510,TOP STANDARD CORPORATION
08511,MIN FU INTERNATIONAL HOLDING LIMITED
08512,HYFUSIN GROUP HOLDINGS LIMITED
08513,MAXWIN INTERNATIONAL HOLDINGS LIMITED
08516,ZHONG YING INTERNATIONAL GROUP LIMITED
08519,XINXIANG ERA GROUP COMPANY LIMITED
08521,WEBX INTERNATIONAL HOLDINGS COMPANY LIMITED
08525,BAIYING HOLDINGS GROUP LIMITED
08526,WING FUNG GROUP ASIA LIMITED
08527,JLOGO HOLDINGS LIMITED
08529,UBOT HOLDING LIMITED
08532,POLYFAIR HOLDINGS LIMITED
08535,VISTAR HOLDINGS LIMITED
08536,TL NATURAL GAS HOLDINGS LIMITED
08537,CHONG FAI JEWELLERY GROUP HOLDINGS COMPANY LIMITED
08540,VICTORY SECURITIES (HOLDINGS) COMPANY LIMITED
08545,AMUSE GROUP HOLDING LIMITED
08547,PACIFIC LEGEND GROUP LIMITED
08549,GOLDEN LEAF INTERNATIONAL GROUP LIMITED
08558,MADISON HOLDINGS GROUP LIMITED -OLD
08566,REACH NEW HOLDINGS LIMITED -TEMPORARY COUNTER
08571,CHINA NETCOM TECHNOLOGY HOLDINGS LIMITED -TEMPORARY COUNTER
08601,BOLTEK HOLDINGS LIMITED
08606,KINETIX SYSTEMS HOLDINGS LIMITED
08610,BBSB INTERNATIONAL LIMITED
08611,MINDTELL TECHNOLOGY LIMITED
08612,WORLD SUPER HOLDINGS LIMITED
08613,ORIENTAL PAYMENT GROUP HOLDINGS LIMITED
08616,SUNRAY ENGINEERING GROUP LIMITED
08619,NIU HOLDINGS LIMITED
08620,ASIA-EXPRESS LOGISTICS HOLDINGS LIMITED
08621,METROPOLIS CAPITAL HOLDINGS LIMITED
08622,JOYZYME GROUP LIMITED
08623,CHINA SAFTOWER INTERNATIONAL HOLDING GROUP LIMITED
08627,ORANGE TOUR CULTURAL HOLDING LIMITED
08629,"GUANGDONG SYNTRUST GK TESTING AND CERTIFICATION TECH SERVICE CENTER CO.,"
08631,SUN KONG HOLDINGS LIMITED
08635,ELEPHANT HOLDINGS GROUP LIMITED
08637,METASURFACE TECHNOLOGIES HOLDINGS LIMITED
08645,BYTE METAVERSE HOLDINGS LIMITED
08646,CHINA HONGGUANG HOLDINGS LIMITED
08657,TRUE PARTNER CAPITAL HOLDING LIMITED
08659,YIK WO INTERNATIONAL HOLDINGS LIMITED
08661,INTELLIMARK AI INTERNATIONAL LIMITED WARRANTS 2027
08668,YING HAI GROUP HOLDINGS COMPANY LIMITED
09001,PREMIA CHINA USD PROPERTY BOND ETF -USD TRADED UNITS
09008,BOSERA HASHKEY BITCOIN ETF- USD COUNTER
09009,BOSERA HASHKEY ETHER ETF- USD COUNTER
09010,ISHARES CORE MSCI ASIA EX JAPAN ETF -USD COUNTER
09011,ICBC CICC USD MONEY MARKET ETF -USD TRADED UNITS
09031,FULLGOAL HANG SENG HK HIGH DIVIDEND ETF -USD COUNTER
09040,GLOBAL X MSCI CHINA ETF-USD TRADED UNITS
09042,CHINAAMC BITCOIN ETF- USD COUNTER
09046,CHINAAMC ETHER ETF- USD COUNTER
09047,SSIF DCE IRON ORE FUTURES INDEX ETF -USD TRADED UNITS
09064,GLOBAL X MSCI ASIA PACIFIC EX JAPAN ETF -USD COUNTER
09067,ISHARES HANG SENG TECH ETF - USD TRADED UNITS
09069,CHINAAMC HANG SENG BIOTECH ETF -USD TRADED UNITS
09070,PING AN OF CHINA CSI HK DIVIDEND ETF -USD COUNTER
09074,ISHARES CORE MSCI TAIWAN ETF - USD TRADED UNITS
09075,GLOBAL X ASIA USD INVESTMENT GRADE BOND ETF-USD TRADED SHARES
09077,PREMIA US TREASURY FLOATING RATE ETF -USD TRADED UNITS
09078,PREMIA US TREASURY FLOATING RATE ETF- ACCUMULATING UNIT CLASS
09081,VALUE GOLD ETF-USD TRADED UNITS
09084,GLOBAL X INDIA SECTOR LEADER ACTIVE ETF -USD COUNTER
09086,CHINAAMC NASDAQ 100 ETF -USD TRADED UNITS
09088,CHINAAMC HANG SENG TECH INDEX ETF -USD TRADED UNITS
09096,CSOP US DOLLAR MONEY MARKET ETF -USD TRADED UNITS
09102,ICBC UBS KRANESHARES KWEB CSI CHINA INTERNET ETF-USD COUNTER
09104,GLOBAL X EMERGING MARKETS ASIA ACTIVE ETF-USD COUNTER
09107,BOSERA 20+ YEAR US TREASURY BOND ETF -ACCU LISTED SHARE CLASS USD COUNTER
09115,ISHARES CORE HANG SENG INDEX ETF -USD TRADED UNITS
09140,CHINAAMC HK-US AI ETF -USD COUNTER
09141,CHINAAMC ASIA USD INVESTMENT GRADE BOND ETF-USD TRADED UNITS
09146,CHINAAMC 20+ YEAR US TREASURY BOND ETF -DIST LISTED CLASS-USD TRADED UNIT
09151,PREMIA CHINA STAR50 ETF-USD TRADED UNITS
09156,BOSERA 20+ YEAR US TREASURY BOND ETF -DIST LISTED SHARE CLASS USD COUNTER
09159,PREMIA FTSE TWSE TAIWAN 50 ETF (LISTED ACCUMULATION UNITS)
09167,ICBC CSOP S&P NEW CHINA SECTORS ETF -USD TRADED UNITS
09173,PREMIA CSI CAIXIN CHINA NEW ECONOMY ETF-USD TRADED UNITS
09176,TAIKANG HONG KONG USD MONEY MARKET ETF -USD COUNTER
09177,PREMIA CHINA TREASURY AND POLICY BANK BOND LONG DURATION ETF - USD HEDGED UNIT
09179,HARVEST ETHER SPOT ETF- USD COUNTER
09181,PREMIA ASIA INNOVATIVE TECHNOLOGY AND METAVERSE THEME ETF-USD TRADED UNITS
09187,SAMSUNG S&P HIGH DIVIDEND APAC EX NZ REITS ETF-USD TRADED UNITS
09188,CHINAAMC CSI 300 INDEX ETF -USD TRADED UNITS
09191,GLOBAL X CHINA SEMICONDUCTOR ETF - USD TRADED SHARES
09195,HANG SENG S&P 500 INDEX ETF -USD TRADED UNITS
09196,BOSERA USD MONEY MARKET ETF- USD COUNTER
09311,CSOP COINBASE DAILY (-2X) INVERSE PRODUCT - USD COUNTER
09347,CSOP SAMSUNG ELECTRONICS DAILY (-2X) INVERSE PRODUCT - USD COUNTER
09366,CSOP TESLA DAILY (-2X) INVERSE PRODUCT - USD COUNTER
09388,CSOP NVIDIA DAILY (-2X) INVERSE PRODUCT - USD COUNTER
09399,CSOP MICROSTRATEGY DAILY (-2X) INVERSE PRODUCT - USD COUNTER
09403,CHINAAMC HSI ESG ETF -USD TRADED UNITS
09404,CHINAAMC MSCI INDIA ETF -USD COUNTER
09406,PING AN TECHNOLOGY SELECT ETF -USD COUNTER
09411,PREMIA J.P. MORGAN ASIA CREDIT INV GRADE USD BOND ETF - USD COUNTER
09415,GLOBAL X S&P 500 COVERED CALL ACTIVE ETF -USD COUNTER
09416,GLOBAL X HSCEI COVERED CALL ACTIVE ETF - USD COUNTER
09418,CHINAAMC DIGITAL GOLD ETF -USD TRADED SHARES
09425,MICROBIT ETHER SPOT ETF -USD TRADED UNITS
09428,GLOBAL X CHINA LIFE FRANKLIN HK-US EQUITY SELECT ETF - USD COUNTER
09430,MICROBIT BITCOIN SPOT ETF -USD TRADED UNITS
09434,E FUND (HK) WIND DIGITAL TECHNOLOGY INDEX ETF-USD COUNTER
09437,BOSERA CHINA REFORM HONG KONG CENTRAL -SOES HIGH DIV YIELD IND ETF-USD COUNTER
09439,HARVEST BITCOIN SPOT ETF- USD COUNTER
09440,GLOBAL X US TREASURY 0-3 MONTH ETF -USD COUNTER
09446,CHINAAMC 20+ YEAR US TREASURY BOND ETF -ACCU LISTED CLASS-USD TRADED UNIT
09450,GLOBAL X US TREASURY 3-5 YEAR ETF -USD COUNTER
09451,GLOBAL X NASDAQ 100 COVERED CALL ACTIVE ETF-USD COUNTER
09455,"INVESCO QQQ TRUSTSM, SERIES 1- USD COUNTER"
09460,CHINAAMC SOLANA ETF -USD TRADED SHARES
09472,CHINAAMC USD DIGITAL MONEY MARKET FUND -USD TRADED SHARES
09477,PING AN EAST-WEST SELECT ETF -USD COUNTER
09478,PREMIA BOCHK SAUDI ARABIA GOVERNMENT SUKUK ETF-USD COUNTER
09480,VALUE PARTNERS USD MONEY MARKET ETF -USD TRADED SHARES
09483,E FUND (HK) MSCI ASIA PACIFIC SELECT HIGH DIVIDEND INDEX ETF-USD COUNTER
09489,E FUND (HK) FTSE AI SELECT INDEX ETF -USD COUNTER
09600,NEWLINK TECHNOLOGY INC.
09606,"DUALITY BIOTHERAPEUTICS, INC."
09608,SUNDY SERVICE GROUP CO. LTD
09609,"HEBEI HAIWEI ELECTRONIC NEW MATERIAL TECHNOLOGY CO., LTD."
09611,"SHANGHAI LONGCHEER TECHNOLOGY CO., LTD."
09616,NEUTECH GROUP LIMITED
09618,"JD.COM, INC. -HKD TRADED SHARES"
09626,BILIBILI INC.
09630,"CIRCUIT FABOLOGY MICROELECTRONICS EQUIPMENT CO., LTD."
09633,"NONGFU SPRING CO., LTD."
09636,JF SMARTINVEST HOLDINGS LTD
09637,ALEBUND PHARMACEUTICALS (JIANGSU) LIMITED
09638,FERRETTI S.P.A.
09639,WING LEE DEVELOPMENT CONSTRUCTION HOLDINGS LIMITED
09658,SUPER HI INTERNATIONAL HOLDING LTD.
09660,HORIZON ROBOTICS
09663,"SINO-SYNERGY HYDROGEN ENERGY TECHNOLOGY (JIAXING) CO., LTD."
09668,"CHINA BOHAI BANK CO., LTD."
09669,BEISEN HOLDING LIMITED
09676,"SHIYUE DAOTIAN GROUP CO., LTD."
09677,"WEIHAI BANK CO., LTD."
09678,"UNISOUND AI TECHNOLOGY CO., LTD."
09680,CHENQI TECHNOLOGY LIMITED
09686,XIKANG CLOUD HOSPITAL HOLDINGS INC.
09688,ZAI LAB LIMITED
09689,JTF INTERNATIONAL HOLDINGS LIMITED
09690,TUHU CAR INC.
09696,TIANQI LITHIUM CORPORATION
09698,GDS HOLDINGS LIMITED
09699,"HANGZHOU SF INTRA-CITY INDUSTRIAL CO., LTD."
09711,CSOP COINBASE DAILY (2X) LEVERAGED PRODUCT - USD COUNTER
09747,CSOP SAMSUNG ELECTRONICS DAILY (2X) LEVERAGED PRODUCT - USD COUNTER
09766,CSOP TESLA DAILY (2X) LEVERAGED PRODUCT - USD COUNTER
09777,CSOP BERKSHIRE DAILY (2X) LEVERAGED PRODUCT - USD COUNTER
09788,CSOP NVIDIA DAILY (2X) LEVERAGED PRODUCT - USD COUNTER
09799,CSOP MICROSTRATEGY DAILY (2X) LEVERAGED PRODUCT - USD COUNTER
09801,ISHARES CORE MSCI CHINA ETF -USD TRADED UNIT
09803,PREMIA CSI CAIXIN CHINA BEDROCK ECONOMY ETF-USD TRADED UNITS
09804,PREMIA VIETNAM ETF -USD COUNTER
09805,GALAXY BOSERA MSCI CHINA ASEAN ECONOMIC LINKAGE SELECT INDEX ETF-USD COUNTER
09806,GLOBAL X CHINA CONSUMER BRAND ETF - USD TRADED SHARES
09807,GLOBAL X CHINA ROBOTICS AND AI ETF - USD TRADED SHARES
09809,GLOBAL X CHINA CLEAN ENERGY ETF - USD TRADED SHARES
09810,PREMIA DOW JONES EMERGING ASEAN TITANS 100 ETF-USD TRADED UNITS
09812,SAMSUNG CSI CHINA DRAGON INTERNET ETF - USD TRADED UNIT
09814,SAMSUNG NYSE FANG+ETF -USD TRADED UNITS
09817,PREMIA CHINA TREASURY AND POLICY BANK BOND LONG DURATION ETF-USD TRADED UNITS
09820,GLOBAL X CHINA BIOTECH ETF -USD TRADED UNITS
09824,E FUND (HK) SOLACTIVE GLOBAL GOLD MINER SELECT INDEX ETF-USD COUNTER
09826,GLOBAL X CHINA CLOUD COMPUTING ETF -USD TRADED UNITS
09829,ISHARES CHINA GOVERNMENT BOND ETF- USD TRADED UNITS
09834,ISHARES NASDAQ 100 ETF - USD TRADED UNITS
09836,ISHARES CORE SENSEX INDIA ETF -USD COUNTER
09839,CHINAAMC MSCI CHINA A 50 CONNECT ETF- USD TRADED UNITS
09840,SPDR GOLD TRUST -USD COUNTER
09845,GLOBAL X CHINA ELECTRIC VEHICLE ETF- USD TRADED SHARES
09846,ISHARES CORE CSI 300 ETF -USD COUNTER
09857,LINMON MEDIA LIMITED
09858,CHINA YOURAN DAIRY GROUP LIMITED
09860,ADICON HOLDINGS LIMITED
09863,"ZHEJIANG LEAPMOTOR TECHNOLOGY CO., LTD."
09866,NIO INC.
09868,XPENG INC.
09869,HELENS INTERNATIONAL HOLDINGS COMPANY LIMITED
09876,OCEAN ONE HOLDING LTD.
09877,"JENSCARE SCIENTIFIC CO., LTD."
09878,"HUITONGDA NETWORK CO., LTD."
09879,MIGAO GROUP HOLDINGS LIMITED
09880,UBTECH ROBOTICS CORP LTD
09881,"RONGTA TECHNOLOGY (XIAMEN) GROUP CO., LTD."
09882,BEST LINKING GROUP HOLDINGS LIMITED
09885,YSB INC.
09886,DINGDANG HEALTH TECHNOLOGY GROUP LTD.
09887,"NANJING LEADS BIOLABS CO., LTD."
09888,"BAIDU, INC. -HKD TRADED SHARES"
09889,"DONGGUAN RURAL COMMERCIAL BANK CO., LTD."
09890,TANWAN INC.
09893,PIZU GROUP HOLDINGS LIMITED
09896,MINISO GROUP HOLDING LIMITED
09898,WEIBO CORPORATION
09899,NETEASE CLOUD MUSIC INC.
09900,HONG KONG ZCLOUD TECHNOLOGY CONSTRUCTION LIMITED
09901,NEW ORIENTAL EDUCATION & TECHNOLOGY GROUP INC.
09903,"SHANGHAI ILUVATAR COREX SEMICONDUCTOR CO., LTD."
09906,HONLIV HEALTHCARE MANAGEMENT GROUP COMPANY LIMITED
09908,"JIAXING GAS GROUP CO., LTD."
09909,POWERLONG COMMERCIAL MANAGEMENT HOLDINGS LIMITED
09911,NEWBORN TOWN INC.
09913,CHI KAN HOLDINGS LIMITED
09916,XINGYE WULIAN SERVICE GROUP CO. LTD.
09918,WISE ALLY INTERNATIONAL HOLDINGS LIMITED
09919,ACTIVATION GROUP HOLDINGS LIMITED
09922,JIUMAOJIU INTERNATIONAL HOLDINGS LIMITED
09923,YEAHKA LIMITED
09926,"AKESO, INC."
09927,"SERES GROUP CO., LTD."
09928,TIMES NEIGHBORHOOD HOLDINGS LIMITED
09929,SEM HOLDINGS LIMITED
09930,HORIZON CONSTRUCTION DEVELOPMENT LIMITED
09933,GHW INTERNATIONAL
09936,XIMEI RESOURCES HOLDING LIMITED
09938,WAH WO HOLDINGS GROUP LIMITED
09939,KINTOR PHARMACEUTICAL LIMITED
09955,CLOUDR GROUP LIMITED
09958,LITIAN PICTURES HOLDINGS LIMITED
09959,LINKLOGIS INC.
09960,"KINDSTAR GLOBALGENE TECHNOLOGY, INC."
09961,TRIP.COM GROUP LIMITED
09963,TRANSTECH OPTELECOM SCIENCE HOLDINGS LIMITED
09966,ALPHAMAB ONCOLOGY
09968,HUIJING HOLDINGS COMPANY LIMITED
09969,INNOCARE PHARMA LIMITED
09973,"CHERY AUTOMOBILE CO., LTD."
09978,FINELAND LIVING SERVICES GROUP LIMITED
09979,GREENTOWN MANAGEMENT HOLDINGS COMPANY LIMITED
09980,"EASTROC BEVERAGE (GROUP) CO., LTD."
09981,"SHENZHEN WOER HEAT-SHRINKABLE MATERIAL CO., LTD."
09982,CENTRAL CHINA MANAGEMENT COMPANY LIMITED
09983,CENTRAL CHINA NEW LIFE LIMITED
09985,WEILONG DELICIOUS GLOBAL HOLDINGS LTD
09986,DASHAN EDUCATION HOLDINGS LIMITED
09987,"YUM CHINA HOLDINGS, INC."
09988,ALIBABA GROUP HOLDING LIMITED -HKD TRADED SHARES
09989,"SHENZHEN HEPALINK PHARMACEUTICAL GROUP CO., LTD."
09990,ARCHOSAUR GAMES INC.
09991,BAOZUN INC.
09992,POP MART INTERNATIONAL GROUP LIMITED
09993,RADIANCE HOLDINGS (GROUP) COMPANY LIMITED
09995,"REMEGEN CO., LTD."
09996,PEIJIA MEDICAL LIMITED
09998,KWAN YONG HOLDINGS LIMITED
09999,"NETEASE, INC."
30001,"SUZHOU HYC TECHNOLOGY CO.,LTD (A #688001)"
30002,"RAYTRON TECHNOLOGY CO.,LTD. (A #688002)"
30003,"SUZHOU TZTEK TECHNOLOGY CO.,LTD. (A #688003)"
30005,"NINGBO RONBAY NEW ENERGY TECHNOLOGY CO., LTD. (A #688005)"
30006,ZHEJIANG HANGKE TECHNOLOGY INCORPORATED COMPANY (A #688006)
30007,APPOTRONICS CORPORATION LIMITED (A #688007)
30008,"MONTAGE TECHNOLOGY CO., LTD. (A #688008)"
30009,CHINA RAILWAY SIGNAL & COMMUNICATION CORPORATION LIMITED (A #688009)
30010,"FUJIAN FORECAM OPTICS CO.,LTD. (A #688010)"
30011,"HARBIN XINGUANG OPTIC-ELECTRONICS TECHNOLOGY CO.,LTD. (A #688011)"
30012,ADVANCED MICRO-FABRICATION EQUIPMENT INC. CHINA (A #688012)
30016,"SHANGHAI MICROPORT ENDOVASCULAR MEDTEC (GROUP) CO., LTD. (A #688016)"
30017,"LEADER HARMONIOUS DRIVE SYSTEMS CO., LTD. (A #688017)"
30018,"ESPRESSIF SYSTEMS (SHANGHAI) CO., LTD. (A #688018)"
30019,"ANJI MICROELECTRONICS TECHNOLOGY (SHANGHAI) CO., LTD. (A #688019)"
30020,"GUANGZHOU FANGBANG ELECTRONICS CO.,LTD (A #688020)"
30022,"SUZHOU HARMONTRONICS AUTOMATION TECHNOLOGY CO.,LTD (A #688022)"
30023,"DBAPPSECURITY CO., LTD. (A #688023)"
30025,"SHENZHEN JPT OPTO-ELECTRONICS CO., LTD. (A #688025)"
30026,"GUANGZHOU JET BIOFILTRATION CO.,LTD. (A #688026)"
30027,"QUANTUMCTEK CO., LTD. (A #688027)"
30028,"BEIJING WORLDIA DIAMOND TOOLS CO.,LTD. (A #688028)"
30029,"MICRO-TECH (NANJING) CO.,LTD (A #688029)"
30031,"TRANSWARP TECHNOLOGY (SHANGHAI) CO.,LTD. (A #688031)"
30032,HOYMILES POWER ELECTRONICS INC. (A #688032)
30033,"BEIJING TIANYISHANGJIA HIGH-TECH MATERIALS CORP., LTD. (A #688033)"
30035,"DARBOND TECHNOLOGY CO., LTD (A #688035)"
30036,TRANSSION HOLDINGS LTD.CO (A #688036)
30037,"KINGSEMI CO.,LTD. (A #688037)"
30039,"HANGZHOU ARCVIDEO TECHNOLOGY CO., LTD. (A #688039)"
30041,"HYGON INFORMATION TECHNOLOGY CO., LTD. (A #688041)"
30046,"GEMPHARMATECH CO., LTD. (A #688046)"
30047,LOONGSON TECHNOLOGY CORPORATION LIMITED (A #688047)
30048,"SUZHOU EVERBRIGHT PHOTONICS CO., LTD. (A #688048)"
30049,"ACTIONS TECHNOLOGY CO., LTD. (A #688049)"
30050,"EYEBRIGHT MEDICAL TECHNOLOGY (BEIJING) CO., LTD. (A #688050)"
30052,"SUZHOU NOVOSENSE MICROELECTRONICS CO., LTD. (A #688052)"
30053,"CHENGDU SCREEN MICRO-ELECTRONICS CO.,LTD. (A #688053)"
30055,"INFOVISION OPTOELECTRONICS (KUNSHAN) CO.,LTD. (A #688055)"
30059,"ZHUZHOU HUARUI PRECISION CUTTING TOOLS.CO.,LTD (A #688059)"
30061,"SHANGHAI ORIENT-CHIP TECHNOLOGY CO.,LTD. (A #688061)"
30062,"MABWELL (SHANGHAI) BIOSCIENCE CO., LTD. (A #688062)"
30063,"PYLON TECHNOLOGIES CO., LTD. (A #688063)"
30065,CATHAY BIOTECH INC. (A #688065)
30066,"PIESAT INFORMATION TECHNOLOGY CO., LTD. (A #688066)"
30068,"BEIJING HOTGEN BIOTECH CO.,LTD (A #688068)"
30072,PIOTECH INC. (A #688072)
30073,"BIDE PHARMATECH CO., LTD. (A #688073)"
30075,"ASSURE TECH (HANGZHOU) CO., LTD. (A #688075)"
30076,"JIANGSU SINOPEP-ALLSINO BIOPHARMACEUTICAL CO., LTD. (A #688076)"
30079,"HANGZHOU MDK OPTO ELECTRONICS CO.,LTD (A #688079)"
30082,"ACM RESEARCH(SHANGHAI),INC. (A #688082)"
30083,"ZWSOFT CO.,LTD.(GUANGZHOU) (A #688083)"
30084,"BEIJING JINGPINTEZHUANG SCIENCE AND TECHNOLOGY CO.,LTD (A #688084)"
30085,"SHANGHAI SANYOU MEDICAL CO., LTD. (A #688085)"
30087,"INTCO RECYCLING RESOURCES CO., LTD. (A #688087)"
30088,ARCSOFT CORPORATION LIMITED (A #688088)
30089,"CABIO BIOTECH(WUHAN) CO., LTD. (A #688089)"
30090,"GUANGZHOU RISONG INTELLIGENT TECHNOLOGY HOLDING CO., LTD. (A #688090)"
30091,"SHANGHAI YIZHONG PHARMACEUTICAL CO., LTD. (A #688091)"
30093,"SUZHOU SHIHUA NEW MATERIAL TECHNOLOGY CO., LTD. (A #688093)"
30095,"FUJIAN FUXIN SOFTWARE DEV JOINT STOCK CO., LTD. (A #688095)"
30097,"BOZHON PRECISION INDUSTRY TECHNOLOGY CO.,LTD. (A #688097)"
30099,"AMLOGIC (SHANGHAI) CO., LTD. (A #688099)"
30100,"WILLFAR INFORMATION TECHNOLOGY CO., LTD. (A #688100)"
30101,"SUNTAR ENVIRONMENTAL TECHNOLOGY CO., LTD. (A #688101)"
30102,"SHAANXI SIRUI ADVANCED MATERIALS CO.,LTD. (A #688102)"
30103,"KUNSHAN GLVAC ELECTRONIC TECHNOLOGY CO.,LTD. (A #688103)"
30105,"NANJING VAZYME BIOTECH CO., LTD. (A #688105)"
30106,"JINHONG GAS CO., LTD. (A #688106)"
30107,"SHANGHAI ANLOGIC INFOTECH CO., LTD. (A #688107)"
30108,SINO MEDICAL SCIENCES TECHNOLOGY INC. (A #688108)
30109,"PINMING TECHNOLOGY CO., LTD. (A #688109)"
30110,"DOSILICON CO., LTD. (A #688110)"
30111,BEIJING KINGSOFT OFFICE SOFTWARE.INC (A #688111)
30112,"SIGLENT TECHNOLOGIES CO., LTD. (A #688112)"
30114,"MGI TECH CO., LTD. (A #688114)"
30116,"JIANGSU CNANO TECHNOLOGY CO.,LTD. (A #688116)"
30117,"CHENGDU SHENG NUO BIOTEC CO.,LTD. (A #688117)"
30119,"SINOSTEEL LUONAI MATERIALS TECHNOLOGY CO., LTD. (A #688119)"
30120,"HWATSING TECHNOLOGY CO.,LTD. (A #688120)"
30121,"SHANGHAI SUPEZET ENGINEERING TECHNOLOGY CORP., LTD. (A #688121)"
30122,"WESTERN SUPERCONDUCTING TECHNOLOGIES CO.,LTD. (A #688122)"
30123,GIANTEC SEMICONDUCTOR CORPORATION (A #688123)
30125,"GUANGDONG ANDA AUTOMATION SOLUTIONS CO.,LTD. (A #688125)"
30126,"NATIONAL SILICON INDUSTRY GROUP CO., LTD. (A #688126)"
30127,"ZHEJIANG LANTE OPTICS CO.,LTD. (A #688127)"
30128,"CHINA NATIONAL ELECTRIC APPARATUS RESEARCH INSTITUTE CO., LTD. (A #688128)"
30131,"SHANGHAI HAOYUAN CHEMEXPRESS CO.,LTD. (A #688131)"
30133,"SHANGHAI TITAN SCIENTIFIC CO.,LTD. (A #688133)"
30135,"GUANGDONG LEADYO IC TESTING CO.,LTD. (A #688135)"
30136,"SHAN DONG KEXING BIOPRODUCTS CO., LTD (A #688136)"
30138,SHENZHEN QINGYI PHOTOMASK LIMITED (A #688138)
30139,"QINGDAO HAIER BIOMEDICAL CO., LTD. (A #688139)"
30141,"JOULWATT TECHNOLOGY CO., LTD. (A #688141)"
30143,"YANGTZE OPTICAL ELECTRONIC CO., LTD. (A #688143)"
30146,"PERIC SPECIAL GASES CO., LTD. (A #688146)"
30147,"JIANGSU LEADMICRO NANO TECHNOLOGY CO., LTD. (A #688147)"
30148,"GUANGDONG FANGYUAN ENVIRONMENT CO., LTD. (A #688148)"
30150,"SHAANXI LIGHTE OPTOELECTRONICS MATERIAL CO.,LTD (A #688150)"
30151,"HUBEI HUAQIANG HIGH-TECH CO.,LTD. (A #688151)"
30152,"HUNAN KYLINSEC TECHNOLOGY CO., LTD. (A #688152)"
30153,"VANCHIP(TIANJIN) TECHNOLOGY CO.,LTD. (A #688153)"
30155,"SHANGHAI SK AUTOMATION TECHNOLOGY CO., LTD (A #688155)"
30157,"SOKAN NEW MATERIALS GROUP CO.,LTD. (A #688157)"
30159,"SHENZHEN NEOWAY TECHNOLOGY CO.,LTD. (A #688159)"
30160,"KINCO AUTOMATION (SHANGHAI) CO., LTD (A #688160)"
30161,"SHANDONG WEIGAO ORTHOPAEDIC DEVICE CO.,LTD. (A #688161)"
30162,"JEE TECHNOLOGY CO., LTD. (A #688162)"
30165,"EFORT INTELLIGENT ROBOT CO.,LTD. (A #688165)"
30166,"BRIGHTGENE BIO-MEDICAL TECHNOLOGY CO.,LTD. (A #688166)"
30167,FOCUSLIGHT TECHNOLOGIES INC. (A #688167)
30168,"BEIJING ABT NETWORKS CO.,LTD. (A #688168)"
30169,"BEIJING ROBOROCK TECHNOLOGY CO ., LTD. (A #688169)"
30170,"SUZHOU DELPHI LASER CO., LTD. (A #688170)"
30172,"BEIJING YANDONG MICROELECTRONIC CO., LTD. (A #688172)"
30173,"HALO MICROELECTRONICS CO.,LTD. (A #688173)"
30176,"JIANGSU YAHONG MEDITECH CO., LTD. (A #688176)"
30177,"BIO-THERA SOLUTIONS, LTD. (A #688177)"
30179,"SHANGHAI ALADDIN BIOCHEMICAL TECHNOLOGY CO., LTD. (A #688179)"
30180,"SHANGHAI JUNSHI BIOSCIENCES CO., LTD. (A #688180)"
30182,"JIANGSU CAI QIN TECHNOLOGY CO., LTD (A #688182)"
30183,"SHENGYI ELECTRONICS CO., LTD. (A #688183)"
30185,CANSINO BIOLOGICS INC. (A #688185)
30186,"ZHANGJIAGANG GUANGDA SPECIAL MATERIAL CO., LTD. (A #688186)"
30187,"ZHUZHOU CRRC TIMES ELECTRIC CO., LTD. (A #688187)"
30188,SHANGHAI BOCHU ELECTRONIC TECHNOLOGY CORPORATION LIMITED (A #688188)
30190,"QINGDAO YUNLU ADVANCED MATERIALS TECHNOLOGY CO., LTD. (A #688190)"
30191,"ZHIYANG INNOVATION TECHNOLOGY CO.,LTD. (A #688191)"
30192,"DIZAL PHARMACEUTICAL CO., LTD. (A #688192)"
30195,"OPTOWIDE TECHNOLOGIES CO., LTD. (A #688195)"
30196,"LONGYAN ZHUOYUE NEW ENERGY CO., LTD. (A #688196)"
30197,"SHOUYAO HOLDINGS CO.,LTD (A #688197)"
30198,"BEIJING BALANCE MEDICAL TECHNOLOGY CO.,LTD. (A #688198)"
30200,"BEIJING HUAFENG TEST & CONTROL TECHNOLOGY CO., LTD. (A #688200)"
30201,"BEIJING INFOSEC TECHNOLOGIES CO.,LTD (A #688201)"
30202,SHANGHAI MEDICILON INC. (A #688202)
30205,"WUXI TACLINK OPTOELECTRONICS TECHNOLOGY CO., LTD. (A #688205)"
30206,"PRIMARIUS TECHNOLOGIES CO., LTD. (A #688206)"
30207,"BEIJING DEEP GLINT TECHNOLOGY CO., LTD. (A #688207)"
30208,"AUTEL INTELLIGENT TECHNOLOGY CORP., LTD. (A #688208)"
30209,"SHENZHEN INJOINIC TECHNOLOGY CO., LTD. (A #688209)"
30210,"SHENZHEN PACIFIC UNION PRECISION MANUFACTURING CO., LTD. (A #688210)"
30211,"WAYZIM TECHNOLOGY CO., LTD. (A #688211)"
30212,"SHANGHAI AOHUA PHOTOELECTRICITY ENDOSCOPE CO., LTD. (A #688212)"
30213,"SMARTSENS TECHNOLOGY (SHANGHAI) CO., LTD. (A #688213)"
30219,"ORINIKO ADVANCED PLASTICS CO., LTD. (A #688219)"
30220,"ASR MICROELECTRONICS CO., LTD. (A #688220)"
30221,FRONTIER BIOTECHNOLOGIES INC. (A #688221)
30222,HITGEN INC. (A #688222)
30223,"JINKO SOLAR CO., LTD. (A #688223)"
30225,"ASIAINFO SECURITY TECHNOLOGIES CO.,LTD. (A #688225)"
30226,"WETOWN ELECTRIC GROUP CO., LTD. (A #688226)"
30227,"BINGO SOFTWARE CO., LTD. (A #688227)"
30228,"UCAP CLOUD INFORMATION TECHNOLOGY CO.,LTD. (A #688228)"
30230,"SHANGHAI PRISEMI ELECTRONICS CO., LTD. (A #688230)"
30231,"JIANGSU LONGDA SUPERALLOY CO., LTD. (A #688231)"
30232,"GUO TAI EPOINT SOFTWARE CO.,LTD. (A #688232)"
30233,THINKON SEMICONDUCTOR JINZHOU CORP. (A #688233)
30234,"SICC CO., LTD. (A #688234)"
30235,BEONE MEDICINES LTD. (A #688235)
30236,"BEIJING CHUNLIZHENGDA MEDICAL INSTRUMENTS CO.,LTD. (A #688236)"
30238,"SHANGHAI OBIO TECHNOLOGY (GROUP) CORP., LTD. (A #688238)"
30239,"GUIZHOU AVIATION TECHNICAL DEVELOPMENT CO., LTD. (A #688239)"
30246,"GOODWILL E-HEALTH INFO CO., LTD. (A #688246)"
30247,SINOTHERAPEUTICS INC. (A #688247)
30248,"CHINA SOUTHERN POWER GRID TECHNOLOGY CO.,LTD. (A #688248)"
30249,NEXCHIP SEMICONDUCTOR CORPORATION (A #688249)
30252,JADARD TECHNOLOGY INC. (A #688252)
30253,"INNOVITA BIOLOGICAL TECHNOLOGY CO., LTD. (A #688253)"
30256,CAMBRICON TECHNOLOGIES CORPORATION LIMITED (A #688256)
30257,SHAREATE TOOLS LTD. (A #688257)
30258,"JIANGSU EAZYTEC CO., LTD. (A #688258)"
30259,TRIDUCTOR TECHNOLOGY(SUZHOU) INC. (A #688259)
30261,SUZHOU ORIENTAL SEMICONDUCTOR COMPANY LIMITED (A #688261)
30262,"C*CORE TECHNOLOGY CO., LTD. (A #688262)"
30266,"SUZHOU ZELGEN BIOPHARMACEUTICALS CO., LTD. (A #688266)"
30267,"CHINA CATALYST HOLDING CO.,LTD. (A #688267)"
30268,"GUANGDONG HUATE GAS CO., LTD (A #688268)"
30269,"KAILI CATALYST & NEW MATERIALS CO.,LTD (A #688269)"
30270,"GREAT MICROWAVE TECHNOLOGY CO.,LTD. (A #688270)"
30271,"SHANGHAI UNITED IMAGING HEALTHCARE CO., LTD. (A #688271)"
30275,"HUBEI WANRUN NEW ENERGY TECHNOLOGY CO.,LTD. (A #688275)"
30276,CHANGCHUN BCHT BIOTECHNOLOGY CO. (A #688276)
30277,"TINAVI MEDICAL TECHNOLOGIES CO.,LTD. (A #688277)"
30278,"XIAMEN AMOYTOP BIOTECH CO., LTD. (A #688278)"
30279,"FORTIOR TECHNOLOGY(SHENZHEN)CO., LTD. (A #688279)"
30281,"SHAANXI HUAQIN TECHNOLOGY INDUSTRY CO., LTD. (A #688281)"
30282,"BEIJING NAVIGATION CONTROL TECHNOLOGY CO.,LTD. (A #688282)"
30283,"CHENGDU KSW TECHNOLOGIES CO.,LTD. (A #688283)"
30289,SANSURE BIOTECH INC. (A #688289)
30290,"HANGZHOU BOOMY INTELLIGENT TECHNOLOGY CO., LTD. (A #688290)"
30292,"BEIJING HAOHAN DATA TECHNOLOGY CO., LTD. (A #688292)"
30293,"SHANGHAI OPM BIOSCIENCES CO., LTD. (A #688293)"
30295,"ZHONGFU SHENYING CARBON FIBER CO.,LTD. (A #688295)"
30297,"AVIC (CHENGDU) UAS CO., LTD. (A #688297)"
30298,"ZHEJIANG ORIENT GENE BIOTECH CO., LTD (A #688298)"
30299,"NINGBO SOLARTRON TECHNOLOGY CO., LTD. (A #688299)"
30300,NOVORAY CORPORATION (A #688300)
30301,IRAY GROUP (A #688301)
30302,HINOVA PHARMACEUTICALS INC. (A #688302)
30303,"XINJIANG DAQO NEW ENERGY CO.,LTD. (A #688303)"
30305,"KEDE NUMERICAL CONTROL CO., LTD. (A #688305)"
30306,NINGBO PIA AUTOMATION HOLDING CORP. (A #688306)
30307,"JIAXING ZMAX OPTECH CO., LTD. (A #688307)"
30308,"OKE PRECISION CUTTING TOOLS CO., LTD. (A #688308)"
30311,"CHENGDU M&S ELECTRONICS TECHNOLOGY CO.,LTD. (A #688311)"
30312,SHENZHEN YANMADE TECHNOLOGY INC. (A #688312)
30313,"HENAN SHIJIA PHOTONS TECHNOLOGY CO., LTD. (A #688313)"
30315,"NOVOGENE CO., LTD. (A #688315)"
30317,"SHANGHAI ZJ BIO-TECH CO., LTD (A #688317)"
30318,"SHENZHEN FORTUNE TREND TECHNOLOGY CO., LTD (A #688318)"
30319,CHENGDU OLYMVAX BIOPHARMACEUTICALS INC. (A #688319)
30320,ZHEJIANG HECHUAN TECHNOLOGY CO. LTD. (A #688320)
30321,"SHENZHEN CHIPSCREEN BIOSCIENCES CO., LTD. (A #688321)"
30322,ORBBEC INC. (A #688322)
30325,"GUANGDONG CELLWISE MICROELECTRONICS CO., LTD. (A #688325)"
30327,"CLOUDWALK TECHNOLOGY CO., LTD. (A #688327)"
30330,"SHANGHAI HOLYSTAR ELECTRICAL TECHNOLOGY CO., LTD. (A #688330)"
30331,"REMEGEN CO., LTD. (A #688331)"
30332,"SHENZHEN BLUETRUM TECHNOLOGY CO., LTD. (A #688332)"
30333,"XI'AN BRIGHT LASER TECHNOLOGIES CO.,LTD. (A #688333)"
30334,"XI'AN HIGH VOLTAGE APPARATUS RESEARCH INSTITUTE CO., LTD. (A #688334)"
30336,"SUNSHINE GUOJIAN PHARMACEUTICAL (SHANGHAI) CO., LTD. (A #688336)"
30337,"RIGOL TECHNOLOGIES CO., LTD. (A #688337)"
30339,"BEIJING SINOHYTEC CO., LTD. (A #688339)"
30343,"SHENZHEN INTELLIFUSION TECHNOLOGIES CO., LTD. (A #688343)"
30345,"GUANGDONG GREENWAY TECHNOLOGY CO., LTD. (A #688345)"
30347,HUA HONG GRACE SEMICONDUCTOR LIMITED (A #688347)
30348,"YUNENG TECHNOLOGY CO., LTD. (A #688348)"
30349,"SANY RENEWABLE ENERGY CO.,LTD. (A #688349)"
30351,"SHANGHAI MICROPORT EP MEDTECH CO., LTD. (A #688351)"
30352,"HEFEI CHIPMORE TECHNOLOGY CO., LTD. (A #688352)"
30353,"JIANGSU HSC NEW ENERGY MATERIALS CO.,LTD. (A #688353)"
30356,"JENKEM TECHNOLOGY CO., LTD (A #688356)"
30357,"LUOYANG JALON MICRO-NANO NEW MATERIALS CO.,LTD. (A #688357)"
30359,"GUANGZHOU SANFU NEW MATERIALS TECHNOLOGY CO.,LTD (A #688359)"
30360,"DAMON TECHNOLOGY GROUP CO.,LTD. (A #688360)"
30361,"SKYVERSE TECHNOLOGY CO., LTD. (A #688361)"
30362,"FOREHOPE ELECTRONIC (NINGBO) CO., LTD. (A #688362)"
30363,BLOOMAGE BIOTECHNOLOGY CORPORATION LIMITED (A #688363)
30365,"HANGZHOU RAYCLOUD TECHNOLOGY CO.,LTD (A #688365)"
30366,SHANGHAI HAOHAI BIOLOGICAL TECHNOLOGY CO. LTD. (A #688366)
30368,BRIGHT POWER SEMICONDUCTOR (A #688368)
30369,BEIJING SEEYON INTERNET SOFTWARE CORP. (A #688369)
30371,"JIANGSU FAVORED NANOTECHNOLOGY CO., LTD. (A #688371)"
30372,"SHANGHAI V-TEST SEMICONDUCTOR TECH. CO., LTD. (A #688372)"
30373,"SHANGHAI MICURX PHARMACEUTICAL CO., LTD. (A #688373)"
30375,"GUOBO ELECTRONICS CO., LTD. (A #688375)"
30376,"MAYAIR TECHNOLOGY (CHINA) CO., LTD. (A #688376)"
30377,"NANJING DEVELOP ADVANCED MANUFACTURING CO., LTD. (A #688377)"
30378,"JILIN OLED MATERIAL TECH CO.,LTD. (A #688378)"
30379,"HANGZHOU HUAGUANG ADVANCED WELDING MATERIALS CO.,LTD. (A #688379)"
30380,CHINA MICRO SEMICON(SHENZHEN) LIMITED (A #688380)
30381,"DIOO MICROCIRCUITS CO., LTD. JIANGSU (A #688381)"
30382,"INVENTISBIO CO., LIMITED. (A #688382)"
30383,"SHENZHEN XINYICHANG TECHNOLOGY CO., LTD. (A #688383)"
30385,"SHANGHAI FUDAN MICROELECTRONICS GROUP CO.,LTD. (A #688385)"
30386,PAN ASIAN MICROVENT TECH (JIANGSU) CORPORATION (A #688386)
30387,"CICT MOBILE COMMUNICATION TECHNOLOGY CO., LTD. (A #688387)"
30388,"GUANGDONG JIAYUAN TECHNOLOGY CO.,LTD. (A #688388)"
30389,"SHENZHEN LIFOTRONIC TECHNOLOGY CO.,LTD. (A #688389)"
30390,"GOODWE TECHNOLOGIES CO.,LTD. (A #688390)"
30391,"HI-TREND TECHNOLOGY (SHANGHAI) CO.,LTD (A #688391)"
30392,"SBT ULTRASONIC TECHNOLOGY CO.,LTD. (A #688392)"
30396,CHINA RESOURCES MICROELECTRONICS LIMITED (A #688396)
30399,"JIANGSU BIOPERFECTUS TECHNOLOGIES CO., LTD (A #688399)"
30400,"LUSTER LIGHTTECH CO., LTD. (A #688400)"
30401,"SHENZHEN NEWWAY PHOTOMASK MAKING CO., LTD. (A #688401)"
30403,"UNION SEMICONDUCTOR (HEFEI) CO., LTD. (A #688403)"
30408,"ARCTECH SOLAR HOLDING CO., LTD. (A #688408)"
30409,"SHENYANG FORTUNE PRECISION EQUIPMENT CO., LTD. (A #688409)"
30410,"SWS HEMODIALYSIS CARE CO .,LTD. (A #688410)"
30411,"BEIJING HYPERSTRONG TECHNOLOGY CO., LTD. (A #688411)"
30416,"ZBIT SEMICONDUCTOR, INC. (A #688416)"
30418,"GENEW TECHNOLOGIES CO.,LTD. (A #688418)"
30425,CHINA RAILWAY CONSTRUCTION HEAVY INDUSTRY CORPORATION LIMITED (A #688425)
30428,INNOCARE PHARMA LIMITED (A #688428)
30429,"CHANGZHOU SHICHUANG ENERGY CO.,LTD. (A #688429)"
30432,"GRINM SEMICONDUCTOR MATERIALS CO., LTD. (A #688432)"
30433,"FARSOON TECHNOLOGIES CO., LTD. (A #688433)"
30435,SHANGHAI INFORMATION2 SOFTWARE INC. (A #688435)
30439,"GUIZHOU ZHENHUA FENGGUANG SEMICONDUCTOR CO., LTD. (A #688439)"
30443,"CHONGQING GENRIX BIOPHARMACEUTICAL CO., LTD. (A #688443)"
30449,"MAXIO TECHNOLOGY (HANGZHOU) CO., LTD. (A #688449)"
30456,"GRIPM ADVANCED MATERIALS CO., LTD. (A #688456)"
30469,"UNITED NOVA TECHNOLOGY CO.,LTD. (A #688469)"
30472,"CSI SOLAR CO., LTD. (A #688472)"
30475,"HANGZHOU EZVIZ NETWORK CO.,LTD. (A #688475)"
30478,CRYSTAL GROWTH & ENERGY EQUIPMENT INC. (A #688478)
30480,"SCIENCE ENVIRONMENTAL PROTECTION CO.,LTD. (A #688480)"
30484,SOUTHCHIP SEMICONDUCTOR TECHNOLOGY(SHANGHAI) CO LTD (A #688484)
30486,LONTIUM SEMICONDUCTOR CORPORATION (A #688486)
30488,"JIANGSU AIDEA PHARMACEUTICAL GROUP CO., LTD. (A #688488)"
30489,"SANSEC TECHNOLOGY CO., LTD. (A #688489)"
30496,"SUZHOU QINGYUE OPTOELECTRONICS TECHNOLOGY CO., LTD. (A #688496)"
30498,"YUANJIE SEMICONDUCTOR TECHNOLOGY CO., LTD. (A #688498)"
30499,"GUANGDONG LYRIC ROBOT AUTOMATION CO., LTD. (A #688499)"
30502,MLOPTIC CORP. (A #688502)
30503,"CHANGZHOU FUSION NEW MATERIAL CO., LTD. (A #688503)"
30505,SHANGHAI FUDAN-ZHANGJIANG BIO-PHARMACEUTICAL CO.LTD (A #688505)
30506,"SICHUAN BIOKIN PHARMACEUTICAL CO., LTD. (A #688506)"
30507,"SHANGHAI SUOCHEN INFORMATION TECHNOLOGY CO.,LTD. (A #688507)"
30508,WUXI CHIPOWN MICRO-ELECTRONICS LIMITED (A #688508)
30510,"WUXI HYATECH CO.,LTD. (A #688510)"
30512,"SMARTER MICROELECTRONICS(GUANGZHOU)CO., LTD. (A #688512)"
30513,"CHENGDU EASTON BIO PHARMACEUTICALS CO.,LTD (A #688513)"
30515,"MOTORCOMM ELECTRONIC TECHNOLOGY CO.,LTD (A #688515)"
30516,"WUXI AUTOWELL TECHNOLOGY CO.,LTD. (A #688516)"
30518,"SHENZHEN UNITED WINNERS LASER CO.,LTD. (A #688518)"
30519,"NANYA NEW MATERIAL TECHNOLOGY CO.,LTD. (A #688519)"
30520,SINOCELLTECH GROUP LIMITED (A #688520)
30521,"VERISILICON MICROELECTRONICS (SHANGHAI) CO., LTD. (A #688521)"
30522,"NARUIDA TECHNOLOGY CO., LTD. (A #688522)"
30523,"HUNAN AEROSPACE HUANYU COMMUNICATION TECHNOLOGY CO.,LTD. (A #688523)"
30525,"BIWIN STORAGE TECHNOLOGY CO., LTD. (A #688525)"
30526,"WUHAN KEQIAN BIOLOGY CO.,LTD (A #688526)"
30531,"UNICOMP TECHNOLOGY GROUP CO.,LTD. (A #688531)"
30533,"SUZHOU SONAVOX ELECTRONICS CO.,LTD. (A #688533)"
30535,"JIANGSU HHCK ADVANCED MATERIALS CO., LTD. (A #688535)"
30536,3PEAK INCORPORATED (A #688536)
30538,"EVERDISPLAY OPTRONICS (SHANGHAI) CO., LTD. (A #688538)"
30539,"NANJING GOVA TECHNOLOGY CO., LTD. (A #688539)"
30543,"JIANGXI GUOKE DEFENCE GROUP CO.,LTD. (A #688543)"
30545,"HUBEI SINOPHORUS ELECTRONIC MATERIALS CO.,LTD. (A #688545)"
30548,"GUANGZHOU GUANGGANG GASES & ENERGY CO.,LTD. (A #688548)"
30549,"GRANDIT CO.,LTD. (A #688549)"
30550,"XI'AN MANARECO NEW MATERIALS CO., LTD. (A #688550)"
30552,"AEROSPACE NANHU ELECTRONIC INFORMATION TECHNOLOGY CO., LTD. (A #688552)"
30556,"QINGDAO GAOCE TECHNOLOGY CO., LTD. (A #688556)"
30559,"HYMSON LASER TECHNOLOGY GROUP CO.,LTD. (A #688559)"
30560,"CROWN ADVANCED MATERIAL CO., LTD. (A #688560)"
30561,QI AN XIN TECHNOLOGY GROUP INC. (A #688561)
30562,"BEIJING SHENZHOU AEROSPACE SOFTWARE TECHNOLOGY CO., LTD. (A #688562)"
30563,"BAIMTEC MATERIAL CO.,LTD. (A #688563)"
30566,"JIANGSU JIBEIER PHARMACEUTICAL CO.,LTD. (A #688566)"
30567,"FARASIS ENERGY (GAN ZHOU) CO., LTD. (A #688567)"
30568,"GEOVIS TECHNOLOGY CO.,LTD (A #688568)"
30569,"BEIJING TIEKE SHOUGANG RAILWAY-TECH CO.,LTD. (A #688569)"
30570,"BEIJING TIANMA INTELLIGENT CONTROL TECHNOLOGY CO., LTD. (A #688570)"
30575,"SHENZHEN YHLO BIOTECH CO., LTD. (A #688575)"
30577,"ZHE JIANG HEADMAN MACHINERY CO., LTD. (A #688577)"
30578,"SHANGHAI ALLIST PHARMACEUTICALS CO., LTD. (A #688578)"
30579,"DAREWAY INTELLIGENT TECHNOLOGY CO.,LTD. (A #688579)"
30580,"NANJING VISHEE MEDICAL TECHNOLOGY CO., LTD. (A #688580)"
30581,"HANGZHOU AGS MEDTECH CO.,LTD (A #688581)"
30582,ANHUI XDLK MICROSYSTEM CORPORATION LIMITED (A #688582)
30583,"SCANTECH (HANGZHOU) CO., LTD. (A #688583)"
30584,"WAFER WORKS (SHANGHAI) CO., LTD. (A #688584)"
30585,"SWANCOR ADVANCED MATERIALS CO., LTD. (A #688585)"
30586,AVIC HEFEI JIANGHANG AIRCRAFT EQUIPMENT CORPORATION LTD. (A #688586)
30588,"LINKAGE SOFTWARE CO.,LTD. (A #688588)"
30590,"SHANGHAI NEWTOUCH SOFTWARE CO.,LTD. (A #688590)"
30591,"TELINK SEMICONDUCTOR(SHANGHAI)CO.,LTD. (A #688591)"
30593,"SHANGHAI NEW VISION MICROELECTRONICS CO., LTD. (A #688593)"
30595,"CHIPSEA TECHNOLOGIES (SHENZHEN) CORP., LTD. (A #688595)"
30596,"SHANGHAI GENTECH CO., LTD. (A #688596)"
30598,"KBC CORPORATION,LTD. (A #688598)"
30599,"TRINA SOLAR CO., LTD. (A #688599)"
30601,"WUXI ETEK MICROELECTRONICS CO.,LTD. (A #688601)"
30603,"SHANGHAI SKYCHEM TECHNOLOGY CO., LTD. (A #688603)"
30605,"SPRINT PRECISION TECHNOLOGIES (JIANGSU) CO., LTD. (A #688605)"
30606,"HANGZHOU ALLTEST BIOTECH CO., LTD. (A #688606)"
30608,"BESTECHNIC (SHANGHAI) CO., LTD. (A #688608)"
30609,"UNIONMAN TECHNOLOGY CO., LTD. (A #688609)"
30610,"HEFEI I-TEK OPTOELECTRONICS CO., LTD. (A #688610)"
30611,HANGZHOU KELIN ELECTRIC CO.LTD. (A #688611)
30612,"SHENZHEN VMAX NEW ENERGY (GROUP) CO., LTD (A #688612)"
30615,"INTSIG INFORMATION CO., LTD. (A #688615)"
30617,APT MEDICAL INC. (A #688617)
30621,"BEIJING SUN-NOVO PHARMACEUTICAL RESEARCH CO.,LTD. (A #688621)"
30622,"GUANGZHOU HEXIN INSTRUMENT CO., LTD. (A #688622)"
30623,"ZHEJIANG SHUANGYUAN TECHNOLOGY CO., LTD. (A #688623)"
30625,"GCH TECHNOLOGY CO.,LTD. (A #688625)"
30626,"XIANGYU MEDICAL CO.,LTD. (A #688626)"
30627,"SHENZHEN SEICHI TECHNOLOGIES CO., LTD. (A #688627)"
30628,"UNI-TREND TECHNOLOGY (CHINA) CO.,LTD. (A #688628)"
30629,"SICHUAN HUAFENG TECHNOLOGY CO., LTD. (A #688629)"
30630,"CIRCUIT FABOLOGY MICROELECTRONICS EQUIPMENT CO.,LTD. (A #688630)"
30631,"NANJING LES INFORMATION TECHNOLOGY CO., LTD (A #688631)"
30636,"CHENGDU ZHIMINGDA ELECTRONICS CO., LTD. (A #688636)"
30639,"ANHUI HUAHENG BIOTECHNOLOGY CO., LTD. (A #688639)"
30648,"CHINA POST TECHNOLOGY CO., LTD. (A #688648)"
30652,"BEIJING JINGYI AUTOMATION EQUIPMENT CO., LTD. (A #688652)"
30653,"GRAND KANGXI COMMUNICATION TECHNOLOGIES (SHANGHAI) CO., LTD. (A #688653)"
30656,"HOB BIOTECH GROUP CORP.,LTD. (A #688656)"
30658,"YOUCARE PHARMACEUTICAL GROUP CO.,LTD. (A #688658)"
30660,"SHANGHAI ELECTRIC WIND POWER GROUP CO., LTD. (A #688660)"
30661,"SUZHOU UIGREEN MICRO&NANO TECHNOLOGIES CO.,LTD (A #688661)"
30662,"GUANGDONG FUXIN TECHNOLOGY CO., LTD. (A #688662)"
30663,"WINDSUN SCIENCE TECHNOLOGY CO.,LTD. (A #688663)"
30665,"CUBIC SENSOR AND INSTRUMENT CO.,LTD (A #688665)"
30667,"WUHAN LINCONTROL AUTOMOTIVE ELECTRONICS CO., LTD. (A #688667)"
30668,"DONGGUAN DINGTONG PRECISION METAL CO.,LTD. (A #688668)"
30676,"HAINAN JINPAN SMART TECHNOLOGY CO., LTD. (A #688676)"
30677,"QINGDAO NOVELBEAM TECHNOLOGY CO.,LTD. (A #688677)"
30678,"FREEWON CHINA CO.,LTD. (A #688678)"
30679,"ANHUI TONGYUAN ENVIRONMENT ENERGY SAVING CO.,LTD. (A #688679)"
30680,"SHANGHAI HIUV NEW MATERIALS CO.,LTD. (A #688680)"
30682,"SHANGHAI HOLLYWAVE ELECTRONIC SYSTEM CO., LTD (A #688682)"
30683,"GUANGDONG LEARY NEW MATERIAL TECHNOLOGY CO.,LTD (A #688683)"
30685,JIANGSU MAIXINLIN AVIATION SCIENCE AND TECHNOLOGY CORP. (A #688685)
30686,"OPT MACHINE VISION TECH CO., LTD. (A #688686)"
30687,"BEIJING KAWIN TECHNOLOGY SHARE-HOLDING CO., LTD. (A #688687)"
30690,"SUZHOU NANOMICRO TECHNOLOGY CO., LTD. (A #688690)"
30691,"BRITE SEMICONDUCTOR (SHANGHAI) CO., LTD. (A #688691)"
30692,WUHAN DAMENG DATABASE COMPANY LIMITED (A #688692)
30696,"XGIMI TECH CO.,LTD (A #688696)"
30697,"NEWAY CNC EQUIPMENT (SUZHOU) CO., LTD. (A #688697)"
30698,"SUZHOU VEICHI ELECTRIC CO., LTD. (A #688698)"
30699,"SHENZHEN SUNMOON MICROELECTRONICS CO., LTD. (A #688699)"
30700,"KUNSHAN DONGWEI TECHNOLOGY CO.,LTD. (A #688700)"
30702,"SUZHOU CENTEC COMMUNICATIONS CO., LTD. (A #688702)"
30707,GUIZHOU ZHENHUA E-CHEM INC. (A #688707)
30708,"CHENGDU JIACHI ELECTRONIC TECHNOLOGY CO., LTD. (A #688708)"
30709,"CHENGDU SINO-MICROELECTRONICS TECH. CO., LTD. (A #688709)"
30710,"SHANGHAI INNOSTAR BIO-TECH CO., LTD. (A #688710)"
30711,"MACMIC SCIENCE&TECHNOLOGY CO., LTD. (A #688711)"
30717,"SOLAX POWER NETWORK TECHNOLOGY (ZHEJIANG) CO., LTD. (A #688717)"
30719,"XI'AN ACTIONPOWER ELECTRIC CO., LTD. (A #688719)"
30720,"JIANGSU AISEN SEMICONDUCTOR MATERIAL CO.,LTD. (A #688720)"
30721,"SHENZHEN LONGTU PHOTOMASK CO., LTD. (A #688721)"
30726,"LAPLACE RENEWABLE ENERGY TECHNOLOGY CO., LTD. (A #688726)"
30728,GALAXYCORE INC. (A #688728)
30733,"ANHUI ESTONE MATERIALS TECHNOLOGY CO., LTD. (A #688733)"
30739,"LIAONING CHENGDA BIOTECHNOLOGY CO.,LTD. (A #688739)"
30750,"HUNAN XIANGTOU GOLDSKY TITANIUM INDUSTRY TECH CO., LTD. (A #688750)"
30757,"WINTECH NANO (SUZHOU) CO.,LTD. (A #688757)"
30758,"SUZHOU SEPAX TECHNOLOGIES CO., LTD. (A #688758)"
30766,"PUYA SEMICONDUCTOR (SHANGHAI) CO., LTD. (A #688766)"
30767,"JIANGSU GDK BIOLOGICAL TECHNOLOGY CO., LTD. (A #688767)"
30768,ANHUI RONDS SCIENCE&TECHNOLOGY INCORPORATED COMPANY (A #688768)
30772,"ZHUHAI COSMX BATTERY CO., LTD. (A #688772)"
30776,"CHENGDU GUOGUANG ELECTRONICS COMPANY, LTD (A #688776)"
30777,"SUPCON TECHNOLOGY CO., LTD. (A #688777)"
30778,"XTC NEW ENERGY MATERIALS(XIAMEN) CO.,LTD. (A #688778)"
30779,"MINMETALS NEW ENERGY MATERIALS(HUNAN) CO.,LTD. (A #688779)"
30787,BEIJING HAITIAN RUISHENG SCIENCE TECHNOLOGY LTD. (A #688787)
30788,"SHENZHEN CONSYS SCIENCE&TECHNOLOGY CO., LTD. (A #688788)"
30789,HANGZHOU HONGHUA DIGITAL TECHNOLOGY STOCK COMPANY LTD. (A #688789)
30796,"BIOCYTOGEN PHARMACEUTICALS (BEIJING) CO., LTD. (#688796)"
30798,"SHANGHAI AWINIC TECHNOLOGY CO.,LTD (A #688798)"
30799,"HUNAN WARRANT PHARMACEUTICAL CO., LTD. (A #688799)"
30800,"SUZHOU RECODEAL INTERCONNECT SYSTEM CO.,LTD. (A #688800)"
30819,"TIANNENG BATTERY GROUP CO.,LTD. (A #688819)"
30981,SEMICONDUCTOR MANUFACTURING INTERNATIONAL CORPORATION (A #688981)
31000,CHINAAMC SSE 50 ETF (A #510050)
31001,HUAAN SSE 180 INDEX ETF (A #510180)
31002,GUOTAI SSE 180 FINANCIAL ETF (A #510230)
31003,HUATAI-PB CSI 300 ETF (A #510300)
31004,E FUND CSI 300 ETF (A #510310)
31005,CHINAAMC CSI 300 ETF (A #510330)
31006,ICBCCS CSI 300 INDEX ETF (A #510350)
31007,GF CSI 300 ETF (A #510360)
31008,CHINA LIFE AMP HS300 INDEX ETF (A #510380)
31009,CHINA SOUTHERN CSI 500 ETF (A #510500)
31010,GF CSI 500 ETF (A #510510)
31011,E FUND CSI 500 ETF (A #510580)
31012,CUAM CSI SHANGHAI SOES ETF (A #510810)
31013,HUATAI-PB SSE DIVIDEND ETF (A #510880)
31014,HWABAO WP BROKER ETF (A #512000)
31015,E FUND CSI 300 HEALTH CARE ETF (A #512010)
31016,HWABAO WP HEALTHCARE ETF (A #512170)
31017,GUOTAI CSI BIO-MEDICINE INDEX ETF (A #512290)
31018,CHINA SOUTHERN CSI SWS NON-FERROUS METAL ETF (A #512400)
31019,CPIC SEMICON ETF (A #512480)
31020,CHINAAMC CSI 500 ETF (A #512500)
31021,GF CSI ENVIRONMENTAL PROTECTION INDUSTRY ETF (A #512580)
31022,GUOTAI CSI NATIONAL DEFENSE INDUSTRY INDEX ETF (A #512660)
31023,PENGHUA CSI DEFENSE INDEX ETF (A #512670)
31024,GF CSI NATIONAL DEFENSE INDUSTRY ETF (A #512680)
31025,PENGHUA CSI ALCOHOLIC DRINK INDEX ETF (A #512690)
31026,CHINA SOUTHERN CSI BANKS ETF (A #512700)
31027,FULLGOAL CSI AEROSPACE DEFENSE INDEX ETF (A #512710)
31028,GUOTAI CES CHINA SEMICONDUCTOR CHIP INDEX ETF (A #512760)
31029,HWABAO WP BANK ETF (A #512800)
31030,GUOTAI CSI ALL SHARE INVESTMENT BANKING & BROKERAGE INDEX ETF (A #512880)
31031,CHINA SOUTHERN CSI ALL SHARE INVESTMENT BANKING & BROKERAGE INDEX ETF(A #512900)
31032,CHINAAMC CSI CENTRAL-SOES' STRUCTURAL REFORM ETF (A #512950)
31033,BOSERA CSI CENTRAL-SOES STRUCTURAL REFORM ETF (A #512960)
31034,GF CSI MEDIA INDEX ETF (A #512980)
31035,HWABAO WP TECHNOLOGY ETF (A #515000)
31036,CHINAAMC CSI NEW ENERGY VEHICLES ETF (A #515030)
31037,CHINAAMC CSI 5G COMMUNICATION ETF (A #515050)
31038,CHINAAMC CSI FOOD & BEVERAGE SUB-INDUSTRY ETF (A #515170)
31039,TH CSI BANKS ETF (A #515290)
31040,TH CSI 300 ETF (A #515330)
31041,TAIKANG CSI 300 INDEX ETF (A #515380)
31042,GF CSI CENTRAL-SOES INNOVATION DRIVEN ETF (A #515600)
31043,FULLGOAL CSI CONSUMER 50 INDEX ETF (A #515650)
31044,HARVEST CSI CENTRAL-SOES INNOVATION DRIVEN ETF (A #515680)
31045,PING AN CSI NEW ENERGY AUTOMOBILE INDUSTRY ETF (A #515700)
31046,HUATAI-PB CSI PHOTOVOLTAIC INDUSTRY ETF (A #515790)
31047,CUAM CSI 800 ETF (A #515800)
31048,GUOTAI CSI ALL SHARE COMMUNICATIONS EQUIPMENT INDEX ETF (A #515880)
31049,BOSERA CSI CENTRAL-SOES TECHNOLOGICAL INNOVATION ETF (A #515900)
31050,HARVEST CSI RARE EARTH INDUSTRY ETF (A #516150)
31051,CHINA SOUTHERN CSI NEW ENERGY ETF (A #516160)
31052,GF CSI CONSTRUCTION ENGINEERING ETF (A #516970)
31053,GF CSI BRAND NAME DRUG IND INDEX ETF (A #515120)
31054,E FUND CSI DIVIDEND ETF (A #515180)
31055,CPIC CSI 300 ETF (A #515660)
31056,CUAM MSCI CHINA A 50 CONNECT ETF (A #560050)
31057,E FUND MSCI CHINA A 50 CONNECT ETF (A #563000)
31058,CHINA MERCHANTS CSI STAR&CHINEXT 50 ETF (A #588300)
31059,FULLGOAL CSI STAR&CHINEXT 50 INDEX ETF (A #588380)
31060,HARVEST CSI STAR&CHINEXT 50 INDEX ETF (A #588400)
31061,E FUND SSE 50 ETF (A #510100)
31062,CHINA SOUTHERN CSI 1000 ETF (A #512100)
31063,CHINA SOUTHERN REAL ESTATE ETF (A #512200)
31064,GUOTAI CSI COMPUTER INDEX ETF (A #512720)
31065,CHINA MERCHANTS CSI DIVIDEND ETF (A #515080)
31066,GUOTAI CSI COAL INDEX ETF (A #515220)
31067,GF CSI 1000 ETF (A #560010)
31068,CUAM TRADITIONAL CHINESE MEDICINE ETF (A #560080)
31069,E FUND CSI SEEE CARBON NEUTRAL ETF (A #562990)
31070,CHINAAMC STAR 50 ETF (A #588000)
31071,ICBCCS STAR 50 ETF (A #588050)
31072,E FUND STAR 50 ETF (A #588080)
31073,HUATAI-PB STAR 50 ETF (A #588090)
31074,CPIC STAR 50 ETF (A #588180)
31075,HARVEST SSE STAR CHIP INDEX ETF (A #588200)
31076,PENGYANG CSI STAR&CHINEXT 50 INDEX ETF (A #588350)
31077,FULLGOAL SSE COMPOSITE INDEX ETF (A #510210)
31078,HUATAI-PB CSI DIV LOW VOLATILITY ETF (A #512890)
31079,CHINAAMC CSI AI INDEX ETF (A #515070)
31080,IGW CSI DIVIDEND LOW VOLATILITY 100 ETF (A #515100)
31081,GUOTAI CSI STEEL INDEX ETF (A #515210)
31082,GUOTAI CSI ANIME COMIC & GAME INDEX ETF (A #516010)
31083,CN STHN CSI YANGTZE RIVER PROTECT ETF (A #517160)
31084,E FUND CSI YANGTZE RIVER PROTECTION ETF (A #517330)
31085,GF STAR 50 ETF (A #588060)
31086,CHINA MERCHANTS SSE CONSUMER 80 ETF (A #510150)
31087,PING AN CSI 300 INDEX ETF (A #510390)
31088,PING AN CSI 500 INDEX ETF (A #510590)
31089,BOSERA SSE 50 INDEX ETF (A #510710)
31090,GUOTAI SSE COMPOSITE INDEX ETF (A #510760)
31091,CCB PRINCIPAL SSE 50 INDEX ETF (A #510800)
31092,FULLGOAL CSI GUOSEN VALUE INDEX ETF (A #512040)
31093,HUATAI-PB CSI 500 ETF (A #512510)
31094,E FUND CSI NATIONAL DEFENSE IND ETF (A #512560)
31095,GF CSI A100 ETF (A #512910)
31096,PING AN CSI AI INDEX ETF (A #512930)
31097,CHINAAMC CSI INV BANKING&BROKER IDX ETF (A #515010)
31098,CHINAAMC CSI BANKS ETF (A #515020)
31099,FULLGOAL CSI BELT AND ROAD INDEX ETF (A #515150)
31100,CN MERCHANTS MSCI CN A INCL RMB IDX ETF (A #515160)
31101,GUOTAI CSI ALL SHARE SOFTWARE INDEX ETF (A #515230)
31102,FULLGOAL CSI SMART CAR INDEX ETF (A #515250)
31103,HARVEST CSI 300 DIV LOW VOL INDEX ETF (A #515300)
31104,FULLGOAL CSI BIG DATA IND INDEX ETF (A #515400)
31105,CN SOUTHERN S&P LOW VOL HIGH DIV 50 ETF (A #515450)
31106,HWABAO WP CSI FOOD&BEVERAGE SUB-IND ETF (A #515710)
31107,FULLGOAL CSI TECH 50 STRATEGY INDEX ETF (A #515750)
31108,BOSERA CSI DIVIDEND INDEX ETF (A #515890)
31109,FULLGOAL CSI HEALTHCARE 50 INDEX ETF (A #515950)
31110,HARFOR CSI AI INDUSTRY ETF (A #515980)
31111,E FUND CSI NEW ENERGY ETF (A #516090)
31112,E FUND CSI CLOUD COMPUTING&BIG DATA ETF (A #516510)
31113,FULLGOAL CSI CHIP INDUSTRY INDEX ETF (A #516640)
31114,HUATAI-PB CSI RARE EARTH INDUSTRY ETF (A #516780)
31115,PING AN CSI HEALTH CARE INNOV INDEX ETF (A #516820)
31116,YINHUA CSI PHOTOVOLTAIC INDUSTRY ETF (A #516880)
31117,YINHUA CSI INFRASTRUCTURE ETF (A #516950)
31118,GUOTAI FTSE CN SOE SUSTAIN PROSPER ETF (A #517090)
31119,CN SOUTHERN FTSE CN SOE SUSTAIN PRO ETF (A #517180)
31120,CHINA LIFE AMP AH300 ETF (A #517300)
31121,CUAM CENTRAL-SOE SHAREHOLDER RETURN ETF (A #560070)
31122,CUAM INVESTMENT BANKING & BROKERAGE ETF (A #560090)
31123,CN SOUTHERN CSI GUOXIN CENTRAL TECH ETF (A #560170)
31124,GF CSI MEDICAL SERVICE ETF (A #560260)
31125,PENGYANG CSI 500 QUALITY AND GROWTH ETF (A #560500)
31126,GF CSI SEEE CARBON NEUTRAL ETF (A #560550)
31127,GF CSI GUOXIN CENTRAL ENT RETURN ETF (A #560700)
31128,PENGYANG CSI DIGITAL ECONOMY ETF (A #560800)
31129,GF CSI HOUSEHOLD APPLIANCES INDEX ETF (A #560880)
31130,FULLGOAL CSI BATTERY THEMATIC INDEX ETF (A #561160)
31131,FULLGOAL CSI SEEE CARBON NEUT INDEX ETF (A #561190)
31132,GUOTAI CSI 300 ENHANCED INDEX ETF (A #561300)
31133,HUATAI-PB CSI 500 ENHANCED STRATEGY ETF (A #561550)
31134,HUATAI-PB CSI CENTRAL SOE DIV INDEX ETF (A #561580)
31135,HWABAO WP CSI A100 ETF (A #562000)
31136,YINHUA CSI 300 GROWTH ETF (A #562310)
31137,CHINAAMC CSI ROBOT ETF (A #562500)
31138,CHINAAMC CSI TOURISM THEMATIC ETF (A #562510)
31139,HARVEST CSI RARE METALS IND INDEX ETF (A #562800)
31140,HUAAN SSE STAR CHIP INDEX ETF (A #588290)
31141,HWABAO WP CSI STAR&CHINEXT 50 ETF (A #588330)
31142,GUOTAI CSI STAR&CHINEXT 50 INDEX ETF (A #588360)
31143,PENGHUA SCI&TECH INNOV 50 ENHANCED ETF (A #588460)
31144,E FUND CSI ALL SH INV BANK & BRKG ETF (A #512570)
31145,HWABAO CSI NATIONAL DEFENSE IND IDX ETF (A #512810)
31146,CUAM BANK ETF (A #512820)
31147,CHINAAMC CSI ALL SHARE REAL ESTATE ETF (A #515060)
31148,HWABAO CSI ELECTRONICS 50 INDEX ETF (A #515260)
31149,HUAAN CSI 300 ETF (A #515390)
31150,E FUND CSI BANKS ETF (A #516310)
31151,E FUND CSI CHIP INDUSTRY ETF (A #516350)
31152,CHINA MERCHANTS CSI LIVESTOCK BREED ETF (A #516670)
31153,MAXWEALTH CSI SH-SZ-HK GOLD IND EQ ETF (A #517520)
31154,TAIKANG CSI DIV LOW VOLATILITY IDX ETF (A #560150)
31155,CMF CSI 300 INDEX ENHANCED ETF (A #561990)
31156,HWABAO S&P DIV OPPORTUNITIES IDX ETF (A #562060)
31157,BOSERA STAR 100 ETF (A #588030)
31158,GUOTAI STAR 100 ETF (A #588120)
31159,YINHUA STAR 100 ETF (A #588190)
31160,PENGHUA STAR 100 ETF (A #588220)
31161,CHINAAMC STAR 100 ETF (A #588800)
31162,GUOTAI SSE STATE-OWNED ENT DIV IDX ETF (A #510720)
31163,CSI 500 INFORMATION TECH INDEX ETF (A #512330)
31164,BOSERA CSI FINTECH THEME ETF (A #516860)
31165,SSE 50 ETF TIANHONG (A #530000)
31166,JPMORGAN CSI A50 ETF (A #560350)
31167,RONGTONG CSI CHENGTONG CTL SOE ESG ETF (A #560810)
31168,ICBCUBS CSI A50 ETF (A #561230)
31169,CN MERCH CSI BATTERY THEMATIC IDX ETF (A #561910)
31170,CMF CSI 300 ETF (A #561930)
31171,CN MERCH CSI SEMICONDUCTOR IND IDX ETF (A #561980)
31172,E FUND CSI DIVIDEND LOW VOLATILITY ETF (A #563020)
31173,E FUND CSI A50 ETF (A #563080)
31174,HUATAI-PB CSI A50 ETF (A #563350)
31175,MAXWEALTH CSI 300 ETF (A #563520)
31176,CICC CSI 300 ETF (A #510320)
31177,BOSERA SSE NATURAL RESOURCE ETF (A #510410)
31178,PENGHUA CSI A500 ETF (A #512020)
31179,CHINAAMC CSI A500 ETF (A #512050)
31180,CICC CSI A500 ETF (A #512080)
31181,E FUND MSCI CHINA A INCLUSION ETF (A #512090)
31182,HARVEST CSI CONSUMER STAPLES INDEX?ETF (A #512600)
31183,HWABAO CSI SUBDIVISION CHEM IND ETF (A #516020)
31184,E FUND CSI INNOVATIVE DRUGS IND ETF (A #516080)
31185,CHINAAMC CSI FINANCIALS THEME ETF (A #516100)
31186,GUOTAI CSI 800 AUTOS & COMPONENTS ETF (A #516110)
31187,FULLGOAL CSI SUBDIVISION CHEM IND ETF (A #516120)
31188,CUAM PHOTOVOLTAIC INDUSTRY ETF (A #516290)
31189,CHINAAMC CSI CLOUD COMP & BIG DATA ETF (A #516630)
31190,CHINAAMC CSI SUBD NON-FERROUS METAL ETF (A #516650)
31191,CUAM SEMICONDUCTOR ETF (A #516920)
31192,CN MERCHANTS CSI BANKS AH SELECT ETF (A #517900)
31193,TAIKANG CSI A500 INDEX ETF (A #560510)
31194,JPMORGAN CSI A500 ETF (A #560530)
31195,CMF CSI A500 INDEX ETF (A #560610)
31196,GF CSI SEMICONDUCTOR MATL & EQPT ETF (A #560780)
31197,WANJIA CSI IND NON-FERROUS METAL ETF (A #560860)
31198,FULLGOAL CSI CONSUMER ELEC THEME ETF (A #561100)
31199,HUATAI-PB CSI ELECTRIC UTILITIES ETF (A #561560)
31200,HUABAO CSI 300 FCF ETF (A #562080)
31201,CHINAAMC CSI IT APP INNOV IND ETF (A #562570)
31202,CHINAAMC CSI SEMICONDUCTOR MATL ETF (A #562590)
31203,HARVEST CSI BATTERY THEMATIC INDEX ETF (A #562880)
31204,E FUND CSI CONSUMER ELECTRONIC ETF (A #562950)
31205,FULLGOAL CSI A500 ETF (A #563220)
31206,HUATAI-PB CSI A500 ETF (A #563360)
31207,HUATAI-PB CSI FREE CASH FLOW ETF (A #563390)
31208,HUABAO CSI A500 ETF (A #563500)
31209,E FUND CSI DIVIDEND VALUE ETF (A #563700)
31210,GF CSI A500 ETF (A #563800)
31211,HFT CSI A500 ETF (A #563860)
31212,CUAM CSI A 500ETF (A #563880)
31213,FULLGOAL CSI 800 FREE CASH FLOW ETF (A #563990)
31214,E FUND SSE STAR GROWTH ETF (A #588020)
31215,CHINAAMC CN SCI&TECH INNOV SEMI ETF (A #588170)
31216,HUATAI-PB SSE SCI&TECH INNOV 200 ETF (A #588230)
31217,E FUND STAR 200 ETF (A #588270)
31218,E FUND STAR AI ETF (A #588730)
31219,CUAM STAR SEMICONDUCTOR ETF (A #588750)
31220,GF SSE STAR AI ETF (A #588760)
31221,CPIC SSE STAR CHIP DESIGN THEMATIC ETF (A #588780)
31222,BOSERA SSE STAR AI INDEX ETF (A #588790)
31223,PENGHUA SSE STAR NEW ENERGY ETF (A #588830)
31224,CUAM STAR 50 ETF (A #588870)
31225,CHINA SOUTHERN SSE STAR CHIP ETF (A #588890)
31226,CN STHN SSE SCI&TEC INNOV BOARD 100 ETF (A #588900)
31227,YINHUA SSE STAR ARTIFICIAL INTEL ETF (A #588930)
31228,CHINAAMC CN SCI&TECH INNOV BOARD AI ETF (A #589010)
31300,FOOD & BEVERAGE ETF (A #159736)
31301,GF BATTERY ETF (A #159755)
31302,CARBON NEUTRALITY (A #159790)
31303,GF CHIPS ETF (A #159801)
31304,NEW ENERGY CARS (A #159806)
31305,AI INTELLIGENCE (A #159819)
31306,TH 500 ETF (A #159820)
31307,AGRICULTURE ETF (A #159825)
31308,BIOTECHNOLOGY (A #159837)
31309,TH IBB ETF (A #159841)
31310,SHENZHEN 100 ETF (A #159901)
31311,ETFSHL (A #159905)
31312,CHINEXT ETF (A #159915)
31313,CSI300ETF (A #159919)
31314,CSI500ETF (A #159922)
31315,CS300ETF (A #159925)
31316,CSI CONS STAP ETF (A #159928)
31317,HEALTH CARE ETF (A #159938)
31318,FINANCIALS (A #159940)
31319,CHINEXT EF (A #159948)
31320,CHINEXT 50 ETF (A #159949)
31321,CYETF (A #159952)
31322,CENTRAL-SOES ETF (A #159959)
31323,CHINEXT MG ETF (A #159967)
31324,TH CHINEXT ETF (A #159977)
31325,BRAND NAME DRUG ETF (A #159992)
31326,YINHUA 5G ETF (A #159994)
31327,CHIPS ETF (A #159995)
31328,HOME APPLIANCES ETF (A #159996)
31329,TH COMPUTER ETF (A #159998)
31330,A50 ETF (A #159601)
31331,CHINA A50 ETF (A #159602)
31332,STAR CHINEXT ETF (A #159780)
31333,STAR&CHINEXT 50 (A #159781)
31334,STAR&CHINEXT FUND (A #159783)
31335,CHIP (A #159813)
31336,MEDICAL SERVICE ETF (A #159828)
31337,SI&E 50 ETF (A #159603)
31338,GF ELECTRIC ETF (A #159611)
31339,BS CCEC ETF (A #159623)
31340,1000ETF (A #159629)
31341,E FUND CSI 1000 ETF (A #159633)
31342,HIGH-END EQUIPMENT ETF (A #159638)
31343,CARBON NEUTRAL ETF (A #159639)
31344,TOURISM ETF (A #159766)
31345,CSI 1000 ETF (A #159845)
31346,TH PV ETF (A #159857)
31347,TH BIOMED30 ETF (A #159859)
31348,BREEDING ETF (A #159865)
31349,ACG ETF (A #159869)
31350,CHEMICAL ETF (A #159870)
31351,HEALTH CARE DEVICES ETF (A #159883)
31352,CSI HEALTH CARE ETF (A #159929)
31353,GFXXJS ETF (A #159939)
31354,TH ELECTRONICS ETF (A #159997)
31355,CHINEXT 50 ETF IGW (A #159682)
31356,BOSERA CHINEXT ETF (A #159908)
31357,SEMI EQUIPMENT ETF (A #159516)
31358,DIV&LOW VOL 100 ETF (A #159549)
31359,500 ENHANCED (A #159610)
31360,CNI 2000 ETF (A #159628)
31361,XNYCETFDC (A #159637)
31362,CHINESE MEDICINE ETF (A #159647)
31363,RARE METALS (A #159671)
31364,PENGHUA CSI 300 ETF (A #159673)
31365,PH CHINEXT 50 ETF (A #159681)
31366,CONSUMER ELECTRONICS (A #159732)
31367,CONST MATERIALS ETF (A #159745)
31368,TH ROBOT ETF (A #159770)
31369,STAR&CHINEXT 50 ETF (A #159782)
31370,CS BATTERY (A #159796)
31371,TECHNOLOGY 50 ETF (A #159807)
31372,CYDPETF (A #159814)
31373,LITHIUM BATTERY 50 (A #159840)
31374,BROKERAGEETF (A #159842)
31375,MEDICAL SERVICE (A #159847)
31376,SOFTWARE ETF (A #159852)
31377,NEW ENERGY ETF (A #159875)
31378,CHINAAMC CHINEXT ETF (A #159957)
31379,ZZ500ETF (A #159968)
31380,CHINEXT 100 (A #159971)
31381,PENGHUA CSI 500 (A #159982)
31382,LEADING SECURITIES (A #159993)
31383,300ETF (A #159300)
31384,CHIP INDUSTRY ETF (A #159310)
31385,SHENZHEN 50 ETF FG (A #159350)
31386,CSI DIVIDEND ETF (A #159581)
31387,FINTECH ETF (A #159851)
31388,HUSBANDRY ETF (A #159867)
31389,CHINEXT PA (A #159964)
31390,DIVIDEND LOW VOL ETF (A #159307)
31391,HS300ETFDC (A #159330)
31392,ZZ500ETFDC (A #159337)
31393,EFUND ROBOT INDUSTRY (A #159530)
31394,E FUND SEMICON M&E (A #159558)
31395,E FUND CHINEXT 200 (A #159572)
31396,CSI A50 INDEX (A #159591)
31397,A50ETF FUND (A #159592)
31398,A50ETFINDEXFUND (A #159593)
31399,A50 FUND (A #159595)
31400,A50ETF HUABAO (A #159596)
31401,XPETFDC (A #159599)
31402,DIVIDEND 50 ETF (A #159758)
31403,BIOTECH (A #159839)
31404,SZSE COMPONENT ETF (A #159903)
31405,CHINEXT LVVETF (A #159966)
31406,FREE CASH FLOW ETF (A #159201)
31407,CYBETFDC (A #159205)
31408,SATELLITE ETF (A #159206)
31409,CSIA500ETFINDEXFUND (A #159215)
31410,HARVEST CASH FLOW (A #159221)
31411,CNI AEROSPACE ETF (A #159227)
31412,CS CASH FLOW ETF (A #159232)
31413,CASH FLOW DC (A #159235)
31414,GRID EQUIPMENT ETF (A #159326)
31415,C-SOE DIVIDEND50 ETF (A #159336)
31416,CSI A500 ETF (A #159338)
31417,A500ETF (A #159339)
31418,A500 ETF (A #159351)
31419,CS CSI A500 ETF (A #159352)
31420,IGW CSI A500 ETF (A #159353)
31421,CSIA500 ETF WJ (A #159356)
31422,CSIA500ETF BOSERA (A #159357)
31423,CSI A500ETF DC (A #159358)
31424,CSI A500ETF (A #159359)
31425,CSIA500 ETF TH (A #159360)
31426,E FUND CSI A500 ETF (A #159361)
31427,A500 INDEX (A #159362)
31428,CHINEXT AI ETF (A #159363)
31429,GENERAL AVIATION ETF (A #159378)
31430,CHINEXTAI ETF (A #159381)
31431,CS AI ETF CHINEXT (A #159382)
31432,CASH FLOW ETF (A #159399)
31433,CSI ROBOT ETF (A #159526)
31434,IGW ROBOTICS ETF (A #159559)
31435,GOLD STOCK ETF (A #159562)
31436,E FUND CNI NEB ETF (A #159566)
31437,COMM EQUIPMENT (A #159583)
31438,GF CSI RARE METALS (A #159608)
31439,NON-FERROUS METAL (A #159652)
31440,CSI MACHINE TOOL ETF (A #159667)
31441,1000 ENHANCED ETF (A #159680)
31442,ZQETFDC (A #159692)
31443,RARE EARTH ETF (A #159713)
31444,RARE EARTH (A #159715)
31445,PHOTOVOLTAIC 50 ETF (A #159864)
31446,BANKS ETF (A #159887)
31447,SZSE TMT 50 ETF (A #159909)
31448,CHINEXT ET (A #159958)
41533,GLOBAL X GOLD COVERED CALL ACTIVE ETF - USD COUNTER
70001,"PING AN BANK CO., LTD. (A #000001)"
70002,"CHINA VANKE CO., LTD. (A #000002)"
70006,"SHENZHEN ZHENYE (GROUP) CO.,LTD. (A #000006)"
70008,"CHINA HIGH-SPEED RAILWAY TECHNOLOGY CO., LTD. (A #000008)"
70009,"CHINA BAOAN GROUP CO.,LTD. (A #000009)"
70010,"SHENZHEN ECOBEAUTY CO., LTD. (A #000010)"
70011,SHENZHEN PROPERTIES & RESOURCES DEVELOPMENT (GROUP) LTD. (A #000011)
70012,"CSG HOLDING CO.,LTD. (A #000012)"
70016,"KONKA GROUP CO.,LTD (A #000016)"
70019,"SHENZHEN CEREALS HOLDINGS CO.,LTD. (A #000019)"
70021,"SHENZHEN KAIFA TECHNOLOGY CO., LTD (A #000021)"
70025,"SHENZHEN TELLUS HOLDING CO.,LTD (A #000025)"
70026,"FIYTA PRECISION TECHNOLOGY CO., LTD. (A #000026)"
70027,"SHENZHEN ENERGY GROUP CO., LTD. (A #000027)"
70028,CHINA NATIONAL ACCORD MEDICINES CORPORATION LTD. (A #000028)
70029,"SHENZHEN SPECIAL ECONOMIC ZONE REAL ESTATE&PROP (GROUP) CO.,LTD. (A #000029)"
70030,FAWER AUTOMOTIVE PARTS LIMITED COMPANY (A #000030)
70031,"GRANDJOY HOLDINGS GROUP CO., LTD. (A #000031)"
70032,"SHENZHEN SED INDUSTRY CO.,LTD (A #000032)"
70034,"DIGITAL CHINA GROUP CO.,LTD. (A #000034)"
70035,CHINA TIANYING INC. (A #000035)
70036,CHINA UNION HOLDINGS LTD. (A #000036)
70039,"CHINA INTERNATIONAL MARINE CONTAINERS (GROUP) CO., LTD (A #000039)"
70042,"SHENZHEN CENTRALCON INVESTMENT HOLDING CO., LTD (A #000042)"
70045,"SHENZHEN TEXTILE (HOLDINGS) CO., LTD (A #000045)"
70048,"SHENZHEN KINGKEY SMART AGRICULTURE TIMES CO.,LTD (A #000048)"
70049,"SHENZHEN DESAY BATTERY TECHNOLOGY CO.,LTD (A #000049)"
70050,"TIANMA MICROELECTRONICS CO., LTD (A #000050)"
70055,"CHINA FANGDA GROUP CO., LTD (A #000055)"
70058,"SHENZHEN SEG CO.,LTD (A #000058)"
70059,"NORTH HUAJIN CHEMICAL INDUSTRIES CO.,LTD (A #000059)"
70060,"SHENZHEN ZHONGJIN LINGNAN NONFEMET CO.,LTD (A #000060)"
70061,"SHENZHEN AGRICULTURAL POWER GROUP CO.,LTD. (A #000061)"
70062,"SHENZHEN HUAQIANG INDUSTRY CO., LTD (A #000062)"
70063,ZTE CORPORATION (A #000063)
70065,NORINCO INTERNATIONAL COOPERATION LTD. (A #000065)
70066,"CHINA GREATWALL TECHNOLOGY GROUP CO., LTD. (A #000066)"
70068,"SHENZHEN HUAKONG SEG CO.,LTD. (A #000068)"
70069,"SHENZHEN OVERSEAS CHINESE TOWN CO.,LTD (A #000069)"
70070,"SHENZHEN SDG INFORMATION CO., LTD (A #000070)"
70078,"SHENZHEN NEPTUNUS BIOENGINEERING CO.,LTD (A #000078)"
70088,"SHENZHEN YAN TIAN PORT HOLDINGS CO.,LTD (A #000088)"
70089,"SHENZHEN AIRPORT CO.,LTD (A #000089)"
70090,"SHENZHEN TAGEN GROUP CO., LTD. (A #000090)"
70096,"SHENZHEN GUANGJU ENERGY CO., LTD (A #000096)"
70099,"CITIC OFFSHORE HELICOPTER CO.,LTD (A #000099)"
70100,TCL TECHNOLOGY GROUP CORPORATION (A #000100)
70151,CHINA NATIONAL COMPLETE PLANT IMPORT & EXPORT CORPORATION LIMITED (A #000151)
70155,SICHUAN NEW ENERGY POWER COMPANY LIMITED (A #000155)
70156,"WASU MEDIA HOLDING CO.,LTD (A #000156)"
70157,"ZOOMLION HEAVY INDUSTRY SCIENCE AND TECHNOLOGY CO., LTD (A #000157)"
70158,"SHIJIAZHUANG CHANGSHAN BEIMING TECHNOLOGY CO., LTD(A #000158)"
70166,"SHENWAN HONGYUAN GROUP CO.,LTD (A #000166)"
70301,"JIANGSU EASTERN SHENGHONG CO.,LTD. (A #000301)"
70333,"MIDEA GROUP CO., LTD. (A #000333)"
70338,"WEICHAI POWER CO., LTD. (A #000338)"
70400,"XJ ELECTRIC CO.,LTD (A #000400)"
70401,"BBMG JIDONG CEMENT GROUP CO.,LTD (A #000401)"
70402,"FINANCIAL STREET HOLDINGS CO., LTD. (A #000402)"
70403,"PACIFIC SHUANGLIN BIO-PHARMACY CO., LTD (A #000403)"
70404,"CHANGHONG HUAYI COMPRESSOR CO., LTD. (A #000404)"
70407,"SHANDONG SHENGLI CO., LTD. (A #000407)"
70408,ZANGGE MINING COMPANY LIMITED (A #000408)
70409,"YUNDING TECHNOLOGY CO.,LTD. (A #000409)"
70410,"SHENYANG MACHINE TOOL CO.,LTD (A #000410)"
70411,"ZHEJIANG INT'L GROUP CO.,LTD. (A #000411)"
70415,"BOHAI LEASING CO.,LTD. (A #000415)"
70417,"HEFEI DEPARTMENT STORE GROUP CO.,LTD (A #000417)"
70420,"JILIN CHEMICAL FIBRE CO ., LTD (A #000420)"
70422,"HUBEI YIHUA CHEMICAL INDUSTRY CO., LTD (A #000422)"
70423,"DONG-E-E-JIAO CO., LTD. (A #000423)"
70425,"XCMG CONSTRUCTION MACHINERY CO., LTD. (A #000425)"
70426,"INNER MONGOLIA XINGYE SILVER & TIN MINING CO.,LTD (A #000426)"
70428,"HUATIAN HOTEL GROUP  CO.,LTD. (A #000428)"
70429,"GUANGDONG PROVINCIAL EXPRESSWAY DEVELOPMENT CO.,LTD (A #000429)"
70430,"ZHANG JIA JIE TOURISM GROUP CO.,LTD (A #000430)"
70488,"SHANDONG CHENMING PAPER HOLDINGS CO.,LTD (A #000488)"
70498,"SHANDONG HI-SPEED ROAD&BRIDGE GROUP CO., LTD. (A #000498)"
70501,"WUSHANG GROUP CO., LTD. (A #000501)"
70503,"CHINA REFORM HEALTH MANAGEMENT AND SERVICES GROUP CO., LTD. (A #000503)"
70505,"HAINAN JINGLIANG HOLDINGS CO., LTD. (A #000505)"
70506,"ZHAOJIN INTERNATIONAL GOLD CO., LTD. (A #000506)"
70507,"ZHUHAI PORT CO., LTD (A #000507)"
70510,"SICHUAN XINJINLU GROUP CO., LTD. (A# 000510)"
70513,LIVZON PHARMACEUTICAL GROUP INC. (A #000513)
70514,"CHONGQING YUKAIFA CO.,LTD (A #000514)"
70516,XI'AN INTERNATIONAL MEDICAL INVESTMENT COMPANY LIMITED (A #000516)
70517,"RONGAN PROPERTY CO.,LTD. (A #000517)"
70518,"JIANGSU SIHUAN BIOENGINEERING CO.,LTD (A #000518)"
70519,"NORTH INDUSTRIES GROUP RED ARROW CO., LTD (A #000519)"
70521,"CHANGHONG MEILING CO.,LTD. (A #000521)"
70523,"HONGMIAN ZHIHUI SCIENCE AND TECHNOLOGY INNOVATION CO.,LTD.GUANGZHOU (A #000523)"
70524,GUANGZHOU LINGNAN GROUP HOLDINGS COMPANY LIMITED (A #000524)
70525,"NANJING RED SUN CO., LTD (A #000525)"
70526,"XUEDA (XIAMEN) EDUCATION TECHNOLOGY GROUP CO., LTD (A #000526)"
70528,"GUANGXI LIUGONG MACHINERY CO., LTD (A #000528)"
70531,"GUANGZHOU HENGYUN ENTERPRISES HOLDING CO.,LTD (A #000531)"
70532,"ZHUHAI HUAJIN CAPITAL CO., LTD (A #000532)"
70533,"GUANGDONG SHUNNA ELECTRIC CO.,LTD. (A #000533)"
70534,"WEDGE INDUSTRIAL CO.,LTD. (A #000534)"
70536,"HUA YING TECHNOLOGY (GROUP) CO.,LTD. (A #000536)"
70537,"GREEN DEVELOPMENT ELECTRICITY GROUP OF TIANJIN CO.,LTD (A #000537)"
70538,"YUNNAN BAIYAO GROUP CO.,LTD. (A #000538)"
70539,"GUANGDONG ELECTRIC POWER DEVELOPMENT CO., LTD (A #000539)"
70541,"FOSHAN ELECTRICAL AND LIGHTING CO., LTD (A #000541)"
70543,"AN HUI WENERGY CO.,LTD (A #000543)"
70544,"ZHONGYUAN ENVIRONMENTAL PROTECTION CO., LTD.(A #000544)"
70546,"JINYUAN EP CO.,LTD. (A #000546)"
70547,"ADDSINO CO.,LTD (A #000547)"
70550,"JIANGLING MOTORS CO., LTD (A #000550)"
70551,"CREATE TECHNOLOGY & SCIENCE CO.,LTD (A #000551)"
70552,"GANSU ENERGY CHEMICAL CO.,LTD (A #000552)"
70553,ADAMA LTD. (A #000553)
70555,DIGITAL CHINA INFORMATION SERVICE GROUP COMPANY LTD. (A #000555)
70557,"NINGXIA WESTERN VENTURE INDUSTRIAL CO., LTD. (A #000557)"
70558,"CHENGDU NEW TIANFU CULTURE TOURISM DEVELOPMENT CO.,LTD. (A #000558)"
70559,"WANXIANG QIANCHAO CO.,LTD (A #000559)"
70560,"5I5J HOLDING GROUP CO., LTD. (A #000560)"
70561,"SHAANXI FENGHUO ELECTRONICS CO., LTD. (A #000561)"
70563,"SHAANXI INTERNATIONAL TRUST CO.,LTD. (A #000563)"
70564,"CCOOP GROUP CO., LTD (A #000564)"
70566,"HAINAN HAIYAO CO.,LTD (A #000566)"
70567,"HAINAN HAIDE CAPITAL MANAGEMENT CO., LTD. (A #000567)"
70568,"LUZHOU LAO JIAO CO.,LTD (A #000568)"
70571,"SUNDIRO HOLDING CO., LTD. (A #000571)"
70572,"HAIMA AUTOMOBILE CO.,LTD. (A #000572)"
70576,"GUANGDONG GANHUA SCIENCE & INDUSTRY CO., LTD. (A #000576)"
70581,"WEIFU HIGH-TECHNOLOGY GROUP CO.,LTD. (A #000581)"
70582,"BEIBU GULF PORT CO.,LTD. (A #000582)"
70589,"GUI ZHOU TYRE CO., LTD. (A #000589)"
70591,"CECEP SOLAR ENERGY CO.,LTD. (A #000591)"
70592,ZHONGFU STRAITS (PINGTAN) DEVELOPMENT COMPANY LIMITED (A #000592)
70593,"DELONG COMPOSITE ENERGY GROUP CO., LTD (A #000593)"
70595,"NINGXIA GUOYUN NEW ENERGY CO., LTD. (A #000595)"
70596,"ANHUI GUJING DISTILLERY CO.,LTD (A #000596)"
70597,"NORTHEAST PHARMACEUTICAL GROUP CO.,LTD (A #000597)"
70598,"CHENGDU XINGRONG ENVIRONMENT CO., LTD. (A #000598)"
70599,"QINGDAO DOUBLESTAR CO,LTD. (A #000599)"
70600,"HCIG ENERGY INVESTMENT CO.,LTD (A #000600)"
70601,"GUANGDONG SHAONENG GROUP CO.,LTD (A #000601)"
70603,"SHENGDA RESOURCES CO.,LTD (A #000603)"
70605,"BOHAI WATER INDUSTRY CO.,LTD (A #000605)"
70607,"ZHEJIANG HUAMEI HOLDING CO., LTD. (A #000607)"
70612,"JIAOZUO WANFANG ALUMINUM MANUFACTURING CO., LTD (A #000612)"
70615,"JOINTOWN AESTHETICS VALLEY CO.,LTD. (A #000615)"
70617,CNPC CAPITAL COMPANY LIMITED (A #000617)
70620,WINNOVATION CULTURALTAINMENT DEVELOPMENT LIMITED (A #000620)
70623,"JILIN AODONG PHARMACEUTICAL GROUP CO., LTD. (A #000623)"
70625,CHONGQING CHANGAN AUTOMOBILE COMPANY LIMITED (A #000625)
70626,"GRAND INDUSTRIAL HOLDING CO., LTD (A #000626)"
70628,"CHENGDU HI-TECH DEVELOPMENT GR0UP CO.,LTD (A #000628)"
70629,"PANGANG GROUP VANADIUM TITANIUM & RESOURCES CO., LTD. (A #000629)"
70630,"TONGLING NONFERROUS METALS GROUP CO.,LTD. (A #000630)"
70631,SHUNFA HENGNENG CORPORATION (A #000631)
70635,"NINGXIA YINGLITE CHEMICALS CO.,LTD (A #000635)"
70636,"GUANDDONG FENGHUA ADVANCED TECHNOLOGY (HOLDING) CO., LTD (A #000636)"
70639,"XIWANG FOODSTUFFS CO.,LTD. (A #000639)"
70650,"RENHE PHARMACY CO.,LTD (A #000650)"
70651,"GREE ELECTRIC APPLIANCES,INC.OF ZHUHAI CO.,LTD (A #000651)"
70652,"TIANJIN TEDA RESOURCES RECYCLING GROUP CO.,LTD. (A #000652)"
70655,"SHANDONG JINLING MINING CO.,LTD (A #000655)"
70656,"JINKE PROPERTY GROUP CO., LTD (A #000656)"
70657,"CHINA TUNGSTEN AND HIGHTECH MATERIALS CO.,LTD (A #000657)"
70659,"ZHUHAI ZHONGFU ENTERPRISE CO.,LTD (A #000659)"
70661,"CHANGCHUN HIGH-TECH INDUSTRY (GROUP) CO., LTD. (A #000661)"
70665,"HUBEI RADIO & TELEVISION INFORMATION NETWORK CO., LTD. (A #000665)"
70669,"JINHONG HOLDING GROUP CO., LTD. (A #000669)"
70670,"INFOTMIC CO.,LTD. (A #000670)"
70672,"GANSU SHANGFENG MATERIALS CO., LTD. (A #000672)"
70676,"GENIMOUS TECHNOLOGY CO.,LTD (A #000676)"
70678,"XIANGYANG AUTOMOBILE BEARING CO., LTD (A #000678)"
70680,"SHANTUI CONSTRUCTION MACHINERY CO.,LTD (A #000680)"
70681,"VISUAL CHINA GROUP CO.,LTD. (A #000681)"
70682,"DONGFANG ELECTRONICS CO.,LTD (A #000682)"
70683,INNER MONGOLIA BERUN CHEMICAL COMPANY LIMITED (A #000683)
70685,"ZHONGSHAN PUBLIC UTILITIES GROUP CO.,LTD. (A #000685)"
70686,"NORTHEAST SECURITIES CO.,LTD. (A #000686)"
70688,"GUOCHENG MINING CO.,LTD (A #000688)"
70690,"GUANGDONG BAOLIHUA NEW ENERGY STOCK CO., LTD. (A #000690)"
70697,"LIGEANCE AEROSPACE TECHNOLOGY CO.,LTD. (A #000697)"
70700,"JIANGNAN MOULD & PLASTIC TECHNOLOGY CO.,LTD (A #000700)"
70701,XIAMEN XINDECO LTD. (A #000701)
70703,"HENGYI PETROCHEMICAL CO., LTD (A #000703)"
70708,"CITIC PACIFIC SPECIAL STEEL GROUP CO., LTD (A #000708)"
70709,HBIS COMPANY LIMITED (A #000709)
70710,"BERRY GENOMICS CO.,LTD (A #000710)"
70712,GUANGDONG GOLDEN DRAGON DEVELOPMENT INC. (A #000712)
70713,"SDIC FENGLE SEED CO.,LTD (A #000713)"
70716,"NANFANG BLACK SESAME GR0UP CO., LTD (A #000716)"
70717,"GUANGDONG ZHONGNAN IRON & STEEL CO., LTD. (A #000717)"
70718,"SUNING UNIVERSAL CO.,LTD. (A #000718)"
70719,"CENTRAL CHINA LAND MEDIA CO.,LTD (A #000719)"
70720,"SHANDONG XINNENG TAISHAN POWER GENERATION CO.,LTD. (A #000720)"
70721,"XI'AN CATERING CO., LTD. (A #000721)"
70722,"HUNAN ENERGY GROUP DEVELOPMENT CO.,LTD. (A #000722)"
70723,"SHANXI MEIJIN ENERGY CO., LTD (A #000723)"
70725,"BOE TECHNOLOGY GROUP CO., LTD (A #000725)"
70726,"LU THAI TEXTILE CO., LTD (A #000726)"
70727,"TPV TECHNOLOGY CO., LTD. (A #000727)"
70728,GUOYUAN SECURITIES COMPANY LIMITED (A #000728)
70729,"BEIJING YANJING BREWERY CO.,LTD (A #000729)"
70731,"SICHUAN MEIFENG CHEMICAL INDUSTRY CO., LTD. (A #000731)"
70733,"CHINA ZHENHUA(GROUP) SCIENCE& TECHNOLOGY CO.,LTD (A #000733)"
70735,"LUONIUSHAN CO., LTD. (A #000735)"
70736,"CCCG URBAN DEVELOPMENT HOLDING GROUP CO., LTD. (A #000736)"
70737,"NORTH COPPER CO.,LTD (A #000737)"
70738,"AECC AERO-ENGINE CONTROL CO., LTD. (A #000738)"
70739,"APELOA PHARMACEUTICAL CO.,LTD. (A #000739)"
70750,"SEALAND SECURITIES CO., LTD. (A #000750)"
70751,"HULUDAO ZINC INDUSTRY CO.,LTD (A #000751)"
70753,"FUJIAN ZHANGZHOU DEVELOPMENT CO.,LTD (A #000753)"
70755,"SHANXI HI-SPEED GROUP CO., LTD. (A #000755)"
70756,SHANDONG XINHUA PHARMACEUTICAL COMPANY LIMITED (A #000756)
70758,"CHINA NONFERROUS METAL IND FOREIGN ENG & CONSTRU CO., LTD. (A #000758)"
70759,"ZHONGBAI HOLDINGS GROUP CO.,LTD. (A #000759)"
70761,"BENGANG STEEL PLATES CO.,LTD (A #000761)"
70762,"TIBET MINERAL DEVELOPMENT CO.,LTD (A #000762)"
70766,"TONGHUA GOLDEN-HORSE PHARMACEUTICAL INDUSTRY CO,LTD (A #000766)"
70767,"JINNENG HOLDING SHANXI ELECTRIC POWER CO.,LTD. (A #000767)"
70768,AVIC XI'AN AIRCRAFT INDUSTRY GROUP COMPANY LTD. (A #000768)
70776,"GF SECURITIES CO.,LTD (A #000776)"
70777,"SUFA TECHNOLOGY INDUSTRY CO.,LTD.,CNNC. (A #000777)"
70778,"XINXING DUCTILE IRON PIPES CO., LTD (A #000778)"
70782,"GUANGDONG HIGHSUN MEIDA NEW MATERIALS CO., LTD. (A #000782)"
70783,"CHANGJIANG SECURITIES CO., LTD (A #000783)"
70785,"EASYHOME NEW RETAIL GROUP CO., LTD (A #000785)"
70786,BEIJING NEW BUILDING MATERIALS PUBLIC LIMITED COMPANY (A #000786)
70789,"JIANGXI WANNIANQING CEMENT CO.,LTD (A #000789)"
70791,"GEPIC ENERGY DEVELOPMENT CO., LTD. (A #000791)"
70792,"QINGHAI SALT LAKE INDUSTRY CO., LTD. (A #000792)"
70793,HUAWEN MEDIA GROUP(A #000793)
70795,"INNUOVO TECHNOLOGY CO.,LTD. (A# 000795)"
70796,"CAISSA TOURISM GROUP CO., LTD. (A #000796)"
70797,"CHINA WUYI CO.,LTD (A #000797)"
70799,"JIUGUI LIQUOR CO., LTD. (A #000799)"
70800,"FAW JIEFANG GROUP CO., LTD (A #000800)"
70801,"SICHUAN JIUZHOU ELECTRONIC CO., LTD (A #000801)"
70802,"BEIJING JINGXI CULTURE&TOURISM CO.,LTD (A #000802)"
70807,"YUNNAN ALUMINIUM CO.,LTD (A #000807)"
70810,"SKYWORTH DIGITAL CO.,LTD. (A #000810)"
70811,"MOON ENVIRONMENT TECHNOLOGY CO.,LTD. (A #000811)"
70813,DEZHAN HEALTHCARE COMPANY LIMITED (A #000813)
70815,"MCC MEILI CLOUD COMPUTING INDUSTRY INVESTMENT CO., LTD (A #000815)"
70816,"JIANGSU NONGHUA  INTELLIGENT AGRICULTURE TECH CO.,LTD. (A #000816)"
70818,"HANGJIN TECHNOLOGY CO., LTD. (A #000818)"
70819,"YUEYANG XINGCHANG PETRO-CHEMICAL CO.,LTD. (A #000819)"
70821,"J.S. CORRUGATING MACHINERY CO., LTD (A #000821)"
70822,"SHANDONG HAIHUA CO.,LTD (A #000822)"
70823,"GUANGDONG GOWORLD CO., LTD (A #000823)"
70825,SHANXI TAIGANG STAINLESS STEEL CO.LTD (A #000825)
70826,"TUS ENVIRONMENTAL SCIENCE AND TECHNOLOGY DEVELOPMENT CO., LTD. (A #000826)"
70828,"DONGGUAN DEVELOPMENT (HOLDINGS) CO., LTD (A #000828)"
70829,"TELLING TELECOMMUNICATION HOLDING CO.,LTD. (A #000829)"
70830,"LUXI CHEMICAL GROUP CO.,LTD. (A #000830)"
70831,"CHINA RARE EARTH RESOURCES & TECHNOLOGY CO., LTD.(A #000831)"
70833,"GUANGXI YUEGUI GUANGYE HOLDINGS CO., LTD. (A #000833)"
70837,"QINCHUAN MACHINE TOOL & TOOL GROUP SHARE CO., LTD (A #000837)"
70838,"CASIN REAL ESTATE DEVELOPMENT GROUP CO.,LTD. (A #000838)"
70839,"CITIC GUOAN INFORMATION INDUSTRY CO., LTD (A #000839)"
70848,"CHENG DE LOLO CO.,LTD. (A #000848)"
70850,"ANHUI HUAMAO TEXTILE CO.,LTD (A #000850)"
70852,SINOPEC  OILFIELD  EQUIPMENT CORPORATION (A #000852)
70856,"TANGSHAN JIDONG EQUIPMENT ENGINEERING CO.,LTD (A #000856)"
70858,"WULIANGYE YIBIN CO.,LTD. (A #000858)"
70859,"ANHUI GUOFENG NEW MATERIALS CO., LTD. (A #000859)"
70860,"BEIJING SHUNXIN AGRICULTURE CO.,LTD (A #000860)"
70862,"NING XIA YIN XING ENERGY CO.,LTD. (A #000862)"
70863,"SANXIANG IMPRESSION CO.,LTD (A #000863)"
70868,"ANHUI ANKAI AUTOMOBILE CO.,LTD. (A #000868)"
70869,YANTAI CHANGYU PIONEER WINE COMPANY LIMITED (A #000869)
70875,"SPIC GREEN ENERGY CO.,LTD. (A #000875)"
70876,"NEW HOPE LIUHE CO.,LTD. (A #000876)"
70877,"TIANSHAN MATERIAL CO.,LTD. (A #000877)"
70878,"YUNNAN COPPER CO.,LTD. (A #000878)"
70880,"WEICHAI HEAVY MACHINERY CO., LTD. (A #000880)"
70881,"CGN NUCLEAR TECHNOLOGY DEVELOPMENT CO., LTD. (A #000881)"
70882,"BEIJING HUALIAN DEPARTMENT STORE CO.,LTD (A #000882)"
70883,"HUBEI ENERGY GROUP CO., LTD (A #000883)"
70885,CEVIA ENVIRO INC. (A #000885)
70886,"HAINAN EXPRESSWAY CO., LTD (A #000886)"
70887,"ANHUI ZHONGDING SEALING PARTS CO.,LTD (A #000887)"
70888,"EMEI SHAN TOURISM CO.,LTD (A #000888)"
70889,"ZJBC INFORMATION TECHNOLOGY CO.,LTD (A #000889)"
70892,H&R CENTURY UNION CORPORATION (A #000892)
70893,"ASIA-POTASH INTERNATIONAL INVESTMENT (GUANGZHOU) CO., LTD. (A #000893)"
70895,"HENAN SHUANGHUI INVESTMENT & DEVELOPMENT CO.,LTD (A #000895)"
70897,"TIANJIN JINBIN DEVELOPMENT CO., LTD (A #000897)"
70898,"ANGANG STEEL CO.,LTD (A #000898)"
70899,"JIANGXI GANNENG CO.,LTD (A #000899)"
70900,"XIANDAI INVESTMENT CO., LTD (A #000900)"
70901,"AEROSPACE HI-TECH HOLDING GROUP CO., LTD. (A #000901)"
70902,"YONFER AGRICULTURAL TECHNOLOGY CO.,LTD. (A #000902)"
70903,"KUNMING YUNNEI POWER CO., LTD. (A #000903)"
70905,"XIAMEN PORT DEVELOPMENT CO., LTD. (A #000905)"
70906,"ZHESHANG DEVELOPMENT GROUP CO.,LTD. (A #000906)"
70908,"CSPC HUNAN JINGFENG PHARMACEUTICAL CO., LTD. (A #000908)"
70910,"DARE POWER DEKOR HOME CO.,LTD. (A #000910)"
70912,"SICHUAN LUTIANHUA CO.,LTD (A #000912)"
70913,"ZHEJIANG QIANJIANG MOTORCYCLE CO.,LTD. (A #000913)"
70915,"SHANDONG WIT DYNE HEALTH CO.,LTD (A #000915)"
70917,"HUNAN TV&BROADCAST INTERMEDIARY CO., LTD. (A #000917)"
70919,"JINLING PHARMACEUTICAL CO.,LTD (A #000919)"
70920,"VONTRON TECHNOLOGY CO., LTD. (A #000920)"
70921,"HISENSE HOME APPLIANCES GROUP CO.,LTD. (A #000921)"
70922,"HARBIN ELECTRIC CORPORATION JIAMUSI ELECTRIC MACHINE CO.,LTD (A #000922)"
70923,"HBIS RESOURCES CO., LTD. (A#000923)"
70925,"UNITTEC CO., LTD. (A #000925)"
70926,"HUBEI FUXING SCIENCE AND TECHNOLOGY CO.,LTD (A #000926)"
70927,CHINA RAILWAY MATERIALS COMPANY LIMITED (A #000927)
70928,"SINOSTEEL ENGINEERING & TECHNOLOGY CO., LTD. (A #000928)"
70930,"COFCO BIOTECHNOLOGY CO., LTD. (A #000930)"
70931,"BEIJING CENTERGATE TECHNOLOGIES (HOLDING) CO., LTD (A #000931)"
70932,"HUNAN VALIN STEEL CO.,LTD (A #000932)"
70933,"HENAN SHENHUO COAL & POWER CO.,LTD (A #000933)"
70935,SICHUAN HEXIE SHUANGMA CO.LTD (A #000935)
70936,"JIANGSU HUAXICUN CO., LTD. (A #000936)"
70937,"JIZHONG  ENERGY  RESOURCES  CO., LTD. (A #000937)"
70938,UNISPLENDOUR CORPORATION LIMITED (A #000938)
70948,"YUNNAN NANTIAN ELECTRONICS INFORMATION CO.,LTD (A #000948)"
70949,"XINXIANG CHEMICAL FIBER CO., LTD (A #000949)"
70950,"C.Q. PHARMACEUTICAL HOLDING CO., LTD. (A #000950)"
70951,"SINOTRUK JINAN TRUCK CO., LTD. (A #000951)"
70957,"ZHONGTONG BUS CO., LTD (A #000957)"
70958,"SPIC INDUSTRY-FINANCE HOLDINGS CO., LTD (A #000958)"
70959,"BEIJING SHOUGANG CO.,LTD (A #000959)"
70960,"YUNNAN TIN CO., LTD. (A #000960)"
70962,"NINGXIA ORIENT TANTALUM INDUSTRY CO.,LTD (A #000962)"
70963,"HUADONG MEDICINE CO.,LTD (A #000963)"
70965,TIANJIN TIANBAO INFRASTRUCTURE CO..LTD (A #000965)
70966,"CHN ENERGY CHANGYUAN ELECTRIC POWER CO.,LTD. (A #000966)"
70967,INFORE ENVIRONMENT TECHNOLOGY GROUP CO. LTD. (A #000967)
70968,SHANXI BLUE FLAME HOLDING COMPANY LIMITED (A #000968)
70969,"ADVANCED TECHNOLOGY & MATERIALS CO.,LTD (A #000969)"
70970,"BEIJING ZHONG KE SAN HUAN HIGH-TECH CO., LTD (A #000970)"
70973,"FSPG HI-TECH CO., LTD (A #000973)"
70975,"SHANJIN INTERNATIONAL GOLD CO.,LTD. (A #000975)"
70977,"IEIT SYSTEMS CO., LTD. (A #000977)"
70980,"ZOTYE AUTOMOBILE CO., LTD (A #000980)"
70981,SENSTEED HI-TECH GROUP (A #000981)
70983,"SHANXI COKING COAL ENERGY GROUP CO.,LTD. (A #000983)"
70987,"GUANGZHOU YUEXIU CAPITAL HOLDINGS GROUP CO., LTD (A #000987)"
70988,HUAGONG TECH COMPANY LIMITED (A #000988)
70989,"JIUZHITANG CO.,LTD (A #000989)"
70990,"CHENGZHI CO., LTD. (A #000990)"
70993,"FUJIAN MINDONG ELECTRIC POWER GROUP CO.,LTD (A #000993)"
70997,"NEWLAND DIGITAL TECHNOLOGY CO.,LTD. (A #000997)"
70998,"YUAN LONGPING HIGH-TECH AGRICULTURE CO.,LTD (A #000998)"
70999,"CHINA RESOURCES SANJIU MEDICAL & PHARMACEUTICAL CO., LTD. (A #000999)"
71201,"DONGRUI FOOD GROUP CO., LTD. (A #001201)"
71203,"DAZHONG MINING CO.,LTD (A #001203)"
71207,"SHANDONG LINK SCIENCE AND TECHNOLOGY CO.,LTD. (A #001207)"
71208,"HUNAN VALIN WIRE&CABLE CO.,LTD. (A #001208)"
71212,"SINOSTONE(GUANGDONG) CO., LTD. (A #001212)"
71213,"CHINA RAILWAY SPECIAL CARGO LOGISTICS CO., LTD. (A #001213)"
71215,"ZHENGZHOU QIANWEIYANGCHU FOOD CO.,LTD (A #001215)"
71221,"HIGOLD GROUP CO., LTD. (A #001221)"
71223,"OK SCIENCE AND TECHNOLOGY CO., LTD. (A #001223)"
71227,"BANK OF LANZHOU CO., LTD. (A #001227)"
71228,"YONGTAIYUN CHEMICAL LOGISTICS CO.,LTD. (A #001228)"
71233,"HAIAN RUBBER GROUP CO., LTD. (A #001233)"
71236,"SOHO HOLLY FUTURES CO., LTD. (A #001236)"
71238,"ZHEJIANG ZHENGTE CO., LTD. (A #001238)"
71239,"XIANGTAN YONGDA MACHINERY MANUFACTURING CO., LTD. (A #001239)"
71257,"LUOYANG SHENGLONG MINING GROUP CO., LTD. (A #001257)"
71258,"XINJIANG LIXIN ENERGY CO., LTD (A #001258)"
71267,"HUI LYU ECOLOGICAL TECHNOLOGY GROUPS CO.,LTD. (A #001267)"
71269,"INNER MONGOLIA OJING SCIENCE & TECHNOLOGY CO., LTD. (A #001269)"
71270,"ZHEJIANG CHENGCHANG TECHNOLOGY CO., LTD. (A #001270)"
71279,"ANHUI STRONG STATE NEW MATERIALS CO., LTD. (A #001279)"
71280,"CHINA NATIONAL URANIUM CO., LTD. (A #001280)"
71283,"SHENZHEN HIGHPOWER TECHNOLOGY CO., LTD. (A #001283)"
71285,"GUANGZHOU RUILI KORMEE AUTOMOTIVE ELECTRONIC CO., LTD. (A #001285)"
71286,"SHAANXI ENERGY INVESTMENT CO., LTD. (A #001286)"
71287,"SHENZHEN CECPORT TECHNOLOGIES CO., LTD. (A #001287)"
71288,"SICHUAN ZIGONG CONVEYING MACHINE GROUP CO.,LTD. (A #001288)"
71289,CHINA LONGYUAN POWER GROUP CORPORATION LIMITED (A #001289)
71298,"SHENZHEN BEST OF BEST HOLDINGS CO.,LTD. (A #001298)"
71301,"SHIJIAZHUANG SHANGTAI TECHNOLOGY CO., LTD. (A #001301)"
71306,"ZHEJIANG XIASHA PRECISION MANUFACTURING CO.,LTD. (A #001306)"
71308,"SHENZHEN KTC TECHNOLOGY CO., LTD. (A #001308)"
71309,"SHENZHEN TECHWINSEMI TECHNOLOGY CO., LTD. (A #001309)"
71311,"CHUZHOU DUOLI AUTOMOTIVE TECHNOLOGY CO.,LTD. (A #001311)"
71312,"HANGZHOU FUEN CO., LTD. (A #001312)"
71313,"GUANGDONG YUEHAI FEEDS GROUP CO., LTD. (A #001313)"
71314,"EMDOOR INFORMATION CO., LTD. (A #001314)"
71316,"LUBAIR AVIATION TECHNOLOGY CO., LTD. (A #001316)"
71322,"ARROW HOME GROUP CO., LTD. (A #001322)"
71323,"DERUCCI HEALTHY SLEEP CO.,LTD. (A #001323)"
71328,"DENCARE (CHONGQING) ORAL CARE CO., LTD. (A #001328)"
71330,"BONA FILM GROUP CO., LTD. (A #001330)"
71331,"SENTON ENERGY CO.,LTD. (A #001331)"
71332,"WUXI CHEMICAL EQUIPMENT CO., LTD. (A #001332)"
71337,"SICHUAN GOLD CO., LTD. (A #001337)"
71338,GDH SUPERTIME GROUP COMPANY LIMITED (A #001338)
71339,"JWIPC TECHNOLOGY CO., LTD. (A #001339)"
71356,"FULING TECHNOLOGY CO.,LTD (A #001356)"
71359,PAMICA TECHNOLOGY CORPORATION (A #001359)
71369,"INNER MONGOLIA SHUANGXIN ENV-FRIENDLY MATERIAL CO., LTD. (A #001369)"
71376,"JIANGXI BESTOO ENERGY CO.,LTD (A #001376)"
71378,"GUANGDONG DECRO FILM NEW MATERIALS CO., LTD. (A #001378)"
71380,HWAWAY TECHNOLOGY CORPORATION LIMITED (A #001380)
71382,"GUANGDONG XINYAGUANG CABLE CO., LTD. (A #001382)"
71386,"MARCOPOLO HOLDINGS CO., LTD. (A #001386)"
71388,"SHANDONG SENTER ELECTRONIC CO., LTD. (A #001388)"
71389,DELTON TECHNOLOGY (GUANGZHOU) INC. (A #001389)
71390,ANHUI GUQI DOWN & FEATHER TEXTILE INCORPORATED (A #001390)
71391,"AIR CHINA CARGO CO., LTD. (A #001391)"
71393,"BEIJING VICTORY ELECTRIC CO.,LTD. (A #001393)"
71400,"GIANSUN PRECISION TECHNOLOGY GROUP CO., LTD. (A #001400)"
71696,"CHONGQING ZONGSHEN POWER MACHINERY CO., LTD (A #001696)"
71872,"CHINA MERCHANTS PORT GROUP CO., LTD. (A #001872)"
71896,"HENAN YUNENG HOLDINGS CO., LTD (A #001896)"
71914,"CHINA MERCHANTS PROPERTY OPERATION & SERVICE CO., LTD. (A #001914)"
71965,"CHINA MERCHANTS EXPRESSWAY NETWORK & TECHNOLOGY HLDGS CO., LTD. (A #001965)"
71979,"CHINA MERCHANTS SHEKOU INDUSTRIAL ZONE HOLDINGS CO.,LTD (A #001979)"
72001,ZHEJIANG NHU COMPANY LTD. (A #002001)
72003,"ZHEJIANG WEIXING INDUSTRIAL DEVELOPMENT CO., LTD (A #002003)"
72004,"HUAPONT LIFE SCIENCES CO., LTD. (A #002004)"
72005,"ELEC-TECH INTERNATIONAL CO., LTD. (A #002005)"
72006,"ZHEJIANG JINGGONG INTEGRATION TECHNOLOGY CO., LTD. (A #002006)"
72007,HUALAN BIOLOGICAL ENGINEERING INC. (A #002007)
72008,"HAN'S LASER TECHNOLOGY INDUSTRY GROUP CO., LTD. (A #002008)"
72009,"MIRACLE AUTOMATION ENGINEERING CO.,LTD. (A #002009)"
72010,"TRANSFAR ZHILIAN CO.,LTD. (A #002010)"
72011,"ZHEJIANG DUN'AN ARTIFICIAL ENVIRONMENT CO., LTD. (A #002011)"
72014,"HUANGSHAN NOVEL CO., LTD. (A #002014)"
72015,"GCL ENERGY TECHNOLOGY CO.,LTD. (A #002015)"
72016,"GUANGDONG SHIRONGZHAOYE CO.,LTD (A #002016)"
72017,"EASTCOMPEACE TECHNOLOGY CO., LTD (A #002017)"
72019,"YIFAN PHARMACEUTICAL CO.,LTD (A #002019)"
72020,"ZHEJIANG JINGXIN PHARMACEUTICAL CO., LTD. (A #002020)"
72021,"ZOJE RESOURCES INVESTMENT CO.,LTD. (A #002021)"
72022,"SHANGHAI KEHUA BIO-ENGINEERING CO.,LTD. (A #002022)"
72023,"SICHUAN HAITE HIGH-TECH CO.,LTD. (A #002023)"
72024,"SUNING.COM CO.,LTD. (A #002024)"
72025,"GUIZHOU SPACE APPLIANCE CO., LTD. (A #002025)"
72026,"SHANDONG WEIDA MACHINERY CO., LTD. (A #002026)"
72027,"FOCUS MEDIA INFORMATION TECHNOLOGY CO.,LTD (A #002027)"
72028,"SIEYUAN ELECTRIC CO., LTD. (A #002028)"
72029,"FUJIAN SEPTWOLVES INDUSTRY CO., LTD. (A #002029)"
72030,"DAAN GENE CO., LTD. (A #002030)"
72031,GREATOO INTELLIGENT EQUIPMENT INC. (A #002031)
72032,"ZHE JIANG SUPOR CO., LTD. (A #002032)"
72033,"LIJIANG YULONG TOURISM CO.,LTD. (A #002033)"
72034,"WANGNENG ENVIRONMENT CO.,LTD. (A #002034)"
72035,VATTI CORPORATION LIMITED (A #002035)
72036,"LIANCHUANG ELECTRONIC TECHNOLOGY CO.,LTD (A #002036)"
72037,"POLY UNION CHEMICAL HOLDING GROUP CO.,LTD. (A #002037)"
72038,"BEIJING SL PHARMACEUTICAL CO., LTD. (A #002038)"
72039,"GUIZHOU QIANYUAN POWER CO., LTD. (A #002039)"
72040,"NANJING PORT CO., LTD. (A #002040)"
72041,"SHANDONG DENGHAI SEEDS CO., LTD. (A #002041)"
72042,"HUAFU FASHION CO., LTD. (A #002042)"
72043,"DEHUA TB NEW DECORATION MATERIAL CO.,LTD. (A #002043)"
72044,"MEINIAN ONEHEALTH HEALTHCARE HOLDINGS CO., LTD. (A #002044)"
72045,GUOGUANG ELECTRIC COMPANY LIMITED (A #002045)
72046,"SINOMACH PRECISION INDUSTRY GROUP CO., LTD. (A #002046)"
72047,"SHENZHEN BAUING CONSTRUCTION HOLDING GROUP CO.,LTD. (A #002047)"
72048,"NINGBO HUAXIANG ELECTRONIC CO.,LTD. (A #002048)"
72049,"UNIGROUP GUOXIN MICROELECTRONICS CO., LTD. (A #002049)"
72050,"ZHEJIANG SANHUA INTELLIGENT CONTROLS CO., LTD. (A #002050)"
72051,"CHINA CAMC ENGINEERING CO., LTD. (A #002051)"
72052,"SHENZHEN COSHIP ELECTRONICS CO.,LTD. (A #002052)"
72053,"YUNNAN ENERGY INVESTMENT CO.,LTD (A #002053)"
72055,"ZHENZHEN DEREN ELECTRONIC CO.,LTD. (A #002055)"
72056,"HENGDIAN GROUP DMEGC MAGNETICS CO., LTD. (A #002056)"
72057,"SINOSTEEL NEW MATERIALS CO., LTD. (A #002057)"
72059,"YUNNAN TOURISM CO., LTD. (A #002059)"
72060,"GUANGDONG CONSTRUCTION ENGINEERING GROUP CO., LTD. (A#002060)"
72061,"ZHEJIANG COMMUNICATIONS TECHNOLOGY CO.,LTD. (A #002061)"
72062,"HONGRUN CONSTRUCTION GROUP CO.,LTD. (A #002062)"
72063,YGSOFT INC. (A #002063)
72064,"HUAFON CHEMICAL CO., LTD. (A #002064)"
72065,"DHC SOFTWARE CO.,LTD (A #002065)"
72067,"ZHEJIANG JINGXING PAPER JOINT STOCK CO.,LTD. (A #002067)"
72068,"JIANGXI BLACK CAT CARBON BLACK CO., LTD. (A #002068)"
72073,"MESNAC CO.,LTD (A #002073)"
72074,"GOTION HIGH-TECH CO.,LTD. (A #002074)"
72075,"JIANGSU SHAGANG CO.,LTD. (A #002075)"
72077,"JIANGSU DAGANG CO.,LTD. (A #002077)"
72078,"SHANDONG SUN PAPER CO., LTD. (A #002078)"
72079,"SUZHOU GOOD-ARK ELECTRONICS CO., LTD. (A #002079)"
72080,"SINOMA SCIENCE & TECHNOLOGY CO.,LTD. (A #002080)"
72081,"SUZHOU GOLD MANTIS CONSTRUCTION DECORATION CO., LTD. (A #002081)"
72082,"WANBANGDE PHARMACEUTICAL HOLDING GROUP CO.,LTD. (A #002082)"
72083,"SUNVIM GROUP CO., LTD (A #002083)"
72085,"ZHEJIANG WANFENG AUTO WHEEL CO., LTD. (A #002085)"
72086,"SHANDONG ORIENTAL OCEAN SCI-TECH CO., LTD (A #002086)"
72088,"LUYANG ENERGY-SAVING MATERIALS CO.,LTD. (A #002088)"
72090,"WISCOM SYSTEM CO., LTD. (A #002090)"
72091,JIANGSU GUOTAI INTERNATIONAL GROUP CO. LTD. (A #002091)
72092,"XINJIANG ZHONGTAI CHEMICAL CO.,LTD. (A #002092)"
72093,"GUOMAI TECHNOLOGIES, INC (A #002093)"
72094,"QINGDAO KINGKING APPLIED CHEMISTRY CO.,LTD. (A #002094)"
72095,"ZHEJIANG NETSUN CO.,LTD. (A #002095)"
72096,"EXPLOSIVE CO., LTD (A #002096)"
72097,"SUNWARD INTELLIGENT EQUIPMENT CO.,LTD. (A #002097)"
72099,"ZHEJIANG HISOAR PHARMACEUTICAL CO.,LTD. (A #002099)"
72100,TECON BIOLOGY CO.LTD (A #002100)
72101,"GUANGDONG HONGTU TECHNOLOGY(HOLDINGS)CO.,LTD. (A #002101)"
72102,"HUBEI NENGTER TECHNOLOGY CO.,LTD (A #002102)"
72103,"GUANGBO GROUP STOCK CO.,LTD. (A #002103)"
72104,"HENGBAO CO.,LTD. (A #002104)"
72106,"SHENZHEN LAIBAO HI-TECH CO., LTD. (A #002106)"
72107,"SHANDONG WOHUA PHARMACEUTICAL CO., LTD. (A #002107)"
72108,"CANGZHOU MINGZHU PLASTIC CO.,LTD. (A #002108)"
72109,"SHAANXI XINGHUA CHEMISTRY CO., LTD (A #002109)"
72110,"SANSTEEL MINGUANG CO.,LTD.,FUJIAN (A #002110)"
72111,"WEIHAI GUANGTAI AIRPORT EQUIPMENT CO., LTD (A #002111)"
72112,"SAN BIAN SCI-TECH CO.,LTD. (A #002112)"
72114,"YUNNAN LUOPING ZINC AND ELECTRICITY CO., LTD (A #002114)"
72115,"SUNWAVE COMMUNICATIONS CO.,LTD. (A #002115)"
72116,"CHINA HAISUM ENGINEERING CO.,LTD. (A #002116)"
72117,TUNGKONG  INC. (A #002117)
72119,"NINGBO KANGQIANG ELECTRONICS CO., LTD. (A #002119)"
72120,"YUNDA HOLDING GROUP CO., LTD. (A #002120)"
72121,"SHENZHEN CLOU ELECTRONICS CO.,LTD. (A #002121)"
72122,"HUIZHOU INTELLIGENCE TECHNOLOGY GROUP CO., LTD (A #002122)"
72123,"MONTNETS CLOUD TECHNOLOGY GROUP CO.,LTD (A #002123)"
72124,"TECH-BANK FOOD CO.,LTD. (A #002124)"
72125,"XIANGTAN ELECTROCHEMICAL SCIENTIFIC CO.,LTD. (A #002125)"
72126,"ZHEJIANG YINLUN MACHINERY CO., LTD. (A #002126)"
72127,"NANJI E-COMMERCE CO., LTD (A #002127)"
72128,INNER MONGOLIA DIAN TOU ENERGY CORPORATION LIMITED (A #002128)
72129,"TCL ZHONGHUAN RENEWABLE ENERGY TECHNOLOGY CO.,LTD. (A #002129)"
72130,"SHENZHEN WOER HEAT-SHRINKABLE MATERIAL CO.,LTD (A #002130)"
72131,"LEO GROUP CO.,LTD. (A #002131)"
72132,"HENAN HENGXING SCIENCE & TECHNOLOGY CO.,LTD. (A #002132)"
72134,TIANJIN PRINTRONICS CIRCUIT CORPORATION (A #002134)
72135,"ZHEJIANG SOUTHEAST SPACE FRAME CO., LTD. (A #002135)"
72137,"SHENZHEN SEA STAR TECHNOLOGY CO., LTD (A #002137)"
72138,"SHENZHEN SUNLORD ELECTRONICS CO.,LTD. (A #002138)"
72139,"SHENZHEN TOPBAND CO., LTD. (A #002139)"
72140,"EAST CHINA ENGINEERING SCIENCE AND TECHNOLOGY CO.,LTD. (A #002140)"
72141,"INFUND HOLDING CO.,LTD (A #002141)"
72142,"BANK OF NINGBO CO., LTD (A #002142)"
72145,"TINERGY CHEMICAL CO., LTD. (A #002145)"
72146,"RISESUN REAL ESTATE DEVELOPMENT CO.,LTD. (A #002146)"
72148,"BEIJING BEWINNER COMMUNICATIONS CO., LTD. (A #002148)"
72149,"WESTERN METAL MATERIALS CO., LTD (A #002149)"
72150,"JIANGSU CHINT POWER TECHNOLOGY CO.,LTD (A #002150)"
72151,"BEIJING BDSTAR NAVIGATION CO.,LTD. (A #002151)"
72152,"GRG BANKING EQUIPMENT CO., LTD. (A #002152)"
72153,"BEIJING SHIJI INFORMATION TECHNOLOGY CO., LTD. (A #002153)"
72154,"BAOXINIAO HOLDING CO.,LTD. (A #002154)"
72155,HUNAN GOLD CORPORATION LIMITED (A #002155)
72156,"NANTONG FUJITSU MICROELECTRONICS CO.,LTD. (A #002156)"
72157,"JIANGXI ZHENGBANG TECHNOLOGY CO.,LTD. (A #002157)"
72158,"SHANGHAI HANBELL PRECISE MACHINERY CO.,LTD. (A #002158)"
72160,"JIANGSU ALCHA ALUMINIUM GROUP CO., LTD. (A #002160)"
72161,"INVENGO INFORMATION TECHNOLOGY CO., LTD (A #002161)"
72163,"HAINAN DEVELOPMENT HOLDINGS NANHAI CO., LTD. (A #002163)"
72164,"NINGBO DONLY CO.,LTD (A #002164)"
72165,"HONGBAOLI GROUP CORPORATION, LTD. (A #002165)"
72166,GUILIN LAYN NATURAL INGREDIENTS CORP. (A #002166)
72167,"GUANGDONG ORIENT ZIRCONIC IND SCI & TECH CO.,LTD. (A #002167)"
72168,"CHONGQING HIFUTURE INFORMATION TECHNOLOGY CO., LTD. (A #002168)"
72169,"GUANGZHOU ZHIGUANG ELECTRIC CO.,LTD. (A #002169)"
72170,"SHENZHEN BATIAN ECOTYPIC ENGINEERING CO., LTD. (A #002170)"
72171,"ANHUI TRUCHUM ADVANCED MATERIALS AND TECHNOLOGY CO.,LTD. (A #002171)"
72172,JIANGSU AOYANG HEALTH INDUSTRY CO.LTD. (A #002172)
72173,"INNOVATIVE MEDICAL MANAGEMENT CO.,LTD. (A #002173)"
72174,"YOUZU INTERACTIVE CO., LTD. (A #002174)"
72175,"GUANGXI ORIENTAL INTELLIGENT MANUFACTURING TECH CO., LTD. (A #002175)"
72176,"JIANGXI  SPECIAL  ELECTRIC  MOTOR CO.,LTD (A #002176)"
72177,"GUANGZHOU KINGTELLER TECHNOLOGY CO., LTD. (A #002177)"
72178,"SHANGHAI YANHUA SMARTECH GROUP CO.,LTD. (A #002178)"
72179,"JONHON OPTRONIC TECHNOLOGY CO.,LTD (A #002179)"
72180,"PANTUM TECHNOLOGY CO., LTD. (A #002180)"
72181,"GUANGDONG GUANGZHOU DAILY MEDIA CO.,LTD. (A #002181)"
72182,"BAOWU MAGNESIUM TECHNOLOGY CO., LTD (A #002182)"
72183,ETERNAL ASIA SUPPLY CHAIN MANAGEMENT LTD. (A #002183)
72184,"SHANGHAI HI-TECH CONTROL SYSTEM CO.,LTD (A #002184)"
72185,"TIANSHUI HUATIAN TECHNOLOGY CO.,LTD. (A #002185)"
72187,"GUANGZHOU GRANDBUY CO., LTD. (A #002187)"
72189,"COSTAR GROUP CO., LTD. (A #002189)"
72190,SICHUAN CHENGFEI INTEGRATION TECHNOLOGY CORP.LTD (A #002190)
72191,"SHENZHEN JINJIA GROUP CO.,LTD. (A #002191)"
72192,"YOUNGY CO.,LTD. (A #002192)"
72194,"WUHAN FINGU ELECTRONIC TECHNOLOGY CO., LTD. (A #002194)"
72195,"SHANGHAI STONEHILL TECHNOLOGY CO., LTD. (A #002195)"
72196,"ZHEJIANG FOUNDER MOTOR CO.,LTD. (A #002196)"
72197,"SZZT ELECTRONICS CO.,LTD. (A #002197)"
72201,"JIANGSU JIUDING NEW MATERIAL CO., LTD. (A #002201)"
72202,"GOLDWIND SCIENCE&TECHNOLOGY CO.,LTD. (A #002202)"
72203,"ZHEJIANG HAILIANG CO.,LTD. (A #002203)"
72204,"DALIAN HUARUI HEAVY INDUSTRY GROUP CO.,LTD. (A #002204)"
72206,"ZHEJIANG HAILIDE NEW MATERIAL CO.,LTD. (A #002206)"
72208,"HEFEI URBAN CONSTRUCTION DEVELOPMENT CO.,LTD (A #002208)"
72210,"SHENZHEN FEIMA INTERNATIONAL SUPPLY CHAIN CO.,LTD (A #002210)"
72212,TOPSEC TECHNOLOGIES GROUP INC. (A #002212)
72213,SHENZHEN DAWEI INNOVATION TECHNOLOGY COMPANY LIMITED (A #002213)
72214,"ZHEJIANG DALI TECHNOLOGY CO.,LTD (A #002214)"
72215,"SHENZHEN NOPOSION CROP SCIENCE CO.,LTD (A #002215)"
72216,"SANQUAN FOOD CO.,LTD (A #002216)"
72217,"HOLITECH TECHNOLOGY CO., LTD. (A #002217)"
72218,"SHENZHEN TOPRAYSOLAR CO., LTD. (A #002218)"
72219,"NEW JOURNEY HEALTH TECHNOLOGY GROUP CO.,LTD (A #002219)"
72221,"ORIENTAL ENERGY CO., LTD. (A #002221)"
72222,CASTECH INC. (A #002222)
72223,"JIANGSU YUYUE MEDICAL EQUIPMENT & SUPPLY CO., LTD. (A #002223)"
72224,"SANLUX CO.,LTD. (A #002224)"
72225,"PUYANG REFRACTORIES GROUP CO., LTD (A #002225)"
72226,"ANHUI JIANGNAN CHEMICAL INDUSTRY CO.,LTD. (A #002226)"
72227,"SHENZHEN AUTO ELECTRIC POWER PLANT CO., LTD. (A #002227)"
72228,"XIAMEN HEXING PACKAGING PRINTING CO.,LTD (A #002228)"
72229,"HONGBO  CO.,LTD. (A #002229)"
72230,"IFLYTEK CO.,LTD. (A #002230)"
72232,"QIMING INFORMATION TECHNOLOGY CO.,LTD (A #002232)"
72233,"GUANGDONG TAPAI GROUP CO., LTD. (A #002233)"
72234,"SHANDONG MINHE ANIMAL HUSBANDRY CO., LTD. (A #002234)"
72235,XIAMEN ANNE CORPORATION LIMITED (A #002235)
72236,"ZHEJIANG DAHUA TECHNOLOGY CO.,LTD. (A #002236)"
72237,"SHANDONG HUMON SMELTING CO., LTD. (A #002237)"
72238,"SHENZHEN TOPWAY VIDEO COMMUNICATION CO., LTD. (A #002238)"
72239,"AOTECAR NEW ENERGY TECHNOLOGY GROUP CO.,LTD.(A #002239)"
72240,"CHENGXIN LITHIUM GROUP CO., LTD. (A #002240)"
72241,GOERTEK INC. (A #002241)
72242,JOYOUNG COMPANY LIMITED (A #002242)
72243,"SHENZHEN LEAGUER CO., LTD. (A #002243)"
72244,"HANGZHOU BINJIANG REAL ESTATE GROUP CO.,LTD. (A #002244)"
72245,JIANGSU AZURE CORPORATION (A #002245)
72246,"NORTH CHEMICAL INDUSTRIES CO., LTD. (A #002246)"
72247,"ZHEJIANG JULI CULTURE DEVELOPMENT CO.,LTD. (A #002247)"
72249,"ZHONGSHAN BROAD-OCEAN MOTOR CO.,LTD (A #002249)"
72250,"LIANHE CHEMICAL TECHNOLOGY CO.,LTD. (A #002250)"
72251,"BETTER LIFE COMMERCIAL CHAIN SHARE CO.,LTD. (A #002251)"
72252,"SHANGHAI RAAS BLOOD PRODUCTS CO.,LTD. (A #002252)"
72253,"WISESOFT CO.,LTD. (A #002253)"
72254,"TAYHO ADVANCED MATERIALS GROUP CO.,LTD. (A #002254)"
72255,"SUZHOU HAILU HEAVY INDUSTRY CO., LTD (A #002255)"
72256,"ZETTA GROUP CO., LTD. (A #002256)"
72258,"LIER CHEMICAL CO.,LTD (A #002258)"
72259,"SICHUAN SHENGDA FORESTRY INDUSTRY CO., LTD (A #002259)"
72261,"TALKWEB INFORMATION SYSTEM CO.,LTD. (A #002261)"
72262,"JIANGSU NHWA PHARMACEUTICAL CO.,LTD (A #002262)"
72263,"ZHEJIANG GREAT SOUTHEAST CO.,LTD (A #002263)"
72264,"NEW HUA DU TECHNOLOGY CO.,LTD. (A #002264)"
72265,"JIANSHE INDUSTRY GROUP (YUNNAN) CO., LTD. (A #002265)"
72266,"ZHEFU HOLDING GROUP CO.,LTD. (A #002266)"
72267,"SHAANXI PROVINCIAL NATURAL GAS CO.,LTD. (A #002267)"
72268,"CETC CYBERSPACE SECURITY TECHNOLOGY CO., LTD. (A #002268)"
72269,"SHANGHAI METERSBONWE FASHION & ACCESSORIES CO., LTD (A #002269)"
72270,"HUAMING POWER EQUIPMENT CO., LTD. (A #002270)"
72271,"BEIJING ORIENTAL YUHONG WATERPROOF TECHNOLOGY CO.,LTD. (A #002271)"
72272,"SICHUAN CRUN CO., LTD (A #002272)"
72273,"ZHEJIANG CRYSTAL-OPTECH CO.,LTD. (A #002273)"
72274,"JIANSU HUACHANG CHEMICAL CO.,LTD (A #002274)"
72275,"GUILIN SANJIN PHARMACEUTICAL CO.,LTD (A #002275)"
72276,"ZHEJIANG WANMA CO., LTD. (A #002276)"
72277,"HUNAN FRIENDSHIP&APOLLO COMMERCIAL CO.,LTD. (A #002277)"
72278,SHANGHAI SK PETROLEUM & CHEMICAL EQUIPMENT CORPORATION LTD (A #002278)
72279,"BEIJING JOIN-CHEER SOFTWARE CO.,LTD. (A #002279)"
72281,"ACCELINK TECHNOLOGIES CO.,LTD. (A #002281)"
72282,"BOSUN CO.,LTD. (A #002282)"
72283,"TIANRUN INDUSTRY TECHNOLOGY CO., LTD. (A #002283)"
72284,"ZHEJIANG ASIA-PACIFIC MECHANICAL & ELECTRONIC CO.,LTD (A #002284)"
72285,SHENZHEN WORLDUNION GROUP INCORPORATED (A #002285)
72287,"TIBET CHEEZHENG TIBETAN MEDICINE CO.,LTD (A #002287)"
72290,"SUZHOU HESHENG SPECIAL MATERIAL CO.,LTD (A #002290)"
72291,"GUANGDONG YOWANT TECHNOLOGY GROUP CO., LTD (A #002291)"
72292,ALPHA GROUP (A #002292)
72293,"LUOLAI LIFESTYLE TECHNOLOGY CO.,LTD. (A #002293)"
72294,"SHENZHEN SALUBRIS PHARMACEUTICALS CO.,LTD. (A #002294)"
72296,"HENAN SPLENDOR SCIENCE&TECHNOLOGY CO.,LTD. (A #002296)"
72297,"HUNAN BOYUN NEW MATERIALS CO.,LTD. (A #002297)"
72298,"ANHUI ZHONGDIANXINLONG SCIENCE AND TECHNOLOGY CO., LTD. (A #002298)"
72299,"FUJIAN SUNNER DEVELOPMENT CO., LTD. (A #002299)"
72300,"FUJIAN NANPING SUN CABLE CO.,LTD. (A #002300)"
72301,"SHENZHEN COMIX GROUP CO., LTD. (A #002301)"
72302,"CHINA WEST CONSTRUCTION GROUP CO.,LTD. (A #002302)"
72303,"MYS GROUP CO., LTD. (A #002303)"
72304,"JIANGSU YANGHE DISTILLERY CO., LTD. (A #002304)"
72305,"LANGOLD REAL ESTATE CO.,LTD. (A #002305)"
72307,"XINJIANG BEIXIN ROAD & BRIDGE GROUP CO., LTD. (A #002307)"
72309,"JIANGSU ZHONGLI GROUP CO., LTD (A #002309)"
72310,"BEIJING ORIENT ECOENERGY CO., LTD. (A #002310)"
72311,"GUANGDONG HAID GROUP CO.,LIMITED (A #002311)"
72312,"SICHUAN DEVELOPMENT LOMON CO.,LTD. (A #002312)"
72313,"SUNSEA AIOT TECHNOLOGY CO., LTD. (A #002313)"
72314,"SHENZHEN NEW NANSHAN HOLDING (GROUP) CO.,LTD (A #002314)"
72315,"FOCUS TECHNOLOGY CO.,LTD. (A #002315)"
72317,"GUANGDONG ZHONGSHENG PHARMACEUTICAL CO.,LTD. (A #002317)"
72318,"ZHEJIANG JIULI HI-TECH METALS CO.,LTD. (A #002318)"
72320,"HAINAN STRAIT SHIPPING CO.,LTD. (A #002320)"
72321,"HENAN HUAYING AGRICULTURAL DEVELOPMENT CO., LTD. (A #002321)"
72322,"NINGBO LIGONG ENVIRONMENT AND ENERGY TECHNOLOGY CO.,LTD (A #002322)"
72323,"SHANDONG YABO TECHNOLOGY CO., LTD. (A #002323)"
72324,"SHANGHAI PRET COMPOSITES CO.,LTD. (A #002324)"
72326,"ZHEJIANG YONGTAI TECHNOLOGY CO.,LTD. (A #002326)"
72327,"SHENZHEN FUANNA BEDDING AND FURNISHING CO.,LTD. (A #002327)"
72328,"SHANGHAI XINPENG INDUSTRY CO.,LTD. (A #002328)"
72329,"ROYAL GROUP CO.,LTD. (A #002329)"
72332,"ZHEJIANG XIANJU PHARMACEUTICAL CO., LTD. (A #002332)"
72334,"SHENZHEN INVT ELECTRIC CO., LTD. (A #002334)"
72335,"KEHUA DATA CO., LTD. (A #002335)"
72338,"CHANGCHUN UP OPTOTECH CO., LTD. (A #002338)"
72339,"INTEGRATED ELECTRONIC SYSTEMS LAB CO., LTD. (A #002339)"
72340,"GEM CO.,LTD (A #002340)"
72342,"JULI SLING CO.,LTD. (A #002342)"
72343,"CIWEN MEDIA CO.,LTD. (A #002343)"
72344,"HAINING CHINA LEATHER MARKET CO.,LTD (A #002344)"
72345,"GUANGDONG CHJ INDUSTRY CO., LTD. (A #002345)"
72346,"SHANGHAI ZHEZHONG GROUP CO., LTD (A #002346)"
72348,"GOLDLOK HOLDINGS (GUANGDONG) CO.,LTD (A #002348)"
72349,"JINGHUA PHARMACEUTICAL GROUP CO., LTD. (A #002349)"
72350,"BEIJING CREATIVE GROUP CO., LTD (A #002350)"
72351,"EDIFIER TECHNOLOGY CO.,LTD. (A #002351)"
72352,"S.F. HOLDING CO., LTD. (A #002352)"
72353,"YANTAI JEREH OILFIELD SERVICES GROUP CO., LTD. (A #002353)"
72354,"TIANYU DIGITAL TECHNOLOGY GROUP CO.,LTD. (A #002354)"
72355,"XINGMIN INTELLIGENT TRANSPORTATION SYSTEMS (GROUP) CO., LTD. (A #002355)"
72356,"SHENZHEN HEMEI GROUP CO.,LTD. (A #002356)"
72358,"HENAN SENYUAN ELECTRIC CO.,LTD. (A #002358)"
72361,"ANHUI SHENJIAN NEW MATERIALS CO.,LTD (A #002361)"
72362,"HANWANG TECHNOLOGY CO.,LTD. (A #002362)"
72364,"HANGZHOU ZHONGHENG ELECTRIC CO., LTD. (A #002364)"
72365,"QIANJIANG YONGAN PHARMACEUTICAL CO.,LTD. (A #002365)"
72366,"RONGFA NUCLEAR EQUIPMENT CO., LTD. (A #002366)"
72367,"CANNY ELEVATOR CO., LTD. (A #002367)"
72368,TAIJI COMPUTER CORPORATION LIMITED (A #002368)
72369,"SHENZHEN ZOWEE TECHNOLOGY CO.,LTD. (A #002369)"
72370,"ZHEJIANG YATAI PHARMACEUTICAL CO.,LTD. (A #002370)"
72371,"NAURA TECHNOLOGY GROUP CO., LTD. (A #002371)"
72372,"ZHEJIANG WEIXING NEW BUILDING MATERIALS CO.,LTD. (A #002372)"
72373,"CHINA TRANSINFO TECHNOLOGY CO., LTD (A #002373)"
72374,"SHANDONG CHIWAY INDUSTRY DEVELOPMENT CO.,LTD (A #002374)"
72375,"ZHEJIANG YASHA DECORATION CO.,LTD. (A #002375)"
72376,"SHANDONG NEW BEIYANG INFORMATION TECHNOLOGY CO.,LTD. (A #002376)"
72378,"CHONGYI ZHANGYUAN TUNGSTEN CO., LTD. (A #002378)"
72379,SHANDONG HONGQIAO ALUMINUM INDUSTRY HOLDING COMPANY LIMITED (A #002379)
72380,"NANJING SCIYON WISDOM TECHNOLOGY GROUP CO., LTD. (A #002380)"
72382,"BLUE SAIL MEDICAL CO.,LTD. (A #002382)"
72383,"BEIJING UNISTRONG SCIENCE&TECHNOLOGY CO.,LTD. (A #002383)"
72384,"SUZHOU DONGSHAN PRECISION MANUFACTURING CO., LTD (A #002384)"
72385,"BEIJING DABEINONG TECHNOLOGY GROUP CO., LTD (A #002385)"
72386,"YIBIN TIANYUAN GROUP CO., LTD. (A #002386)"
72387,VISIONOX TECHNOLOGY INC. (A #002387)
72389,"AEROSPACE CH UAV CO.,LTD (A #002389)"
72390,"GUIZHOU XINBANG PHARMACEUTICAL CO.,LTD. (A #002390)"
72392,"BEIJING LIER HIGH-TEMPERATURE MATERIALS CO., LTD. (A #002392)"
72393,"TIANJIN LISHENG PHARMACEUTICAL CO.,LTD. (A #002393)"
72396,"FUJIAN STAR-NET COMMUNICATION CO.,LTD. (A #002396)"
72398,"LETS HOLDING GROUP CO.,LTD. (A #002398)"
72399,"SHENZHEN HEPALINK PHARMACEUTICAL CO.,LTD. (A #002399)"
72400,"GUANGDONG ADVERTISING GROUP CO.,LTD. (A #002400)"
72401,"COSCO SHIPPING TECHNOLOGY CO., LTD. (A #002401)"
72402,"SHENZHEN H&T INTELLIGENT CONTROL CO.,LTD. (A #002402)"
72403,"AISHIDA CO.,LTD. (A #002403)"
72405,"NAVINFO CO.,LTD. (A #002405)"
72406,"XUCHANG YUANDONG DRIVE SHAFT CO.,LTD. (A #002406)"
72407,"DO-FLUORIDE NEW MATERIALS CO., LTD. (A #002407)"
72408,"ZIBO QIXIANG TENGDA CHEMICAL CO.,LTD. (A #002408)"
72409,"JIANGSU YOKE TECHNOLOGY CO., LTD. (A #002409)"
72410,GLODON COMPANY LIMITED (A #002410)
72413,"BEIJING LEIKE DEFENSE TECHNOLOGY CO., LTD. (A #002413)"
72414,"WUHAN GUIDE INFRARED CO.,LTD (A #002414)"
72415,"HANGZHOU HIKVISION DIGITAL TECHNOLOGY CO., LTD (A #002415)"
72416,"SHENZHEN AISIDI CO.,LTD. (A #002416)"
72418,"ZHE JIANG KANGSHENG CO.,LTD. (A #002418)"
72419,"RAINBOW DIGITAL COMMERCIAL CO.,LTD (A #002419)"
72421,"SHENZHEN DAS INTELLITECH CO., LTD. (A #002421)"
72422,"SICHUAN KELUN PHARMACEUTICAL CO., LTD. (A #002422)"
72423,"COFCO CAPITAL HOLDINGS CO.,LTD. (A #002423)"
72424,"GUIZHOU BAILING GROUP PHARMACEUTICAL CO., LTD. (A #002424)"
72425,"KAISER (CHINA) CULTURE CO., LTD (A #002425)"
72426,"SUZHOU VICTORY PRECISION MANUFACTURE CO.,LTD. (A #002426)"
72427,"ZHEJIANG UNIFULL INDUSTRIAL FIBRE CO.,LTD (A #002427)"
72428,"YUNNAN LINCANG XINYUAN GERMANIUM INDUSTRY CO.,LTD (A #002428)"
72429,"SHENZHEN MTC CO.,LTD. (A #002429)"
72430,"HANGZHOU OXYGEN PLANT GROUP CO., LTD. (A #002430)"
72431,"PALM ECO-TOWN DEVELOPMENT CO., LTD. (A #002431)"
72432,"ANDON HEALTH CO.,LTD. (A #002432)"
72434,"ZHEJIANG WANLIYANG CO., LTD. (A #002434)"
72436,"SHENZHEN FASTPRINT CIRCUIT TECH CO.,LTD. (A #002436)"
72437,"HARBIN GLORIA PHARMACEUTICALS CO., LTD. (A #002437)"
72438,"JIANGSU SHENTONG VALVE CO., LTD (A #002438)"
72439,VENUSTECH GROUP INC. (A #002439)
72440,"ZHEJIANG RUNTU CO.,LTD. (A #002440)"
72441,"ZHONGYEDA ELECTRIC CO.,LTD (A #002441)"
72443,"ZHEJIANG KINGLAND PIPELINE AND TECHNOLOGIES CO., LTD. (A #002443)"
72444,"HANGZHOU GREATSTAR INDUSTRIAL CO., LTD. (A #002444)"
72445,"JIANGYIN ZHONGNAN HEAVY INDUSTRIES CO., LTD. (A #002445)"
72446,"GUANGDONG SHENGLU TELECOMMUNICATION TECH. CO., LTD. (A #002446)"
72448,ZYNP CORPORATION (A #002448)
72449,"FOSHAN NATIONSTAR OPTOELECTRONICS CO., LTD (A #002449)"
72452,"CHANGGAO ELECTRIC GROUP CO., LTD (A #002452)"
72453,"GREAT CHINASOFT TECHNOLOGY CO.,LTD (A #002453)"
72454,"SONGZ AUTOMOBILE AIR CONDITIONING CO., LTD (A #002454)"
72455,"JIANGSU BAICHUAN HIGH-TECH NEW MATERIALS CO., LTD (A #002455)"
72456,"OFILM GROUP CO., LTD. (A #002456)"
72458,"SHAN DONG YISHENG LIVESTOCK&POULTRY BREEDING CO.,LTD. (A #002458)"
72459,"JA SOLAR TECHNOLOGY CO., LTD. (A #002459)"
72460,"GANFENG LITHIUM GROUP CO., LTD. (A #002460)"
72461,"GUANGZHOU ZHUJIANG BREWERY CO.,LTD (A #002461)"
72462,"CACHET PHARMACEUTICAL CO., LTD. (A #002462)"
72463,"WUS PRINTED CIRCUIT (KUNSHAN) CO.,LTD (A #002463)"
72465,GUANGZHOU HAIGE COMMUNICATIONS GROUP INCORPORATED COMPANY (A #002465)
72466,TIANQI LITHIUM CORPORATION (A #002466)
72467,NET263 LTD. (A #002467)
72468,"STO EXPRESS CO.,LTD. (A #002468)"
72469,"SHANDONG SUNWAY CHEMICAL GROUP CO.,LTD (A #002469)"
72470,"KINGENTA ECOLOGICAL ENGINEERING GROUP CO., LTD. (A #002470)"
72471,"JIANGSU ZHONGCHAO HOLDING CO.,LTD. (A #002471)"
72472,"ZHEJIANG SHUANGHUAN DRIVELINE CO.,LTD (A #002472)"
72474,"FUJIAN RONGJI SOFTWARE CO., LTD. (A #002474)"
72475,"LUXSHARE PRECISION INDUSTRY CO.,LTD. (A #002475)"
72476,"SHANDONG NEWLEAF CHEMICAL CO., LTD. (A #002476)"
72478,"JIANGSU CHANGBAO STEELTUBE CO., LTD. (A #002478)"
72479,"ZHEJIANG FUCHUNJIANG ENVIRONMENTAL THERMOELECTRIC CO.,LTD. (A #002479)"
72480,"CHENGDU XINZHU ROAD&BRIDGE MACHINERY CO.,LTD (A #002480)"
72481,"YAN TAI SHUANG TA FOOD CO.,LTD, (A #002481)"
72482,"SHENZHEN GRANDLAND GROUP CO.,LTD. (A #002482)"
72483,"JIANGSU RAINBOW HEAVY INDUSTRIES CO.,LTD. (A #002483)"
72484,"NANTONG JIANGHAI CAPACITOR CO.,LTD. (A #002484)"
72487,"DAJIN HEAVY INDUSTRY CO., LTD. (A #002487)"
72488,ZHEJIANG JINGU COMPANY LIMITED (A #002488)
72489,"YOTRIO GROUP CO., LTD (A #002489)"
72490,"SHANDONG MOLONG PETROLEUM MACHINERY CO.,LTD (A #002490)"
72491,"TONGDING INTERCONNECTION INFORMATION CO.,LTD. (A #002491)"
72493,"RONGSHENG PETRO CHEMICAL CO., LTD. (A #002493)"
72494,HUASI HOLDING COMPANY LIMITED (A #002494)
72496,"JIANGSU HUIFENG BIO AGRICULTURE CO.,LTD. (A #002496)"
72497,"SICHUAN YAHUA INDUSTRIAL GROUP CO.,LTD (A #002497)"
72498,"QINGDAO HANHE CABLE CO., LTD (A #002498)"
72500,"SHANXI SECURITIES CO., LTD. (A #002500)"
72501,"JILIN LIYUAN PRECISION MANUFACTURING CO., LTD. (A #002501)"
72506,"GCL SYSTEM INTEGRATION TECHNOLOGY CO., LTD. (A #002506)"
72507,"CHONGQING FULING ZHACAI GROUP CO., LTD. (A #002507)"
72508,"HANGZHOU ROBAM APPLIANCES CO., LTD. (A #002508)"
72510,"TIANJIN MOTOR DIES CO.,LTD. (A #002510)"
72511,"C&S PAPER CO., LTD. (A #002511)"
72512,"TATWAH SMARTECH CO., LTD (A #002512)"
72514,"JIANGSU BOAMAX TECHNOLOGIES GROUP CO.,LTD. (A #002514)"
72515,"JINZI HAM CO.,LTD. (A #002515)"
72516,"KUANGDA  TECHNOLOGY GROUP CO., LTD. (A #002516)"
72517,"KINGNET NETWORK CO.,LTD. (A #002517)"
72518,"SHENZHEN KSTAR SCIENCE & TECHNOLOGY CO.,LTD (A #002518)"
72519,"JIANG SU YIN HE ELECTRONICS CO.,LTD. (A #002519)"
72520,"ZHEJIANG RIFA PRECISION MACHINERY CO., LTD. (A #002520)"
72521,"QIFENG NEW MATERIAL CO.,LTD. (A #002521)"
72522,"ZHEJIANG ZHONGCHENG PACKING MATERIAL CO., LTD (A #002522)"
72523,"ZHUZHOU TIANQIAO CRANE CO., LTD. (A #002523)"
72526,"SHANDONG MINING MACHINERY GROUP CO., LTD. (A #002526)"
72527,SHANGHAI STEP ELECTRIC CORPORATION (A #002527)
72528,SHEN ZHEN INFINOVA LIMITED (A #002528)
72530,JC FINANCE & TAX INTERCONNECT HOLDINGS LTD. (A #002530)
72531,"TITAN WIND ENERGY (SUZHOU) CO.,LTD (A #002531)"
72532,"TIANSHAN ALUMINUM GROUP CO.,LTD. (A #002532)"
72533,"GOLDCUP ELECTRIC APPARATUS CO.,LTD. (A #002533)"
72534,"XIZI CLEAN ENERGY EQUIPMENT MANUFACTURING CO., LTD. (A #002534)"
72536,"FEILONG AUTO COMPONENTS CO.,LTD. (A #002536)"
72537,"HYUNION HOLDING CO.,LTD. (A #002537)"
72538,"ANHUI SIERTE FERTILIZER INDUSTRY LTD.,COMPANY (A #002538)"
72539,"CHENGDU WINTRUE HOLDING CO., LTD. (A #002539)"
72540,"JIANGSU ASIA-PACIFIC LIGHT ALLOY TECHNOLOGY CO.,LTD. (A #002540)"
72541,"ANHUI HONGLU STEEL CONSTRUCTION(GROUP) CO., LTD (A #002541)"
72542,"CHINA ZHONGHUA GEOTECHNICAL ENGINEERING CO.,LTD. (A #002542)"
72543,"GUANGDONG VANWARD NEW ELECTRIC CO.,LTD (A #002543)"
72544,"CETC POTEVIO SCIENCE&TECHNOLOGY CO.,LTD. (A #002544)"
72545,"QINGDAO EAST STEEL TOWER STOCK CO.,LTD (A #002545)"
72546,"NANJING XINLIAN ELECTRONICS CO.,LTD. (A #002546)"
72547,"SUZHOU CHUNXING PRECISION MECHANICAL CO.,LTD. (A #002547)"
72548,"SHENZHEN KINGSINO TECHNOLOGY CO.,LTD. (A #002548)"
72549,"HUNAN KAIMEITE GASES CO.,LTD. (A #002549)"
72550,"CHANGZHOU QIANHONG BIO-PHARMA CO.,LTD (A #002550)"
72551,"SHENZHEN GLORY MEDICAL CO.,LTD. (A #002551)"
72552,"BAODING TECHNOLOGY CO., LTD. (A #002552)"
72553,"JIANGSU NANFANG PRECISION CO.,LTD. (A #002553)"
72554,"CHINA OIL HBP SCIENCE&TECHNOLOGY CO.,LTD (A #002554)"
72555,"37 INTERACTIVE ENTERTAINMENT NETWORK TECHNOLOGY GROUP CO.,LTD. (A #002555)"
72556,"ANHUI HUILONG AGRICULTURAL MEANS OF PRODUCTION .CO.,LTD. (A #002556)"
72557,"CHACHA FOOD COMPANY,LIMITED (A #002557)"
72558,"GIANT NETWORK GROUP CO., LTD (A #002558)"
72559,"JIANGSU YAWEI MACHINE TOOL CO.,LTD (A #002559)"
72560,"HENAN TONG-DA CABLE CO.,LTD. (A #002560)"
72561,"SHANGHAI XUJIAHUI COMMERCIAL CO.,LTD. (A #002561)"
72562,"BROTHER ENTERPRISES HOLDING CO.,LTD. (A #002562)"
72563,"ZHEJIANG SEMIR GARMENT CO.,LTD. (A #002563)"
72564,"SUZHOU THVOW TECHNOLOGY CO.,LTD. (A #002564)"
72565,"SHANGHAI SHUNHO NEW MATERIALS TECHNOLOGY CO.,LTD. (A #002565)"
72567,"TANGRENSHEN GROUP CO.,LTD. (A #002567)"
72568,"SHANGHAI BAIRUN INVESTMENT HOLDING GROUP CO.,LTD. (A #002568)"
72570,"BEINGMATE CO., LTD. (A #002570)"
72572,SUOFEIYA HOME COLLECTION CO. LTD (A #002572)
72573,"BEIJING SPC ENVIRONMENT PROTECTION TECH CO.,LTD. (A #002573)"
72574,"ZHEJIANG MING JEWELRY CO.,LTD (A #002574)"
72575,"GUANGDONG QUNXING TOYS JOINT-STOCK CO.,LTD (A #002575)"
72577,"SHENZHEN RAPOO TECHNOLOGY CO.,LTD. (A #002577)"
72579,HUIZHOU CHINA EAGLE ELECTRONIC TECHNOLOGY INC. (A #002579)
72580,"SHANDONG SACRED SUN POWER SOURCES CO.,LTD. (A #002580)"
72581,"SHANDONG SINOBIOWAY BIOMEDICINE CO., LTD. (A #002581)"
72582,"HAOXIANGNI HEALTH FOOD CO.,LTD (A #002582)"
72583,HYTERA COMMUNICATIONS CORPORATION LIMITED (A #002583)
72584,"XILONG SCIENTIFIC CO.,LTD. (A #002584)"
72585,"JIANGSU SHUANGXING COLOR PLASTIC NEW MATERIALS CO.,LTD. (A #002585)"
72586,"ZHEJIANG RECLAIM CONSTRUCTION GROUP CO.,LTD. (A #002586)"
72588,"STANLEY AGRICULTURE GROUP CO.,LTD. (A #002588)"
72589,"REALCAN PHARMACEUTICAL GROUP CO., LTD. (A #002589)"
72590,"ZHEJIANG VIE SCIENCE & TECHNOLOGY CO.,LTD (A #002590)"
72594,BYD COMPANY LIMITED (A #002594)
72595,"HIMILE MECHANICAL SCIENCE AND TECHNOLOGY (SHANDONG) CO.,LTD (A #002595)"
72596,"HAINAN RUIZE NEW BUILDING MATERIAL CO.,LTD. (A #002596)"
72597,"ANHUI JINHE INDUSTRIAL CO.,LTD (A #002597)"
72600,LINGYI ITECH (GUANGDONG) COMPANY (A #002600)
72601,"LB GROUP CO., LTD. (A #002601)"
72602,"ZHEJIANG CENTURY HUATONG GROUP CO.,LTD (A #002602)"
72603,"SHIJIAZHUANG YILING PHARMACEUTICAL CO.,LTD (A #002603)"
72605,"SHANGHAI YAOJI TECHNOLOGY CO., LTD. (A #002605)"
72606,"DALIAN INSULATOR GROUP CO.,LTD. (A #002606)"
72607,"OFFCN EDUCATION TECHNOLOGY CO., LTD. (A #002607)"
72608,JIANGSU GUOXIN CORP. LTD. (A #002608)
72609,"SHENZHEN JIESHUN SCIENCE AND TECHNOLOGY INDUSTRY CO.,LTD. (A #002609)"
72611,"GUANGDONG DONGFANG PRECISION SCIENCE & TECHNOLOGY CO.,LTD (A #002611)"
72612,"LANCY CO.,LTD. (A #002612)"
72614,"XIAMEN COMFORT SCIENCE&TECHNOLOGY GROUP CO.,LTD. (A #002614)"
72616,GUANGDONG CHANT GROUP INC. (A #002616)
72617,"ROSHOW TECHNOLOGY CO., LTD. (A #002617)"
72620,"SHENZHEN RUIHE CONSTRUCTION DECORATION CO.,LTD. (A #002620)"
72622,"WHOLE SHINE MEDICAL TECHNOLOGY CO.,LTD. (A #002622)"
72623,"CHANGZHOU ALMADEN CO.,LTD. (A #002623)"
72624,"PERFECT WORLD CO., LTD. (A #002624)"
72625,"KUANG-CHI TECHNOLOGIES CO., LTD. (A #002625)"
72626,XIAMEN KINGDOMWAY GROUP COMPANY (A #002626)
72627,"HUBEI THREE GORGES TOURISM GROUP CO., LTD. (A #002627)"
72628,"CHENGDU ROAD & BRIDGE ENGINEERING CO.,LTD. (A #002628)"
72630,"CHINA WESTERN POWER INDUSTRIAL CO.,LTD. (A #002630)"
72631,"DER FUTURE SCIENCE & TECHNOLOGY HOLDING GROUP CO., LTD. (A #002631)"
72632,"DAOMING OPTICS&CHEMICAL CO., LTD. (A #002632)"
72635,"SUZHOU ANJIE TECHNOLOGY CO.,LTD. (A #002635)"
72636,GOLDENMAX INTERNATIONAL GROUP LTD. (A #002636)
72637,"ZANYU TECHNOLOGY GROUP CO., LTD. (A #002637)"
72638,"DONGGUAN KINGSUN OPTOELECTRONIC CO.,LTD. (A #002638)"
72639,"FUJIAN SNOWMAN GROUP CO., LTD (A #002639)"
72640,"GLOBAL TOP E-COMMERCE CO.,LTD. (A #002640)"
72641,"ERA CO.,LTD. (A #002641)"
72642,RONGLIAN GROUP LTD. (A #002642)
72643,"VALIANT CO.,LTD (A #002643)"
72644,"LANZHOU FOCI PHARMACEUTICAL CO.,LTD. (A #002644)"
72645,"JIANGSU HUAHONG TECHNOLOGY STOCK CO.,LTD. (A #002645)"
72646,"QINGHAI HUZHU TIANYOUDE HIGHLAND BARLEY SPIRIT CO., LTD. (A #002646)"
72647,"RENDONG HOLDINGS GROUP CO., LTD. (A #002647)"
72648,"SATELLITE CHEMICAL CO., LTD. (A #002648)"
72649,BEYONDSOFT CORPORATION (A #002649)
72650,"JIAJIA FOOD GROUP CO.,LTD. (A #002650)"
72651,"CHENGDU LEEJUN INDUSTRIAL CO.,LTD. (A #002651)"
72653,"HAISCO PHARMACEUTICAL GROUP CO.,LTD (A #002653)"
72654,"SHENZHEN MASON TECHNOLOGIES CO.,LTD. (A #002654)"
72655,"GETTOPACOUSTIC CO., LTD (A #002655)"
72656,"MODERN AVENUE GROUP CO., LTD. (A #002656)"
72657,"SINODATA CO.,LTD. (A #002657)"
72658,"BEIJING SDL TECHNOLOGY CO.,LTD (A #002658)"
72659,"BEIJING KAIWEN EDUCATION TECHNOLOGY CO., LTD (A #002659)"
72661,"CHEN KE MING FOOD MANUFACTURING CO.,LTD (A #002661)"
72662,"BEIJING FENGJING AUTOMOTIVE PARTS CO., LTD. (A #002662)"
72663,"PUBANG LANDSCAPE ARCHITECTURE CO.,LTD (A #002663)"
72664,"XINZHI GROUP CO., LTD (A #002664)"
72667,"WILLING NEW ENERGY CO., LTD (A #002667)"
72668,"GUANGDONG TCL SMART HOME APPLIANCES CO.,LTD. (A #002668)"
72670,GUOSHENG SECURITIES INC. (A #002670)
72672,DONGJIANG ENVIRONMENTAL COMPANY LIMITED (A #002672)
72673,"WESTERN SECURITIES CO.,LTD (A #002673)"
72675,"YANTAI DONGCHENG BIOCHEMICALS CO.,LTD. (A #002675)"
72676,"GUANGDONG SUNWILL PRECISING PLASTIC CO.,LTD. (A #002676)"
72677,"ZHEJIANG MEIDA INDUSTRIAL CO.,LTD. (A #002677)"
72678,"GUANGZHOU PEARL RIVER PIANO GROUP CO.,LTD (A #002678)"
72681,"SHENZHEN FENDA TECHNOLOGY CO.,LTD. (A #002681)"
72683,"GUANGDONG HONGDA HOLDINGS GROUP CO.,LTD. (A #002683)"
72685,"WUXI HUADONG HEAVY MACHINERY CO.,LTD. (A #002685)"
72688,"JINHE BIOTECHNOLOGY CO.,LTD. (A #002688)"
72690,HEFEI MEYER OPTOELECTRONIC TECHNOLOGY INC. (A #002690)
72693,"HAINAN SHUANGCHENG PHARMACEUTICALS CO.,LTD. (A #002693)"
72695,"JIANGXI HUANGSHANGHUANG GROUP FOOD CO.,LTD. (A #002695)"
72697,"CHENGDU HONGQI CHAIN CO.,LTD. (A #002697)"
72698,"HARBIN BOSHI AUTOMATION CO.,LTD. (A #002698)"
72701,"ORG TECHNOLOGY CO.,LTD. (A #002701)"
72702,"HAIXIN FOODS  CO.,LTD. (A #002702)"
72703,ZHEJIANG SHIBAO COMPANY LIMITED (A #002703)
72705,"GUANGDONG XINBAO ELECTRICAL APPLIANCES HOLDINGS CO.,LTD (A #002705)"
72706,"SHANGHAI LIANGXIN ELECTRICAL CO., LTD. (A #002706)"
72707,"UTOUR GROUP CO., LTD. (A #002707)"
72708,CHANGZHOU NRB CORPORATION (A #002708)
72709,"GUANGZHOU TINCI MATERIALS TECHNOLOGY CO., LTD (A #002709)"
72714,"MUYUAN FOODS GROUP CO., LTD. (A #002714)"
72716,"HUNAN SILVER CO.,LTD. (A #002716)"
72717,"LINGNAN ECO&CULTURE-TOURISM CO., LTD. (A #002717)"
72718,"ZHEJIANG YOUPON INTEGRATED CEILING CO., LTD. (A #002718)"
72721,"BEIJING KINGEE CULTURE DEVELOPMENT CO.,LTD (A #002721)"
72722,"WUCHAN ZHONGDA GERON CO.,LTD. (A #002722)"
72724,"OCEAN""S KING LIGHTING SCIENCE & TECHNOLOGY CO., LTD. (A #002724)"
72726,"SHANDONG LONGDA MEISHI CO.,LTD (A #002726)"
72727,"YIXINTANG PHARMACEUTICAL GROUP CO., LTD. (A #002727)"
72728,"TEYI PHARMACEUTICAL GROUP CO.,LTD (A #002728)"
72729,"HOLLYLAND (CHINA) ELECTRONICS TECHNOLOGY CORP., LTD. (A #002729)"
72730,"DIANGUANG EXPLOSION-PROOF TECHNOLOGY CO.,LTD (A #002730)"
72733,"SHENZHEN CENTER POWER TECH.CO.,LTD. (A #002733)"
72734,"LIMIN GROUP CO., LTD. (A #002734)"
72735,"SHENZHEN PRINCE NEW MATERIALS CO .,LTD. (A #002735)"
72736,"GUOSEN SECURITIES CO.,LTD. (A #002736)"
72737,"SUNFLOWER PHARMACEUTICAL GROUP CO.,LTD (A #002737)"
72738,"SINOMINE RESOURCE GROUP CO., LTD (A #002738)"
72739,RUYI FILM ENTERTAINMENT COMPANY LIMITED (A #002739)
72741,"GUANGDONG GUANGHUA SCI-TECH CO.,LTD. (A #002741)"
72745,"MLS CO., LTD. (A #002745)"
72746,"SHANDONG XIANTAN GROUP CO., LTD. (A #002746)"
72747,"ESTUN AUTOMATION CO., LTD (A #002747)"
72749,"SICHUAN GUOGUANG AGROCHEMICAL CO.,LTD. (A #002749)"
72752,SUNRISE GROUP COMPANY LIMITED (A #002752)
72755,"BEIJING AOSAIKANG PHARMACEUTICAL CO.,LTD (A #002755)"
72756,"YONGXING SPECIAL MATERIALS TECHNOLOGY CO.,LTD. (A #002756)"
72757,"NANXING MACHINERY CO., LTD. (A #002757)"
72758,"ZJAMP GROUP CO., LTD. (A #002758)"
72759,"TONZE NEW ENERGY TECHNOLOGY CO.,LTD. (A #002759)"
72761,"ZHEJIANG CONSTRUCTION INVESTMENT GROUP CO.,LTD (A #002761)"
72765,"LANDAI TECHNOLOGY GROUP CORP., LTD. (A #002765)"
72766,"SHENZHEN SOLING INDUSTRIAL CO.,LTD. (A #002766)"
72768,"QINGDAO GON TECHNOLOGY CO., LTD. (A #002768)"
72769,"GUANGDONG PROLTO SUPPLY CHAIN MANAGEMENT CO.,LTD (A #002769)"
72772,"TIANSHUI ZHONGXING BIO-TECHNOLOGY CO., LTD. (A #002772)"
72773,"CHENGDU KANGHONG PHARMACEUTICAL GROUP CO., LTD (A #002773)"
72777,"SICHUAN JIUYUAN YINHAI SOFTWARE CO.,LTD (A #002777)"
72779,"ZHEJIANG ZHONGJIAN TECHNOLOGY CO.,LTD (A #002779)"
72782,"SHENZHEN CLICK TECHNOLOGY CO.,LTD (A #002782)"
72785,"XIAMEN WANLI STONE STOCK CO.,LTD (A #002785)"
72786,"SHENZHEN SILVER BASIS TECHNOLOGY CO.,LTD (A #002786)"
72787,"SUZHOU HYCAN HOLDINGS CO., LTD. (A #002787)"
72788,"LUYAN PHARMA CO.,LTD (A #002788)"
72791,"GUANGDONG KINLONG HARDWARE PRODUCTS CO.,LTD. (A #002791)"
72792,TONGYU COMMUNICATION INC. (A #002792)
72793,"LUOXIN PHARMACEUTICALS GROUP STOCK CO., LTD. (A #002793)"
72796,SUZHOU SHIJIA SCIENCE & TECHNOLOGY INC. (A #002796)
72797,"FIRST CAPITAL SECURITIES CO., LTD. (A #002797)"
72798,"DO&SHUIHUA GROUP CO.,LTD. (A #002798)"
72801,"HANGZHOU WEIGUANG ELECTRONIC CO.,LTD. (A #002801)"
72802,"WUXI HONGHUI NEW MATERIALS TECHNOLOGY CO.,LTD. (A #002802)"
72803,"XIAMEN JIHONG CO.,LTD (A #002803)"
72805,"SHANDONG FENGYUAN CHEMICAL CO.,LTD (A #002805)"
72807,"JIANGSU JIANGYIN RURAL COMMERCIAL BANK CO.,LTD (A #002807)"
72810,"SHANDONG HEAD GROUP CO.,LTD. (A #002810)"
72812,"YUNNAN ENERGY NEW MATERIAL (GROUP) CO., LTD. (A #002812)"
72815,"SUNTAK TECHNOLOGY CO., LTD. (A #002815)"
72818,"CHENGDU FUSEN NOBLE-HOUSE INDUSTRIAL CO.,LTD. (A #002818)"
72819,"BEIJING ORIENTAL JICHENG CO.,LTD (A #002819)"
72821,"ASYMCHEM LABORATORIES (TIANJIN) CO., LTD. (A #002821)"
72823,"SHENZHEN KAIZHONG PRECISION TECHNOLOGY CO., LTD. (A #002823)"
72824,"GUANGDONG HOSHION INDUSTRIAL ALUMINIUM CO., LTD. (A #002824)"
72827,"XIZANG GAOZHENG CIVIL EXPLOSIVES CO., LTD. (A #002827)"
72829,"BEIJING STARNETO TECHNOLOGY CO.,LTD (A #002829)"
72831,"SHENZHEN YUTO PACKAGING TECHNOLOGY CO., LTD. (A #002831)"
72832,"BIEM.L.FDLKK GARMENT CO.,LTD. (A #002832)"
72833,"GUANGZHOU KDT MACHINERY GROUP CO., LTD. (A #002833)"
72837,"SHENZHEN ENVICOOL TECHNOLOGY CO., LTD. (A #002837)"
72838,"SHANDONG DAWN POLYMER CO.,LTD. (A #002838)"
72839,"JIANGSU ZHANGJIAGANG RURAL COMMERCIAL BANK CO., LTD (A #002839)"
72840,"ZHEJIANG HUATONG MEAT PRODUCTS CO., LTD. (A #002840)"
72841,GUANGZHOU SHIYUAN ELECTRONIC TECHNOLOGY COMPANY LIMITED (A #002841)
72842,"GUANGDONG XIANGLU TUNGSTEN CO.,LTD (A #002842)"
72843,"BICHAMP CUTTING TECHNOLOGY(HUNAN) CO.,LTD. (A #002843)"
72845,"SHENZHEN TXD TECHNOLOGY CO., LTD. (A #002845)"
72846,"GUANGDONG ENPACK PACKAGING CO.,LTD. (A #002846)"
72847,"YANKERSHOP FOOD CO., LTD (A #002847)"
72850,"SHENZHEN KEDALI INDUSTRY CO., LTD. (A #002850)"
72851,"SHENZHEN MEGMEET ELECTRICAL CO., LTD. (A #002851)"
72855,"DONGGUAN CHITWING TECHNOLOGY CO., LTD. (A #002855)"
72859,"ZHEJIANG JIEMEI ELECTRONIC AND TECHNOLOGY CO., LTD. (A #002859)"
72865,"HAINAN DRINDA NEW ENERGY TECHNOLOGY CO., LTD. (A #002865)"
72866,"JIANGSU TRANSIMAGE TECHNOLOGY CO., LTD. (A #002866)"
72867,"CHOW TAI SENG JEWELLERY CO., LTD. (A #002867)"
72868,"LIFECOME BIOCHEMISTRY CO., LTD. (A #002868)"
72869,"SHENZHEN GENVICT TECHNOLOGIES CO., LTD. (A #002869)"
72870,GUANGDONG SENSSUN WEIGHING APPARATUS GROUP LTD. (A #002870)
72876,"SHENZHEN SUNNYPOL OPTOELECTRONICS CO.,LTD. (A #002876)"
72878,"BEIJING YUANLONG YATO CULTURE DISSEMINATION CO., LTD. (A #002878)"
72879,"CHANG LAN TECHNOLOGY GROUP CO.,LTD. (A #002879)"
72880,"SHENZHEN WEIGUANG BIOLOGICAL PRODUCTS CO.,LTD (A #002880)"
72881,"MEIG SMART TECHNOLOGY CO., LTD (A #002881)"
72882,"JINLONGYU GROUP CO.,LTD. (A #002882)"
72884,"GUANGDONG LINGXIAO PUMP INDUSTRY CO., LTD. (A #002884)"
72885,"SHENZHEN JINGQUANHUA ELECTRONICS CO.,LTD. (A #002885)"
72886,"SHENZHEN WOTE ADVANCED MATERIALS CO., LTD. (A #002886)"
72889,"SHENZHEN EASTTOP SUPPLY CHAIN MANAGEMENT CO., LTD. (A #002889)"
72891,"YANTAI CHINA PET FOODS CO., LTD. (A #002891)"
72892,"KELI MOTOR GROUP CO.,LTD. (A #002892)"
72895,GUIZHOU CHANHEN CHEMICAL CORPORATION (A #002895)
72896,"NINGBO ZHONGDA LEADER INTELLIGENT TRANSMISSION CO., LTD. (A #002896)"
72897,"WENZHOU YIHUA CONNECTOR CO., LTD. (A #002897)"
72901,DOUBLE MEDICAL TECHNOLOGY INC. (A #002901)
72902,"DONGGUAN MENTECH OPTICAL & MAGNETIC CO., LTD. (A #002902)"
72906,FORYOU CORPORATION (A #002906)
72907,"CHONGQING PHARSCIN PHARMACEUTICAL CO., LTD. (A #002907)"
72908,"GUANGDONG TECSUN SCIENCE & TECHNOLOGY CO., LTD. (A #002908)"
72910,"LANZHOU ZHUANGYUAN PASTURE CO.,LTD. (A #002910)"
72911,"FORAN ENERGY GROUP CO., LTD. (A #002911)"
72912,"SHENZHEN SINOVATIO TECHNOLOGY CO., LTD. (A #002912)"
72913,"AOSHIKANG TECHNOLOGY CO., LTD (A #002913)"
72915,"ZHEJIANG ZHONGXIN FLUORIDE MATERIALS CO., LTD (A #002915)"
72916,"SHENNAN CIRCUITS CO., LTD. (A #002916)"
72918,"MONALISA GROUP CO.,LTD (A #002918)"
72919,"MINGCHEN HEALTH CO.,LTD. (A #002919)"
72920,"HUIZHOU DESAY SV AUTOMOTIVE CO., LTD. (A #002920)"
72922,"EAGLERISE ELECTRIC & ELECTRONIC(CHINA)CO., LTD. (A #002922)"
72925,XIAMEN INTRETECH INC. (A #002925)
72926,"HUAXI SECURITIES CO., LTD. (A #002926)"
72928,"CHINA EXPRESS AIRLINES CO.,LTD (A #002928)"
72929,"RUNJIAN CO.,LTD. (A #002929)"
72930,"GUANGDONG GREAT RIVER SMARTER LOGISTICS CO., LTD. (A #002930)"
72931,"ZHEJIANG FENGLONG ELECTRIC CO., LTD. (A #002931)"
72932,"WUHAN EASY DIAGNOSIS BIOMEDICINE CO.,LTD. (A #002932)"
72935,"CHENGDU SPACEON ELECTRONICS CO., LTD. (A #002935)"
72936,"BANK OF ZHENGZHOU CO.,LTD. (A #002936)"
72937,"NINGBO SUNRISE ELC TECHNOLOGY CO.,LTD. (A #002937)"
72938,"AVARY HOLDING (SHENZHEN) CO., LIMITED (A #002938)"
72939,"CHINA GREAT WALL SECURITIES CO., LTD (A #002939)"
72940,"ZHEJIANG ANGLIKANG PHARMACEUTICAL CO.,LTD. (A #002940)"
72941,"XINJIANG COMMUNICATIONS CONSTRUCTION GROUP CO., LTD. (A #002941)"
72943,"HUNAN YUJING MACHINERY CO., LTD. (A #002943)"
72945,"CHINALIN SECURITIES CO., LTD. (A #002945)"
72946,"NEW HOPE DAIRY CO., LTD. (A #002946)"
72947,"SUZHOU HENGMINGDA ELECTRONIC TECHNOLOGY CO., LTD. (A #002947)"
72948,"BANK OF QINGDAO CO., LTD. (A #002948)"
72950,"ALLMED MEDICAL PRODUCTS CO., LTD (A #002950)"
72951,"SICHUAN JINSHI TECHNOLOGY CO.,LTD (A #002951)"
72953,"GUANGDONG RIFENG ELECTRIC CABLE CO.,LTD. (A #002953)"
72955,"HITEVISION CO., LTD. (A #002955)"
72956,"GUILIN SEAMILD FOODS CO., LTD (A #002956)"
72957,"SHENZHEN COLIBRI TECHNOLOGIES CO., LTD. (A #002957)"
72958,QINGDAO RURAL COMMERCIAL BANK CORPORATION (A #002958)
72959,"BEAR ELECTRIC APPLIANCE CO.,LTD. (A #002959)"
72960,"JADE BIRD INTEGRATED TECHNOLOGIES CO., LTD. (A #002960)"
72961,"RUIDA FUTURES CO.,LTD. (A #002961)"
72962,"HUBEI W-OLF PHOTOELECTRIC TECHNOLOGY CO., LTD. (A #002962)"
72965,"LUCKY HARVEST CO.,LTD. (A #002965)"
72966,"BANK OF SUZHOU CO.,LTD (A #002966)"
72967,"GRG METROLOGY & TEST GROUP CO., LTD. (A #002967)"
72969,"JIAMEI FOOD PACKAGING (CHUZHOU) CO.,LTD. (A #002969)"
72970,"STREAMAX TECHNOLOGY CO., LTD. (A #002970)"
72971,"HUBEI HEYUAN GAS CO.,LTD. (A #002971)"
72973,"QIAOYIN CITY MANAGEMENT CO., LTD. (A #002973)"
72975,"ZHUHAI BOJAY ELECTRONICS CO.,LTD. (A #002975)"
72977,"CHENGDU TIANJIAN TECHNOLOGY CO., LTD. (A #002977)"
72978,"SICHUAN ANNING IRON AND TITANIUM CO.,LTD. (A #002978)"
72979,"CHINA LEADSHINE TECHNOLOGY CO., LTD. (A #002979)"
72980,"SHENZHEN EVERBEST MACHINERY INDUSTRY CO.,LTD (A #002980)"
72982,HUNAN XIANGJIA ANIMAL HUSBANDRY COMPANY LIMITED (A #002982)
72983,"ANHUI COREACH TECHNOLOGY CO.,LTD (A #002983)"
72984,"QINGDAO SENTURY TIRE CO., LTD. (A #002984)"
72985,"BEIJING BEI MO GAO KE FRICTION MATERIAL CO.,LTD. (A #002985)"
72986,"GUANGDONG YUSSEN ENERGY TECHNOLOGY CO., LTD. (A #002986)"
72987,"NORTHKING INFORMATION TECHNOLOGY CO.,LTD. (A #002987)"
72988,"GUANGDONG HAOMEI NEW MATERIALS CO.,LTD (A #002988)"
72989,"SHENZHEN STRONGTEAM DECORATION ENGINEERING CO.,LTD. (A #002989)"
72990,MAXVISION TECHNOLOGY CORP. (A #002990)
72991,"GANYUAN FOODS CO.,LTD. (A #002991)"
72992,"SHENZHEN BAOMING TECHNOLOGY CO.,LTD. (A #002992)"
72993,"DONGGUAN AOHAI TECHNOLOGY CO., LTD. (A #002993)"
72996,"CHONGQING SHUNBO ALUMINUM CO., LTD. (A #002996)"
72997,"RAYHOO MOTOR DIES CO., LTD. (A #002997)"
73000,"JINZAI FOOD GROUP CO.,LTD. (A #003000)"
73001,"ZHONGYAN TECHNOLOGY CO., LTD. (A #003001)"
73002,"SHANXI HUHUA GROUP CO., LTD. (A #003002)"
73005,"BEIJING JINGYEDA TECHNOLOGY CO.,LTD. (A #003005)"
73006,"CHONGQING BAIYA SANITARY PRODUCTS CO., LTD. (A #003006)"
73009,"SHAANXI ZHONGTIAN ROCKET TECHNOLOGY CO., LTD (A #003009)"
73010,"GUANGZHOU RUOYUCHEN TECHNOLOGY CO., LTD. (A #003010)"
73012,"GUANGDONG DONGPENG HOLDINGS CO., LTD. (A #003012)"
73013,"GUANGZHOU METRO DESIGN & RESEARCH INSTITUTE CO., LTD. (A #003013)"
73018,"JINFU TECHNOLOGY CO., LTD. (A #003018)"
73019,"TES TOUCH EMBEDDED SOLUTIONS (XIAMEN) CO., LTD. (A #003019)"
73020,"HEFEI LIFEON PHARMACEUTICAL CO., LTD. (A #003020)"
73021,"SHENZHEN ZHAOWEI MACHINERY & ELECTRONIC CO., LTD. (A #003021)"
73022,LEVIMA ADVANCED MATERIALS CORPORATION (A #003022)
73028,GENBYTE TECHNOLOGY INC. (A #003028)
73029,"JILIN UNIVERSITY ZHENGYUAN INFORMATION TECHNOLOGIES CO.,LTD. (A #003029)"
73031,"HEBEI SINOPACK ELECTRONIC TECHNOLOGY CO., LTD. (A #003031)"
73032,"JIANGSU CHUANZHIBOKE EDUCATION TECHNOLOGY CO., LTD. (A #003032)"
73033,"QINGDAO CHOHO INDUSTRIAL CO., LTD. (A #003033)"
73035,"CHINA SOUTHERN POWER GRID ENG EFF&CLEAN ENG CO.,LTD. (A #003035)"
73036,"ZHEJIANG TAITAN CO.,LTD. (A #003036)"
73037,"GUANGDONG SANHE PILE CO., LTD. (A #003037)"
73038,"ANHUI XINBO ALUMINUM CO.,LTD. (A #003038)"
73039,"GUANGDONG SHUNKONG DEVELOPMENT CO.,LTD. (A #003039)"
73040,"CHUTIAN DRAGON CO., LTD. (A #003040)"
73041,"ZHEJIANG TRUELOVE VOGUE CO., LTD. (A #003041)"
73043,"SUZHOU HUAYA INTELLIGENCE TECHNOLOGY CO., LTD. (A #003043)"
73816,"CGN POWER CO.,LTD. (A #003816)"
77001,"QINGDAO TGOOD ELECTRIC CO.,LTD. (A #300001)"
77002,"BEIJING ULTRAPOWER SOFTWARE CO., LTD (A #300002)"
77003,"LEPU MEDICAL TECHNOLOGY (BEIJING) CO.,LTD. (A #300003)"
77004,"NANFANG VENTILATOR CO., LTD. (A #300004)"
77005,"TOREAD  HOLDINGS GROUP  CO., LTD. (A #300005)"
77006,"CHONGQING LUMMY PHARMACEUTICAL CO.,LTD. (A #300006)"
77007,HANWEI ELECTRONICS GROUP CORPORATION (A #300007)
77008,"BESTWAY MARINE & ENERGY TECHNOLOGY CO., LTD. (A #300008)"
77009,"ANHUI ANKE BIOTECHNOLOGY (GROUP)CO.,LTD. (A #300009)"
77010,DOUSHEN(BEIJING) EDUCATION &TECHNOLOGY INC. (A #300010)
77011,"BEIJING DINGHAN TECHNOLOGY GROUP CO., LTD. (A #300011)"
77012,"CENTRE TESTING INTERNATIONAL GROUP CO., LTD. (A #300012)"
77014,"EVE ENERGY CO., LTD. (A #300014)"
77015,"AIER EYE HOSPITAL GROUP CO.,LTD. (A #300015)"
77016,"BEIJING BEILU PHARMACEUTICAL CO.,LTD (A #300016)"
77017,"WANGSU SCIENCE & TECHNOLOGY CO.,LTD. (A #300017)"
77018,"WUHAN ZHONGYUAN HUADIAN SCIENCE & TECHNOLOGY CO.,LTD. (A #300018)"
77019,"CHENGDU GUIBAO SCIENCE & TECHNOLOGY CO.,LTD (A #300019)"
77020,"ENJOYOR TECHNOLOGY CO., LTD. (A #300020)"
77021,"DAYU WATER-SAVING  GROUP CO.,LTD. (A #300021)"
77024,"SIASUN ROBOT&AUTOMATION CO., LTD (A #300024)"
77025,"HANGZHOU HUAXING CHUANGYE COMMUNICATION TECHNOLOGY CO.,LTD. (A #300025)"
77026,"TIANJIN CHASE SUN PHARMACEUTICAL CO., LTD. (A #300026)"
77027,HUAYI BROTHERS MEDIA CORPORATION (A #300027)
77031,"WUXI BOTON TECHNOLOGY CO.,LTD. (A #300031)"
77032,"JINLONG MACHINERY & ELECTRONIC CO., LTD (A #300032)"
77033,"HITHINK ROYALFLUSH INFORMATION NETWORK CO., LTD (A #300033)"
77034,"BEIJING CISRI-GAONA MATERIALS & TECHNOLOGY CO., LTD. (A #300034)"
77035,"HUNAN ZHONGKE ELECTRIC CO.,LTD. (A #300035)"
77036,"BEIJING SUPERMAP SOFTWARE CO.,LTD. (A #300036)"
77037,"SHENZHEN CAPCHEM TECHNOLOGY CO.,LTD. (A #300037)"
77039,"SHANGHAI KAIBAO PHARMACEUTICAL CO.,LTD. (A #300039)"
77041,"HUBEI HUITIAN NEW MATERIALS CO., LTD (A #300041)"
77042,"NETAC TECHNOLOGY CO.,LTD. (A #300042)"
77043,RASTAR GROUP (A #300043)
77044,"SHENZHEN SUNWIN INTELLIGENT CO.,LTD. (A #300044)"
77045,"HWA CREATE CO., LTD. (A #300045)"
77046,"TECH SEMICONDUCTORS CO., LTD. (A #300046)"
77047,"SHENZHEN TIANYUAN DIC INFORMATION TECHNOLOGY CO.,LTD. (A #300047)"
77048,"HICONICS ECO-ENERGY TECHNOLOGY CO., LTD. (A #300048)"
77049,"INNER MONGOLIA FURUI MEDICAL SCIENCE CO.,LTD. (A #300049)"
77051,"LIANS TECHNOLOGY CO., LTD. (A#300051)"
77052,"SHENZHEN ZQGAME CO., LTD (A #300052)"
77053,"ZHUHAI AEROSPACE MICROCHIPS SCIENCE & TECHNOLOGY CO., LTD. (A #300053)"
77054,"HUBEI DINGLONG CO.,LTD. (A #300054)"
77055,"BEIJING WBD NEW MATERIALS GROUP CO.,LTD. (A #300055)"
77056,"XIAMEN ZHONGCHUANG ENVIRONMENTAL TECHNOLOGY CO., LTD (A #300056)"
77057,"SHANTOU WANSHUN NEW MATERIAL GROUP CO., LTD. (A #300057)"
77058,"BLUEFOCUS INTELLIGENT COMMUNICATIONS GROUP CO., LTD. (A #300058)"
77059,"EAST MONEY INFORMATION CO., LTD. (A #300059)"
77061,"QITIAN TECHNOLOGY GROUP CO., LTD. (A #300061)"
77062,"CEEPOWER CO.,LTD. (A #300062)"
77063,"GUANGDONG TLOONG TECHNOLOGY GROUP CO.,LTD (A #300063)"
77065,"BEIJING HIGHLANDER DIGITAL TECHNOLOGY CO.,LTD. (A #300065)"
77066,"SANCHUAN WISDOM TECHNOLOGY CO.,LTD (A #300066)"
77067,"SHANGHAI ANOKY GROUP CO., LTD (A #300067)"
77068,"ZHEJIANG NARADA POWER SOURCE CO., LTD. (A #300068)"
77070,"BEIJING ORIGINWATER TECHNOLOGY CO.,LTD. (A #300070)"
77071,FS DEVELOPMENT INVESTMENT HOLDINGS (A #300071)
77072,"BEIJING HAIXIN ENERGY TECHNOLOGY CO., LTD. (A #300072)"
77073,"BEIJING EASPRING MATERIAL TECHNOLOGY CO.,LTD. (A #300073)"
77074,"AVCON INFORMATION TECHNOLOGY CO., LTD. (A #300074)"
77075,"BEIJING EGOVA CO., LTD (A #300075)"
77077,NSING TECHNOLOGIES INC. (A #300077)
77078,"HANGZHOU CENTURY CO.,LTD. (A #300078)"
77079,"SUMAVISION TECHNOLOGIES CO.,LTD (A #300079)"
77080,"HENAN YICHENG NEW ENERGY CO., LTD (A #300080)"
77081,"HENGXIN SHAMBALA CULTURE CO.,LTD. (A #300081)"
77082,"LIAO NING OXIRANCHEM, INC. (A #300082)"
77083,GUANGDONG CREATE CENTURY INTELLIGENT EQUIPMENT GP CORPORATION LTD (A #300083)
77084,HAIMO TECHNOLOGIES GROUP CORP. (A #300084)
77085,"SHENZHEN INFOGEM TECHNOLOGIES CO., LTD. (A #300085)"
77087,"WINALL HI-TECH SEED CO.,LTD. (A #300087)"
77088,"WUHU TOKEN SCIENCES CO.,LTD. (A #300088)"
77091,"JIN TONG LING TECHNOLOGY GROUP CO.,LTD (A #300091)"
77093,"GANSU JINGANG SOLAR CO., LTD (A #300093)"
77094,"ZHANJIANG GUOLIAN AQUATIC PRODUCTS CO., LTD (A #300094)"
77096,"YLZ INFORMATION TECHNOLOGY CO.,LTD (A #300096)"
77097,"DALIAN ZHIYUN AUTOMATION CO., LTD (A #300097)"
77098,"GOSUNCN TECHNOLOGY GROUP CO., LTD. (A #300098)"
77099,"UROICA PRECISION INFORMATION ENGINEERING CO.,LTD (A #300099)"
77100,"SHUANGLIN CO.,LTD. (A #300100)"
77101,"CHENGDU CORPRO TECHNOLOGY CO.,LTD. (A #300101)"
77102,"XIAMEN CHANGELIGHT CO.,LTD. (A #300102)"
77107,"HEBEI JIANXIN CHEMICAL CO., LTD. (A #300107)"
77109,NKY MEDICAL HOLDING LTD. (A #300109)
77110,"HUAREN PHARMACEUTICAL CO.,LTD. (A #300110)"
77111,ZHEJIANG SUNFLOWER GREAT HEALTH LIMITED LIABILITY COMPANY (A #300111)
77113,"HANGZHOU SHUNWANG TECHNOLOGY CO.,LTD. (A #300113)"
77115,"SHENZHEN EVERWIN PRECISION TECHNOLOGY CO.,LTD (A #300115)"
77118,"RISEN ENERNY CO.,LTD. (A #300118)"
77119,"TIANJIN RINGPU BIO-TECHNOLOGY CO.,LTD. (A #300119)"
77120,"TIANJIN JINGWEI HUIKAI OPTOELECTRONIC CO.,LTD. (A #300120)"
77121,"SHANDONG YANGGU HUATAI CHEMICAL CO., LTD. (A #300121)"
77122,"CHONGQING ZHIFEI BIOLOGICAL PRODUCTS CO.,LTD. (A #300122)"
77123,YAGUANG TECHNOLOGY GROUP COMPANY LIMITED (A #300123)
77124,"SHENZHEN INOVANCE TECHNOLOGY CO., LTD (A #300124)"
77125,"LINGDA GROUP CO.,LTD. (A #300125)"
77127,"CHENGDU GALAXY MAGNETS CO.,LTD. (A #300127)"
77128,"SUZHOU JINFU TECHNOLOGY CO., LTD. (A #300128)"
77129,"SHANGHAI TAISHENG WIND POWER EQUIPMENT CO., LTD. (A #300129)"
77130,XGD INC. (A #300130)
77131,"SHENZHEN YITOA INTELLIGENT CONTROL CO.,LTD. (A #300131)"
77132,"FUJIAN GREEN PINE CO.,LTD (A #300132)"
77133,"ZHEJIANG HUACE FILM & TV CO.,LTD. (A #300133)"
77134,"ANHUI TATFOOK TECHNOLOGY CO., LTD. (A #300134)"
77136,"SHENZHEN SUNWAY COMMUNICATION CO., LTD. (A #300136)"
77137,"HEBEI SAILHERO ENVIRONMENTAL PROTECTION HIGH-TECH CO., LTD. (A #300137)"
77138,"CHENGUANG BIOTECH GROUP CO.,LTD. (A #300138)"
77139,"BEIJING XIAOCHENG TECHNOLOGY STOCK CO., LTD (A #300139)"
77140,"CECEP ENVIRONMENTAL PROTECTION CO.,LTD. (A #300140)"
77142,"WALVAX BIOTECHNOLOGY CO.,LTD. (A #300142)"
77143,"INKON LIFE TECHNOLOGY CO., LTD. (A #300143)"
77144,"SONGCHENG PERFORMANCE DEVELOPMENT CO., LTD. (A #300144)"
77145,"NANFANG PUMP INDUSTRY CO., LTD. (A #300145)"
77146,"BY-HEALTH CO.,LTD (A #300146)"
77147,"XIANGXUE PHARMACEUTICAL CO., LTD. (A #300147)"
77148,"TANGEL PUBLISHING CO.,LTD. (A #300148)"
77149,"CHEMPARTNER PHARMATECH CO., LTD. (A #300149)"
77150,"BEIJING CENTURY REAL TECHNOLOGY CO.,LTD. (A #300150)"
77151,"SHENZHEN CHANGHONG TECHNOLOGY CO.,LTD. (A #300151)"
77152,"XIONG'AN NEW POWER TECHNOLOGY CO.,LTD. (A #300152)"
77153,"SHANGHAI COOLTECH POWER CO.,LTD. (A #300153)"
77155,"GUANGDONG ANJUBAO DIGITAL TECHNOLOGY CO.,LTD. (A #300155)"
77157,"NEW JCM GROUP CO.,LTD (A #300157)"
77158,"SHANXI ZHENDONG PHARMACEUTICAL CO.,LTD (A #300158)"
77159,"XINJIANG MACHINERY RESEARCH INSTITUTE CO.,LTD (A #300159)"
77160,"JIANGSU XIUQIANG GLASSWORK CO., LTD. (A #300160)"
77161,"WUHAN HUAZHONG NUMERICAL CONTROL CO.,LTD. (A #300161)"
77164,TONG PETROTECH CORP. (A #300164)
77166,BUSINESS-INTELLIGENCE OF ORIENTAL NATIONS CORPORATION LTD. (A #300166)
77168,"WONDERS INFORMATION CO.,LTD. (A #300168)"
77170,"HAND ENTERPRISE SOLUTIONS CO.,LTD (A #300170)"
77171,"TOFFLON SCIENCE AND TECHNOLOGY GROUP CO.,LTD. (A #300171)"
77174,"FUJIAN YUANLI ACTIVE CARBON CO.,LTD. (A #300174)"
77175,"LONTRUE CO.,LIMITED (A #300175)"
77177,"GUANGZHOU HI-TARGET NAVIGATION TECH CO.,LTD. (A #300177)"
77179,"SF DIAMOND CO.,LTD. (A #300179)"
77180,"HUAFON MICROFIBRE (SHANGHAI) CO.,LTD. (A #300180)"
77181,"ZHEJIANG JOLLY PHARMACEUTICAL CO.,LTD (A #300181)"
77182,"BEIJING JETSEN TECHNOLOGY CO.,LTD. (A #300182)"
77183,"QINGDAO EASTSOFT COMMUNICATION TECHNOLOGY CO.,LTD. (A #300183)"
77184,"WUHAN P&S INFORMATION TECHNOLOGY CO.,LTD (A #300184)"
77185,"TONGYU HEAVY INDUSTRY CO.,LTD. (A #300185)"
77187,"YONKER ENVIRONMENTAL PROTECTION CO.,LTD. (A #300187)"
77188,"SDIC INTELLIGENCE INFORMATION TECHNOLOGY CO., LTD. (A #300188)"
77189,"HAINAN SHENNONG SEED INDUSTRY TECHNOLOGY CO.,LTD. (A #300189)"
77190,"WELLE GROUP CO., LTD (A #300190)"
77191,"SINO GEOPHYSICAL CO.,LTD (A #300191)"
77192,"SUZHOU KINGSWOOD EDUCATION TECHNOLOGY CO.,LTD. (A #300192)"
77194,"FUAN PHARMACEUTICAL (GROUP)CO.,LTD (A #300194)"
77196,"JIANGSU CHANGHAI COMPOSITE MATERIALS CO.,LTD. (A #300196)"
77197,"CECEP TECHAND ECOLOGY & ENVIRONMENT CO.,LTD. (A #300197)"
77199,"HYBIO PHARMACEUTICAL CO., LTD. (A #300199)"
77200,"BEIJING COMENS NEW MATERIALS CO.,LTD. (A #300200)"
77201,"XUZHOU HANDLER SPECIAL VEHICLE CO., LTD. (A #300201)"
77203,"FOCUSED PHOTONICS (HANGZHOU),INC. (A #300203)"
77204,"STAIDSON (BEIJING) BIOPHARMACEUTICALS CO.,LTD. (A #300204)"
77205,"WUHAN TIANYU INFORMATION INDUSTRY CO., LTD. (A #300205)"
77206,"EDAN INSTRUMENTS,INC, (A #300206)"
77207,"SUNWODA ELECTRONIC CO.,LTD (A #300207)"
77209,"XINGYUN TECHNOLOGY CO.,LTD (A #300209)"
77210,"ANSHAN SENYUAN ROAD AND BRIDGE CO.,LTD (A #300210)"
77212,"BEIJING E-HUALU INFORMATION TECHNOLOGY CO.,LTD (A #300212)"
77213,"BEIJING JIAXUN FEIHONG ELECTRICAL CO.,LTD (A #300213)"
77215,"SUZHOU ELECTRICAL APPARATUS SCIENCE ACADEMY CO., LTD. (A #300215)"
77217,"ZHENJIANG DONGFANG ELECTRIC HEATING TECHNOLOGY CO.,LTD. (A #300217)"
77219,"HONGLI ZHIHUI GROUP CO.,LTD. (A #300219)"
77221,"GUANGDONG SILVER AGE SCI&TECH CO.,LTD. (A #300221)"
77222,"CSG SMART SCIENCE&TECHNOLOGY CO.,LTD. (A #300222)"
77223,"INGENIC SEMICONDUCTOR CO., LTD (A #300223)"
77224,"YANTAI ZHENGHAI MAGNETIC MATERIAL CO., LTD. (A #300224)"
77225,"SHANGHAI KINLITA CHEMICAL CO.,LTD. (A #300225)"
77226,"SHANGHAI GANGLIAN E-COMMERCE HOLDINGS CO.,LTD. (A #300226)"
77227,"SHENZHEN SUNSHINE LASER&ELECTRONICS TECHNOLOGY CO., LTD. (A #300227)"
77228,"ZHANGJIAGANG FURUI SPECIAL EQUIPMENT CO.,LTD (A #300228)"
77229,"TRS INFORMATION TECHNOLOGY CO.,LTD. (A #300229)"
77231,"BEIJING TRUST&FAR TECHNOLOGY CO.,LTD (A #300231)"
77232,"UNILUMIN GROUP CO., LTD. (A #300232)"
77233,"SHANDONG JINCHENG PHARMACEUTICAL GROUP CO.,LTD. (A #300233)"
77236,"SHANGHAI SINYANG SEMICONDUCTOR MATERIALS CO.,LTD. (A #300236)"
77237,"SHANDONG MEICHEN TECHNOLOGY GROUP CO., LTD. (A #300237)"
77238,"GUANHAO BIOTECH CO., LTD (A #300238)"
77244,"DIAN DIAGNOSTICS GROUP CO.,LTD. (A #300244)"
77245,"SHANGHAI DRAGONNET TECHNOLOGY CO., LTD. (A #300245)"
77247,"YOUNGY HEALTH CO., LTD. (A #300247)"
77248,"NEWCAPEC ELECTRONICS CO., LTD. (A #300248)"
77249,"YIMIKANG TECH. GROUP CO.,LTD. (A #300249)"
77250,CHINESE CHURINGA (A #300250)
77251,"BEIJING ENLIGHT MEDIA CO., LTD. (A #300251)"
77252,"KINGSIGNAL TECHNOLOGY CO.,LTD. (A #300252)"
77253,"WINNING HEALTH TECHNOLOGY GROUP CO.,LTD. (A #300253)"
77255,"HEBEI CHANGSHAN BIOCHEMICAL PHARMACEUTICAL CO., LTD. (A #300255)"
77256,"JIANGXI FIRSTAR PANEL TECHNOLOGY CO.,LTD. (A #300256)"
77257,"ZHEJIANG KAISHAN COMPRESSOR CO.,LTD. (A #300257)"
77258,"JIANGSU PACIFIC PRECISION FORGING CO.,LTD. (A #300258)"
77259,"SUNTRONT TECHNOLOGY CO.,LTD. (A #300259)"
77260,"KUNSHAN KINGLAI HYGIENIC MATERIALS CO.,LTD. (A #300260)"
77261,ABA CHEMICALS CORPORATION (A #300261)
77263,"LONGHUA TECHNOLOGY GROUP (LUOYANG) CO., LTD. (A #300263)"
77265,"JIANGSU TONGGUANG ELECTRONIC WIRE AND CABLE CO.,LTD (A #300265)"
77266,"XINGYUAN ENVIRONMENT TECHNOLOGY CO., LTD. (A #300266)"
77267,"HUNAN ER-KANG PHARMACEUTICAL CO.,LTD. (A #300267)"
77269,"SHENZHEN LIANTRONICS CO.,LTD. (A #300269)"
77271,BEIJING THUNISOFT CORPORATION LIMITED (A #300271)
77272,"CANATURE HEALTH TECHNOLOGY GROUP CO.,LTD (A #300272)"
77274,"SUNGROW POWER SUPPLY CO.,LTD. (A #300274)"
77276,"SANFENG INTELLIGENT EQUIPMENT GROUP CO., LTD (A #300276)"
77277,"HANGZHOU TURBINE POWER GROUP CO.,LTD. (A #300277)"
77278,"HUACHANGDA INTELLIGENT EQUIPMENT GROUP CO., LTD. (A #300278)"
77284,JSTI GROUP (A #300284)
77285,"SHANDONG SINOCERA FUNCTIONAL MATERIAL CO.,LTD. (A #300285)"
77286,"ACREL CO., LTD. (A #300286)"
77287,"BEIJING PHILISENSE TECHNOLOGY CO.,LTD. (A #300287)"
77288,"GUIYANG LONGMASTER INFORMATION & TECHNOLOGY CO.,LTD. (A #300288)"
77289,"BEIJING LEADMAN BIOCHEMISTRY CO.,LTD. (A #300289)"
77290,"BRINGSPRING SCIENCE & TECHNOLOGY CO.,LTD. (A #300290)"
77291,"BEIJING BAINATION PICTURES CO.,LTD. (A #300291)"
77292,"WUTONG HOLDING GROUP CO.,LTD (A #300292)"
77293,"SHENYANG BLUE SILVER INDUSTRY AUTOMATIC EQUIPMENT CO.,LTD. (A #300293)"
77294,"CHINA RESOURCES BOYA BIO-PHARMACEUTICAL GROUP CO., LTD (A #300294)"
77295,"EVERYDAY NETWORK CO.,LTD. (A #300295)"
77296,"LEYARD OPTOELECTRONIC CO.,LTD. (A #300296)"
77298,SINOCARE INC. (A #300298)
77299,"FUCHUN TECHNOLOGY CO.,LTD (A #300299)"
77300,"STRAIT INNOVATION INTERNET CO., LTD. (A #300300)"
77302,"TOYOU FEIJI ELECTRONICS CO.,LTD. (A #300302)"
77303,"SHENZHEN JUFEI OPTOELECTRONICS CO.,LTD (A #300303)"
77304,"JIANGSU YUNYI ELECTRIC CO.,LTD. (A #300304)"
77307,"NINGBO CIXING CO.,LTD. (A #300307)"
77308,"ZHONGJI INNOLIGHT CO., LTD. (A #300308)"
77310,"EASTONE CENTURY TECHNOLOGY CO.,LTD. (A #300310)"
77311,"SURFILTER NETWORK TECHNOLOGY CO.,LTD. (A #300311)"
77314,"NINGBO DAVID MEDICAL DEVICE CO.,LTD. (A #300314)"
77315,"OURPALM CO.,LTD. (A #300315)"
77316,"ZHEJIANG JINGSHENG MECHANICAL & ELECTRICAL CO.,LTD. (A #300316)"
77317,"JIAWEI RENEWABLE ENERGY CO., LTD. (A #300317)"
77318,"BEIJING BOHUI INNOVATION BIOTECHNOLOGY GROUP CO., LTD (A #300318)"
77319,"SHENZHEN MICROGATE TECHNOLOGY CO.,LTD (A #300319)"
77320,"JIANGYIN HAIDA RUBBER AND PLASTIC CO.,LTD. (A #300320)"
77322,"HUIZHOU SPEED WIRELESS TECHNOLOGY CO.,LTD. (A #300322)"
77323,BOE HC SEMITEK CORPORATION (A #300323)
77324,"BEIJING WATERTEK INFORMATION TECHNOLOGY CO.,LTD. (A #300324)"
77326,"SHANGHAI KINETIC MEDICAL CO.,LTD. (A #300326)"
77327,SINO WEALTH ELECTRONIC LTD. (A #300327)
77328,"DONGGUAN EONTEC CO.,LTD. (A #300328)"
77329,"HAILUN PIANO CO.,LTD. (A #300329)"
77331,"SVG TECH GROUP CO.,LTD. (A #300331)"
77332,"TOP RESOURCE ENERGY CO., LTD. (A #300332)"
77333,"SINOSUN TECHNOLOGY CO.,LTD. (A #300333)"
77334,"TIANJIN MOTIMO MEMBRANE TECHNOLOGY GROUP CO., LTD (A #300334)"
77335,"GUANGZHOU DEVOTION THERMAL TECHNOLOGY CO.,LTD. (A #300335)"
77337,"YINBANG CLAD MATERIAL CO.,LTD. (A #300337)"
77339,"JIANGSU HOPERUN SOFTWARE CO., LTD. (A #300339)"
77340,"JIANGMEN KANHOO INDUSTRY CO.,LTD (A #300340)"
77341,"MOTIC (XIAMEN) ELECTRIC GROUP CO.,LTD (A #300341)"
77342,"CHANGSHU TIANYIN ELECTROMECHANICAL CO.,LTD. (A #300342)"
77343,"LECRON INDUSTRIAL DEVELOPMENT GROUP CO., LTD. (A #300343)"
77345,"HUNAN HUAMIN HOLDINGS CO., LTD (A #300345)"
77346,"JIANGSU NATA OPTO-ELECTRONIC MATERIAL CO.,LTD (A #300346)"
77347,"HANGZHOU TIGERMED CONSULTING CO.,LTD. (A #300347)"
77348,"SHENZHEN SUNLINE TECH CO.,LTD. (A #300348)"
77349,"GOLDCARD SMART GROUP CO.,LTD. (A #300349)"
77351,"ZHEJIANG YONGGUI ELECTRIC EQUIPMENT CO.,LTD. (A #300351)"
77352,BEIJING VRV SOFTWARE CORPORATION LIMITED. (A #300352)
77353,"KYLAND TECHNOLOGY CO.,LTD. (A #300353)"
77354,"JIANGSU DONGHUA TESTING TECHNOLOGY CO.,LTD. (A #300354)"
77355,"M-GRASS ECOLOGY AND ENVIRONMENT (GROUP) CO.,LTD. (A #300355)"
77357,"ZHEJIANG WOLWO BIO-PHARMACEUTICAL CO., LTD. (A #300357)"
77358,TRUKING TECHNOLOGY LIMITED (A #300358)
77359,"QTONE EDUCATION GROUP (GUANGDONG).,LTD. (A #300359)"
77360,"HANGZHOU SUNRISE TECHNOLOGY CO., LTD. (A #300360)"
77363,PORTON PHARMA SOLUTIONS LTD. (A #300363)
77364,"COL GLOBAL CO.,LTD. (A #300364)"
77365,"BEIJING FOREVER TECHNOLOGY CO., LTD (A #300365)"
77366,"TROY INFORMATION TECHNOLOGY CO.,LTD. (A #300366)"
77368,"HEBEI HUIJIN GROUP CO., LTD. (A #300368)"
77369,"NSFOCUS TECHNOLOGIES GROUP CO., LTD. (A #300369)"
77373,"YANGZHOU YANGJIE ELECTRONIC TECHNOLOGY CO.,LTD. (A #300373)"
77376,"EAST GROUP CO.,  LTD (A #300376)"
77377,"SHENZHEN YSSTECH INFO-TECH CO.,LTD (A #300377)"
77378,"DIGIWIN CO.,LTD. (A #300378)"
77380,"SHANGHAI AMARSOFT INFORMATION & TECHNOLOGY CO.,LTD (A #300380)"
77382,"SUZHOU SLAC PRECISION EQUIPMENT CO.,LTD. (A #300382)"
77383,"BEIJING SINNET TECHNOLOGY CO.,LTD. (A #300383)"
77384,"BEIJING SANLIAN HOPE SHIN-GOSEN TECHNICAL SERVICE CO., LTD. (A #300384)"
77386,"FEITIAN TECHNOLOGIES CO.,LTD. (A #300386)"
77388,"CECEP GUOZHEN ENVIRONMENTAL PROTECTION TECHNOLOGY CO., LTD. (A #300388)"
77389,"SHENZHEN ABSEN OPTOELECTRONIC CO., LTD. (A #300389)"
77390,"CANMAX TECHNOLOGIES CO., LTD. (A #300390)"
77393,"JOLYWOOD(SUZHOU)SUNWATT CO.,LTD (A #300393)"
77394,"SUZHOU TFC OPTICAL COMMUNICATION CO., LTD. (A #300394)"
77395,HUBEI FEILIHUA QUARTZ GLASS CO.LTD (A #300395)
77396,"DIRUI INDUSTRIAL CO.,LTD. (A #300396)"
77397,"XI'AN TIANHE DEFENSE TECHNOLOGY CO.,LTD. (A #300397)"
77398,PHICHEM CORPORATION (A #300398)
77399,"JIANGXI TIANLI TECHNOLOGY, INC. (A #300399)"
77400,"SHENZHEN JT AUTOMATION EQUIPMENT CO.,LTD (A #300400)"
77401,"ZHEJIANG GARDEN BIOPHARMACEUTICAL CO.,LTD.(A #300401)"
77402,"NANJING BAOSE CO.,LTD (A #300402)"
77403,"HANYU GROUP JOINT-STOCK CO., LTD. (A #300403)"
77406,"BEIJING STRONG BIOTECHNOLOGIES, INC (A #300406)"
77408,"CHAOZHOU THREE-CIRCLE (GROUP) CO.,LTD. (A #300408)"
77409,"GUANGDONG DOWSTONE TECHNOLOGY CO.,LTD. (A #300409)"
77411,"ZHEJIANG JINDUN FANS CO.,LTD. (A #300411)"
77413,"MANGO EXCELLENT MEDIA CO., LTD. (A #300413)"
77415,"YIZUMI HOLDINGS CO., LTD. (A #300415)"
77416,"SUZHOU SUSHI TESTING GROUP CO., LTD (A #300416)"
77418,"KUNLUN TECH CO., LTD. (A #300418)"
77421,"JIANGSU LIXING GENERAL STEEL BALL CO.,LTD. (A #300421)"
77422,"GUANGXI BOSSCO ENVIRONMENTAL PROTECTION TECHNOLOGY CO.,LTD. (A #300422)"
77423,"SUNFLY INTELLIGENT TECHNOLOGY CO., LTD (A #300423)"
77427,RED PHASE INC. (A #300427)
77428,"LIZHONG SITONG LIGHT ALLOYS GROUP CO., LTD. (A #300428)"
77429,"CHANGZHOU TRONLY NEW ELECTRONIC MATERIALS CO.,LTD. (A #300429)"
77430,"BEIJING CHIEFTAIN CONTROL TECHNOLOGY GROUP CO.,LTD (A #300430)"
77432,"FULIN PRECISION CO., LTD. (A #300432)"
77433,"LENS TECHNOLOGY CO., LTD. (A #300433)"
77434,SICHUAN GOLDSTONE ASIA PHARMACEUTICAL INC. (A #300434)
77435,HANGZHOU ZHONGTAI CRYOGENIC TECHNOLOGY CORPORATION (A #300435)
77436,"FUJIAN COSUNTER PHARMACEUTICAL CO., LTD. (A #300436)"
77438,"GUANGZHOU GREAT POWER ENERGY&TECHNOLOGY CO., LTD. (A #300438)"
77439,"MEDICALSYSTEM BIOTECHNOLOGY CO., LTD (A #300439)"
77440,"CHENGDU YUNDA TECHNOLOGY CO., LTD. (A #300440)"
77441,"NINGBO BAOSI ENERGY EQUIPMENT CO., LTD. (A #300441)"
77442,RANGE INTELLIGENT COMPUTING TECHNOLOGY GROUP COMPANY LIMITED (A #300442)
77443,"JINLEI TECHNOLOGY CO., LTD. (A #300443)"
77444,"BEIJING SOJO ELECTRIC CO., LTD. (A #300444)"
77446,"AEROSPACE INTELLIGENT MANUFACTURING TECHNOLOGY CO.,LTD. (A #300446)"
77447,"NANJING QUANXIN CABLE TECHNOLOGY CO.,LTD. (A #300447)"
77448,"HAOYUN TECHNOLOGIES CO.,LTD (A #300448)"
77450,"WUXI LEAD INTELLIGENT EQUIPMENT CO.,LTD (A #300450)"
77451,"B-SOFT CO.,LTD (A #300451)"
77454,SANGFOR TECHNOLOGIES INC. (A #300454)
77455,"BEIJING AEROSPACE SHENZHOU INTELLIGENT EQUIPMENT TECHNOLOGY CO., LTD(A #300455)"
77456,SAI MICROELECTRONICS INC. (A #300456)
77457,"SHENZHEN YINGHE TECHNOLOGY CO.,LTD (A #300457)"
77458,"ALLWINNER TECHNOLOGY CO., LTD. (A #300458)"
77459,"ZHEJIANG JINKE TOM CULTURE INDUSTRY CO., LTD. (A #300459)"
77461,"TANAC AUTOMATION CO., LTD. (A #300461)"
77463,"MACCURA BIOTECHNOLOGY CO., LTD. (A #300463)"
77465,"GLOBAL INFOTECH CO.,LTD. (A #300465)"
77466,"SAIMO TECHNOLOGY CO.,LTD. (A #300466)"
77467,"SICHUAN XUNYOU NETWORK TECHNOLOGY CO.,LTD (A #300467)"
77468,"SHENZHEN FORMS SYNTRON INFORMAITON CO., LTD (A #300468)"
77469,TRANSPORTATION TELECOMMUNICATION & INFORMATION DEV INC.LTD.ZJ (A #300469)
77470,"SINOSEAL HOLDING CO.,LTD. (A #300470)"
77471,"HOUPU CLEAN ENERGY GROUP CO., LTD. (A #300471)"
77473,"FUXIN DARE AUTOMOTIVE PARTS CO., LTD. (A #300473)"
77474,"CHANGSHA JINGJIA MICROELECTRONICS CO.,LTD. (A #300474)"
77475,"SHANNON SEMICONDUCTOR TECHNOLOGY CO., LTD. (A #300475)"
77476,"VICTORY GIANT TECHNOLOGY (HUIZHOU) CO., LTD. (A #300476)"
77477,"HEZONG SCIENCE&TECHNOLOGY CO., LTD (A #300477)"
77480,"GL TECH CO.,LTD (A #300480)"
77481,"PUYANG HUICHENG ELECTRONIC MATERIAL CO., LTD. (A #300481)"
77482,"GUANGZHOU WONDFO BIOTECH CO.,LTD (A #300482)"
77483,"SINO PRIMA GAS TECHNOLOGY CO., LTD. (A #300483)"
77484,"SHENZHEN V&T TECHNOLOGIES CO., LTD. (A #300484)"
77485,"BEIJING SCIENCE SUN PHARMACEUTICAL CO.,LTD. (A #300485)"
77486,"OMH SCIENCE GROUP CO., LTD (A #300486)"
77487,"SUNRESIN NEW MATERIALS CO.,LTD, XI""AN (A #300487)"
77488,"EST TOOLS CO., LTD. (A #300488)"
77489,"OPTICS TECHNOLOGY HOLDING CO.,LTD (A #300489)"
77490,"HNAC TECHNOLOGY CO.,LTD. (A #300490)"
77492,"HUATU CENDES CO., LTD. (A #300492)"
77493,"SHANGHAI FORTUNE TECHGROUP CO.,LTD. (A #300493)"
77494,"HUBEI CENTURY NETWORK TECHNOLOGY CO., LTD. (A #300494)"
77496,"THUNDER SOFTWARE TECHNOLOGY CO., LTD. (A #300496)"
77497,"JIANGXI FUSHINE PHARMACEUTICAL CO.,LTD. (A #300497)"
77498,"WENS FOODSTUFF GROUP CO., LTD. (A #300498)"
77499,"GUANGZHOU GOALAND ENERGY CONSERVATION TECH CO., LTD. (A #300499)"
77502,"EOPTOLINK TECHNOLOGY INC., LTD (A #300502)"
77503,"GUANGZHOU HAOZHI INDUSTRIAL CO.,LTD. (A #300503)"
77504,"SICHUAN TIANYI COMHEART TELECOM CO., LTD. (A #300504)"
77505,"KUNMING CHUAN JIN NUO CHEMICAL CO., LTD. (A #300505)"
77506,"SHENZHEN MINKAVE TECHNOLOGY CO., LTD. (A #300506)"
77507,"JIANGSU OLIVE SENSORS HIGH-TECH CO.,LTD (A #300507)"
77508,"SHANGHAI WEIHONG ELECTRONIC TECHNOLOGY CO., LTD. (A #300508)"
77510,"JILIN JINGUAN ELECTRIC CO.,LTD. (A #300510)"
77511,"SHANGHAI XUERONG BIOTECHNOLOGY CO.,LTD. (A #300511)"
77512,"HANGZHOU ZHONGYA MACHINERY CO., LTD. (A #300512)"
77516,"HUBEI JIUZHIYANG INFRARED SYSTEM CO., LTD (A #300516)"
77518,"GUANGXI XINXUNDA TECHNOLOGY GROUP CO.,LTD. (A #300518)"
77520,"GUOCHUANG SOFTWARE CO.,LTD. (A #300520)"
77523,"BEIJING GLOBAL SAFETY TECHNOLOGY CO., LTD. (A #300523)"
77525,FUJIAN BOSS SOFTWARE CORP. (A #300525)
77527,"CHINA HARZONE INDUSTRY CORP., LTD (A #300527)"
77528,OMNIJOI MEDIA CORPORATION (A #300528)
77529,"JAFRON BIOMEDICAL CO.,LTD. (A #300529)"
77530,"HUNAN LEAD POWER TECHNOLOGY GROUP CO., LTD. (A #300530)"
77531,"UROVO TECHNOLOGY CO., LTD. (A #300531)"
77532,"NEW TREND INTERNATIONAL LOGIS-TECH CO.,LTD. (A #300532)"
77533,"SHENZHEN BINGCHUAN NETWORK CO.,LTD. (A #300533)"
77537,"JIANGSU KUANGSHUN PHOTOSENSITIVITY NEW-MATERIAL STOCK CO., LTD. (A #300537)"
77539,"NINGBO HENGHE PRECISION INDUSTRY CO.,LTD. (A #300539)"
77540,"SICHUAN SHUDAO EQUIPMENT &TECHNOLOGY CO.,LTD. (A #300540)"
77541,"BEIJING ADVANCED DIGITAL TECHNOLOGY CO.,LTD. (A #300541)"
77542,"BRILLIANCE TECHNOLOGY CO., LTD. (A #300542)"
77545,"SHENZHEN LIANDE AUTOMATIC EQUIPMENT CO.,LTD (A #300545)"
77546,SHENZHEN EMPEROR TECHNOLOGY COMPANY LIMITED (A #300546)
77547,"SICHUAN CHUANHUAN TECHNOLOGY CO., LTD. (A #300547)"
77548,"EVERPROX TECHNOLOGIES CO.,LTD. (A #300548)"
77551,"SHANGHAI GUAO ELECTRONIC TECHNOLOGY CO., LTD. (A #300551)"
77552,"VANJEE TECHNOLOGY CO., LTD. (A #300552)"
77558,"BETTA PHARMACEUTICALS CO.,LTD (A #300558)"
77559,"CHENGDU JIAFAANTAI EDUCATION TECHNOLOGY CO.,LTD. (A #300559)"
77561,"SGSG SCIENCE&TECHNOLOGY CO., LTD. ZHUHAI (A #300561)"
77563,SHENYU COMMUNICATION TECHNOLOGY INC. (A #300563)
77565,"SHENZHEN KEXIN COMMUNICATION TECHNOLOGY CO., LTD (A #300565)"
77566,"NINGBO EXCITON TECHNOLOGY CO., LTD. (A #300566)"
77567,"WUHAN JINGCE ELECTRONIC GROUP CO.,LTD (A #300567)"
77568,"SHENZHEN SENIOR TECHNOLOGY MATERIAL CO., LTD. (A #300568)"
77569,"QINGDAO TIANNENG HEAVY INDUSTRIES CO.,LTD (A #300569)"
77570,"T&S COMMUNICATIONS CO.,LTD (A #300570)"
77571,"HANGZHOU ANYSOFT INFORMATION TECHNOLOGY CO., LTD. (A #300571)"
77572,"SHENZHEN ANCHE TECHNOLOGIES CO., LTD. (A #300572)"
77573,"SHENYANG XINGQI PHARMACEUTICAL CO., LTD. (A #300573)"
77575,"JIANGSU FLAG CHEMICAL INDUSTRY CO.,LTD. (A #300575)"
77576,"SHENZHEN RONGDA PHOTOSENSITIVE & TECHNOLOGY CO., LTD. (A #300576)"
77577,"ANHUI KORRUN CO.,LTD (A #300577)"
77579,"BEIJING CERTIFICATE AUTHORITY CO., LTD. (A #300579)"
77580,"BEST PRECISION MACHINERY CO., LTD. (A #300580)"
77581,"XI""AN CHENXI AVIATION TECHNOLOGY CORP.,LTD. (A #300581)"
77584,"NANJING HICIN PHARMACEUTICAL CO.,LTD. (A #300584)"
77586,"MALION NEW MATERIALS CO., LTD. (A #300586)"
77587,"ZHEJIANG TIANTIE SCIENCE & TECHNOLOGY CO.,LTD. (A #300587)"
77589,"JIANGLONG SHIPBUILDING CO.,LTD (A #300589)"
77590,"QUECLINK WIRELESS SOLUTIONS CO., LTD. (A #300590)"
77592,"HUAKAI YIBAI TECHNOLOGY CO.,LTD. (A #300592)"
77593,"BEIJING RELPOW TECHNOLOGY CO., LTD (A #300593)"
77595,OVCTEK CHINA INC (A #300595)
77596,RIANLON CORPORATION (A #300596)
77598,"ARCHERMIND TECHNOLOGY CO.,LTD. (A #300598)"
77601,"SHENZHEN KANGTAI BIOLOGICAL PRODUCTS CO.,LTD. (A #300601)"
77602,"SHENZHEN FRD SCIENCE & TECHNOLOGY CO., LTD. (A #300602)"
77603,"LEON TECHNOLOGY CO.,LTD. (A #300603)"
77604,"HANGZHOU CHANG CHUAN TECHNOLOGY CO.,LTD. (A #300604)"
77607,"GUANGDONG TOPSTAR TECHNOLOGY CO.,LTD (A #300607)"
77611,"ZHEJIANG MEILI HIGH TECHNOLOGY CO.,LTD. (A #300611)"
77613,"SHANGHAI FULLHAN MICROELECTRONICS CO., LTD. (A #300613)"
77616,"GUANGZHOU SHANGPIN HOME COLLECTION CO., LTD (A #300616)"
77617,"JIANGSU AUKURA INTELLIGENT POWER CO., LTD. (A #300617)"
77618,"NANJING HANRUI COBALT CO.,LTD. (A #300618)"
77619,"FOSHAN GOLDEN MILKY WAY INTELLIGENT EQUIPMENT CO., LTD. (A #300619)"
77620,"ADVANCED FIBER RESOURCES (ZHUHAI), LTD. (A #300620)"
77622,"DOCTORGLASSES CHAIN CO., LTD (A #300622)"
77623,"JIANGSU JIEJIE MICROELECTRONICS CO.,LTD. (A #300623)"
77624,"WONDERSHARE TECHNOLOGY GROUP CO.,LTD (A #300624)"
77627,SHANGHAI HUACE NAVIGATION TECHNOLOGY LTD. (A #300627)
77628,"YEALINK (XIAMEN) NETWORK TECHNOLOGY CO., LTD (A #300628)"
77629,"GUANGDONG KINGSTRONG TECHNOLOGY CO.,LTD. (A #300629)"
77632,"XIAMEN GUANGPU ELECTRONICS CO.,LTD. (A #300632)"
77633,SONOSCAPE MEDICAL CORP. (A #300633)
77634,"RICHINFO TECHNOLOGY CO., LTD. (A #300634)"
77636,"JIANGXI SYNERGY PHARMACEUTICAL CO.,LTD. (A #300636)"
77638,FIBOCOM WIRELESS INC. (A #300638)
77639,"GUANGDONG HYBRIBIO BIOTECH CO.,LTD. (A #300639)"
77641,"JIANGSU ZHENGDAN CHEMICAL INDUSTRY CO., LTD. (A #300641)"
77643,"HAMATON AUTOMOTIVE TECHNOLOGY CO.,LTD. (A #300643)"
77648,"FUJIAN NEBULA ELECTRONICS CO.,LTD. (A #300648)"
77652,"HANGZHOU RADICAL ENERGY SAVING TECHNOLOGY CO., LTD. (A #300652)"
77653,"YANTAI ZHENGHAI BIO-TECH CO., LTD. (A #300653)"
77655,"CRYSTAL CLEAR ELECTRONIC MATERIAL CO., LTD. (A #300655)"
77656,SHENZHEN MINDE ELECTRONICS TECHNOLOGY LTD. (A #300656)
77657,XIAMEN HONGXIN ELECTRONICS TECHNOLOGY GROUP INC. (A #300657)
77658,"XIAMEN YANJAN NEW MATERIAL CO., LTD. (A #300658)"
77659,ZHONGFU INFORMATION INC. (A #300659)
77660,JIANGSU LEILI MOTOR CORPORATION LIMITED (A #300660)
77661,SG MICRO CORP (A #300661)
77662,"BEIJING CAREER INTERNATIONAL CO., LTD. (A #300662)"
77663,"CLIENT SERVICE INTERNATIONAL, INC. (A #300663)"
77664,"PENYAO ENVIRONMENTAL PROTECTION CO., LTD. (A #300664)"
77666,"KONFOONG MATERIALS INTERNATIONAL CO., LTD. (A #300666)"
77669,"HANGZHOU HUNING ELEVATOR PARTS CO., LTD. (A #300669)"
77671,"FUMAN MICROELECTRONICS GROUP CO., LTD. (A #300671)"
77672,"HUNAN GOKE MICROELECTRONICS CO., LTD. (A #300672)"
77673,"PETPAL PET NUTRITION TECHNOLOGY CO., LTD. (A #300673)"
77674,"YUSYS TECHNOLOGIES CO., LTD. (A #300674)"
77676,"BGI GENOMICS CO., LTD. (A #300676)"
77677,"INTCO MEDICAL TECHNOLOGY CO., LTD. (A #300677)"
77678,"CHENGDU INFORMATION TECHNOLOGY OF CHI ACADEMY OF SCI CO., LTD. (A #300678)"
77679,"ELECTRIC CONNECTOR TECHNOLOGY CO., LTD. (A #300679)"
77680,"WUXI LONGSHENG TECHNOLOGY CO., LTD (A #300680)"
77681,"ZHUHAI ENPOWER ELECTRIC CO.,LTD. (A #300681)"
77682,"LONGSHINE TECHNOLOGY GROUP CO., LTD. (A #300682)"
77683,"WUHAN HITECK BIOLOGICAL PHARMA CO.,LTD (A #300683)"
77684,JONES TECH PLC (A #300684)
77685,"AMOY DIAGNOSTICS CO.,LTD. (A #300685)"
77687,"GUANGZHOU SIE CONSULTING CO., LTD. (A #300687)"
77688,DARK HORSE TECHNOLOGY GROUP CO. LTD (A #300688)
77689,"SHENZHEN CHENGTIAN WEIYE TECHNOLOGY CO.,LTD. (A #300689)"
77690,"SHANDONG SHUANGYI TECHNOLOGY CO., LTD. (A #300690)"
77691,"UNION OPTECH CO., LTD. (A #300691)"
77693,"SHENZHEN SINEXCEL ELECTRIC CO.,LTD (A #300693)"
77695,"ZHEJIANG ZHAOFENG MECHANICAL AND ELECTRONIC CO.,LTD. (A #300695)"
77696,CHENGDU ALD AVIATION MANUFACTURING CORPORATION. (A #300696)
77697,"JIANGYIN ELECTRICAL ALLOY CO., LTD. (A #300697)"
77698,"WANMA TECHNOLOGY CO., LTD. (A #300698)"
77699,"WEIHAI GUANGWEI COMPOSITES CO., LTD. (A #300699)"
77700,"CHANGSHA DIALINE NEW MATERIAL SCI.&TECH. CO., LTD. (A #300700)"
77702,"ZHEJIANG TIANYU PHARMACEUTICAL CO., LTD. (A #300702)"
77703,"CRE8 DIRECT (NINGBO) CO., LTD. (A #300703)"
77705,"HUNAN JIUDIAN PHARMACEUTICAL CO.,LTD (A #300705)"
77706,"FUJIAN ACETRON NEW MATERIALS CO., LTD. (A #300706)"
77708,"FOCUS LIGHTINGS TECH CO.,LTD. (A #300708)"
77709,"JIANGSU GIAN TECHNOLOGY CO., LTD. (A #300709)"
77711,"GHT CO.,LTD (A #300711)"
77712,"FUJIAN YONGFU POWER ENGINEERING CO.,LTD. (A #300712)"
77715,"JIANGSU CANLON BUILDING MATERIALS CO., LTD. (A #300715)"
77718,"ZHEJIANG CHANGSHENG SLIDING BEARINGS CO.,LTD. (A #300718)"
77720,"GUANG DONG HIGH DREAM INTELLECTUALIZED MACHINERY CO., LTD. (A #300720)"
77722,"JIANGXI XINYU GUOKE TECHNOLOGY CO., LTD. (A #300722)"
77723,"APICHOPE PHARMACEUTICAL GROUP CO.,LTD (A #300723)"
77724,SHENZHEN S.C NEW ENERGY TECHNOLOGY CORPORATION (A #300724)
77725,"PHARMABLOCK SCIENCES (NANJING), INC. (A #300725)"
77726,"ZHUZHOU HONGDA ELECTRONICS CORP., LTD. (A #300726)"
77727,"NINGBO RUNHE HIGH-TECH MATERIALS CO., LTD. (A #300727)"
77729,LOCTEK ERGONOMIC TECHNOLOGY CORP. (A #300729)
77731,"SHENZHEN COTRAN NEW MATERIAL CO.,LTD (A #300731)"
77733,CHENGDU XILING POWER SCI & TECH INCORPORATED COMPANY (A #300733)
77735,"DBG TECHNOLOGY CO., LTD. (A #300735)"
77737,"KESHUN WATERPROOF TECHNOLGIES CO., LTD. (A #300737)"
77738,"GUANGDONG AOFEI DATA TECHNOLOGY CO., LTD. (A #300738)"
77739,"SUNSHINE GLOBAL CIRCUITS CO., LTD. (A #300739)"
77740,"SYOUNG GROUP CO., LTD. (A #300740)"
77741,"HUABAO TECHNOLOGY CO., LTD. (A #300741)"
77745,"SHINRY TECHNOLOGIES CO.,LTD. (A #300745)"
77747,"WUHAN RAYCUS FIBER LASER TECHNOLOGIES CO., LTD. (A #300747)"
77748,"JL MAG RARE-EARTH CO., LTD. (A #300748)"
77750,"CONTEMPORARY AMPEREX TECHNOLOGY CO., LIMITED (A #300750)"
77751,"SUZHOU MAXWELL TECHNOLOGIES CO., LTD. (A #300751)"
77755,"VATS LIQUOR CHAIN STORE MANAGEMENT JOINT STOCK CO.,LTD. (A #300755)"
77756,GUANGDONG JINMA ENTERTAINMENT CORPORATION LIMITED (A #300756)
77757,"ROBOTECHNIK INTELLIGENT TECHNOLOGY CO., LTD (A #300757)"
77758,"ANSHAN HIFICHEM CO.,LTD. (A #300758)"
77759,"PHARMARON BEIJING CO., LTD. (A #300759)"
77760,"SHENZHEN MINDRAY BIO-MEDICAL ELECTRONICS CO., LTD. (A #300760)"
77761,"JIANGSU LIHUA FOODS GROUP CO., LTD. (A #300761)"
77762,"JUSHRI TECHNOLOGIES, INC. (A #300762)"
77763,"GINLONG TECHNOLOGIES CO., LTD. (A #300763)"
77765,"CSPC INNOVATION PHARMACEUTICAL CO.,LTD. (A #300765)"
77766,"MERIT INTERACTIVE CO.,LTD. (A #300766)"
77767,"QUAKESAFE TECHNOLOGIES CO.,LTD. (A #300767)"
77768,"HANGZHOU DPTECH TECHNOLOGIES CO.,LTD. (A #300768)"
77769,"SHENZHEN DYNANONIC CO.,LTD. (A #300769)"
77770,"GUANGDONG SOUTH NEW MEDIA CO.,LTD (A #300770)"
77771,"SHENZHEN ZHILAI SCI AND TECH CO., LTD. (A #300771)"
77772,"WINDEY ENERGY TECHNOLOGY GROUP CO.,LTD. (A #300772)"
77773,"LAKALA PAYMENT CO., LTD. (A #300773)"
77774,"BGT GROUP CO., LTD. (A #300774)"
77775,"XI'AN TRIANGLE DEFENSE CO.,LTD. (A #300775)"
77776,"WUHAN DR LASER TECHNOLOGY CORP.,LTD (A #300776)"
77777,"SINOFIBERS TECHNOLOGY CO.,LTD. (A #300777)"
77779,"QINGDAO HUICHENG ENVIRONMENTAL TECHNOLOGY GROUP CO., LTD. (A #300779)"
77781,"GUANGDONG INSIGHT BRAND MARKETING GROUP CO., LTD. (A #300781)"
77782,MAXSCEND MICROELECTRONICS COMPANY LIMITED (A #300782)
77783,THREE SQUIRRELS INC. (A #300783)
77785,"BEIJING ZHIDEMAI TECHNOLOGY CO., LTD. (A #300785)"
77788,CITIC PRESS CORPORATION (A #300788)
77790,"DONGGUAN YUTONG OPTICAL TECHNOLOGY CO.,LTD. (A #300790)"
77791,"SIRIO PHARMA CO., LTD. (A #300791)"
77792,HANGZHOU ONECHANCE TECH CORP. (A #300792)
77793,"COSONIC INTELLIGENT TECHNOLOGIES CO., LTD. (A #300793)"
77795,ZHEJIANG MEORIENT COMMERCE&EXHIBITION INC. (A #300795)
77796,"BSM CHEMICAL CO., LTD. (A #300796)"
77797,"NCS TESTING TECHNOLOGY CO., LTD. (A #300797)"
77801,"SHANDONG TAIHE TECHNOLOGIES CO.,LTD. (A #300801)"
77802,"JUTZE INTELLIGENT TECHNOLOGY CO., LTD. (A #300802)"
77803,"BEIJING COMPASS TECHNOLOGY DEVELOPMENT CO., LTD. (A #300803)"
77805,"GUANGDONG BRANDMAX MARKETING CO.,LTD. (A #300805)"
77806,"JIANGSU SIDIKE NEW MATERIALS SCIENCE & TECHNOLOGY CO., LTD. (A #300806)"
77809,"HIECISE PRECISION EQUIPMENT CO.,LTD. (A #300809)"
77810,"BEIJING ZHONGKEHAIXUN DIGITAL S&T CO.,LTD. (A #300810)"
77811,"POCO HOLDING CO., LTD. (A #300811)"
77814,SHEN ZHEN JOVE ENTERPRISE LIMITED (A #300814)
77815,"EIT ENVIRONMENTAL DEVELOPMENT GROUP CO.,LTD (A #300815)"
77816,"ACTBLUE CO., LTD. (A #300816)"
77818,"NAIPU MINING MACHINERY CO.,LTD (A #300818)"
77819,"JIANGSU JUJIE MICROFIBER TECHNOLOGY GROUP CO., LTD. (A #300819)"
77820,"SICHUAN INJET ELECTRIC CO., LTD. (A #300820)"
77821,"SHANDONG DONGYUE SILICONE MATERIAL CO.,LTD. (A #300821)"
77822,"SHENZHEN BESTEK TECHNOLOGY CO.,LTD (A #300822)"
77825,"IAT AUTOMOBILE TECHNOLOGY CO., LTD. (A #300825)"
77827,"SINENG ELECTRIC CO.,LTD. (A #300827)"
77829,"HENAN JINDAN LACTIC ACID TECHNOLOGY CO., LTD (A #300829)"
77830,"JINXIANDAI INFORMATION INDUSTRY CO.,LTD. (A #300830)"
77832,"SHENZHEN NEW INDUSTRIES BIOMEDICAL ENGINEERING CO., LTD. (A #300832)"
77833,"GUANGZHOU HAOYANG ELECTRONIC CO.,LTD. (A #300833)"
77834,"RASTAR ENVIRONMENTAL PROTECTION MATERIALS CO.,LTD. (A #300834)"
77835,"SINOMAG TECHNOLOGY CO., LTD. (A #300835)"
77836,"KUNSHAN TOPA INTELLIGENT EQUIPMENT CO.,LTD. (A #300836)"
77840,"QINGDAO KUTESMART CO.,LTD. (A #300840)"
77841,"CHENGDU KANGHUA BIOLOGICAL PRODUCTS CO., LTD. (A #300841)"
77842,"WUXI DK ELECTRONIC MATERIALS CO.,LTD. (A #300842)"
77843,"SHENGLAN TECHNOLOGY CO., LTD. (A #300843)"
77846,"CAPITALONLINE DATA SERVICE CO.,LTD. (A #300846)"
77847,"HG TECHNOLOGIES CO., LTD. (A #300847)"
77848,"MIRACLL CHEMICALS CO.,LTD. (A #300848)"
77850,"LUOYANG XINQIANGLIAN SLEWING BEARING CO.,LTD. (A #300850)"
77852,"SIHUI FUJI ELECTRONICS TECHNOLOGY CO., LTD. (A #300852)"
77855,"JIANGSU TOLAND ALLOY CO.,LTD (A #300855)"
77856,"NANJING COSMOS CHEMICAL CO., LTD. (A #300856)"
77857,"SHARETRONIC DATA TECHNOLOGY CO.,LTD. (A #300857)"
77858,"BEIJING SCITOP BIO-TECH CO., LTD. (A #300858)"
77859,"WESTERN REGIONS TOURISM DEVELOPMENT CO.,LTD. (A #300859)"
77860,"FUNSHINE CULTURE GROUP CO.,LTD. (A #300860)"
77861,"YANGLING METRON NEW MATERIAL CO., LTD. (A #300861)"
77863,"NINGBO KBE ELECTRICAL TECHNOLOGY CO.,LTD (A #300863)"
77866,"ANKER INNOVATIONS TECHNOLOGY CO., LTD (A #300866)"
77867,"SHENGYUAN ENVIRONMENTAL PROTECTION CO.,LTD. (A #300867)"
77868,"SHENZHEN JAME TECHNOLOGY CORP., LTD. (A #300868)"
77869,"CONTEC MEDICAL SYSTEMS CO., LTD. (A #300869)"
77870,"SHENZHEN HONOR ELECTRONIC CO.,LTD (A #300870)"
77872,"TANSUN TECHNOLOGY CO.,LTD. (A #300872)"
77873,"HICHAIN LOGISTICS CO.,LTD. (A #300873)"
77879,"NINGBO DAYE GARDEN MACHINERY CO., LTD. (A #300879)"
77882,"ZHEJIANG WELLSUN INTELLIGENT TECHNOLOGY CO.,LTD. (A #300882)"
77885,"YANGZHOU SEASHINE NEW MATERIALS CO.,LTD. (A #300885)"
77887,"PONY TESTING INTERNATIONAL GROUP CO., LTD. (A #300887)"
77888,"WINNER MEDICAL CO., LTD. (A #300888)"
77889,"SHENZHEN EXC-LED TECHNOLOGY CO.,LTD (A #300889)"
77891,"GUANGDONG HUIYUN TITANIUM INDUSTRY CO., LTD. (A #300891)"
77893,"ZHEJIANG SONGYUAN AUTOMOTIVE SAFETY SYSTEMS CO.,LTD. (A #300893)"
77894,"MARSSENGER KITCHENWARE CO., LTD. (A #300894)"
77895,"BEIJING TOPNEW INFO&TECH CO., LTD. (A #300895)"
77896,"IMEIK TECHNOLOGY DEVELOPMENT CO.,LTD. (A #300896)"
77900,"GUANGLIAN AVIATION INDUSTRY CO., LTD. (A #300900)"
77903,"GUANGDONG KINGSHINE ELECTRONIC TECHNOLOGY CO.,LTD. (A #300903)"
77904,"YINCHUAN WEILI TRANSMISSION TECHNOLOGY CO., LTD. (A #300904)"
77905,"POLY PLASTIC MASTERBATCH (SUZHOU) CO., LTD (A #300905)"
77909,"SHENZHEN HUI CHUANG DA TECHNOLOGY CO., LTD. (A #300909)"
77910,"XINXIANG RICHFUL LUBE ADDITIVE CO., LTD. (A #300910)"
77911,"ZHEJIANG ENTIVE SMART KITCHEN APPLIANCE CO., LTD. (A #300911)"
77913,"ZHEJIANG ZHAOLONG INTERCONNECT TECHNOLOGY CO., LTD. (A #300913)"
77916,"SHENZHEN LONGTECH SMART CONTROL CO., LTD. (A #300916)"
77917,"SHENZHEN SDG SERVICE CO., LTD. (A #300917)"
77918,"SHANDONG NANSHAN FASHION SCI-TECH CO.,LTD (A #300918)"
77919,"CNGR ADVANCED MATERIAL CO.,LTD. (A #300919)"
77925,"SHENZHEN FARBEN INFORMATION TECHNOLOGY CO.,LTD. (A #300925)"
77926,"JIANGSU BOJUN INDUSTRIAL TECHNOLOGY CO., LTD (A #300926)"
77938,"EMTEK (SHENZHEN) CO., LTD. (A #300938)"
77940,"SHEN ZHEN AUSTRALIS ELECTRONIC TECHNOLOGY CO.,LTD. (A #300940)"
77941,"CHASE SCIENCE CO.,LTD (A #300941)"
77942,"SHENZHEN BIOEASY BIOTECHNOLOGY CO., LTD. (A #300942)"
77943,"ZHEJIANG CHUNHUI INTELLIGENT CONTROL CO.,LTD. (A #300943)"
77945,"MCLON JEWELLERY CO.,LTD. (A #300945)"
77946,"HENGERDA NEW MATERIALS (FUJIAN) CO., LTD. (A #300946)"
77951,"SHENZHEN BSC TECHNOLOGY CO.,LTD. (A #300951)"
77952,"JIANGSU HANVO SAFETY PRODUCT CO., LTD. (A #300952)"
77953,"NINGBO ZHENYU TECHNOLOGY CO., LTD. (A #300953)"
77957,"YUNNAN BOTANEE BIO-TECHNOLOGY GROUP CO.,LTD. (A #300957)"
77959,"WUXI ONLINE OFFLINE COMMUNICATION INFORMATION TECH CO., LTD. (A #300959)"
77963,"SHANGHAI ZHONGZHOU SPECIAL ALLOY MATERIALS CO., LTD. (A #300963)"
77964,"JIANGSU ALLFAVOR INTELLIGENT CIRCUITS TECHNOLOGY CO., LTD. (A #300964)"
77968,"GUANGDONG GREEN PRECISION COMPONENTS CO., LTD. (A #300968)"
77969,"NINGBO HENGSHUAI CO., LTD. (A #300969)"
77972,"FUJIAN WANCHEN FOOD GROUP CO.,LTD. (A #300972)"
77973,LIGAO FOODS CO.LTD (A #300973)
77975,NANJING SUNLORD ELECTRONICS CORPORATION LTD. (A #300975)
77976,"DONGGUAN TARRY ELECTRONICS CO., LTD. (A #300976)"
77978,"WINBO-DONGJIAN AUTOMOTIVE TECHNOLOGY CO., LTD. (A #300978)"
77979,HUALI INDUSTRIAL GROUP COMPANY LIMITED (A #300979)
77981,"ZHONGHONG PULIN MEDICAL PRODUCTS CO., LTD. (A #300981)"
77982,"SUWEN ELECTRIC ENERGY TECHNOLOGY CO.,LTD. (A #300982)"
77983,"SHANGHAI URBAN ARCHITECTURE DESIGN CO.,LTD. (A #300983)"
77984,"ZHEJIANG JW PRECISION MACHINERY CO.,LTD. (A #300984)"
77986,JIANGXI GETO NEW MATERIALS CORPORATION LIMITED (A #300986)
77990,"SANHE TONGFEI REFRIGERATION CO.,LTD. (A #300990)"
77991,"SHENZHEN CHUANGYITONG TECHNOLOGY CO., LTD. (A #300991)"
77996,PANSOFT COMPANY LIMITED (A #300996)
77997,"HUANLEJIA FOOD GROUP CO., LTD. (A #300997)"
77999,"YIHAI KERRY ARAWANA HOLDINGS CO., LTD (A #300999)"
78000,"SHANGHAI HAJIME ADVANCED MATERIAL TECHNOLOGY CO., LTD. (A #301000)"
78002,"SHENZHEN SOSEN ELECTRONICS CO.,LTD. (A #301002)"
78004,"ZHEJIANG CAYI VACUUM CONTAINER CO., LTD. (A #301004)"
78005,"ESSENCE FASTENING SYSTEMS (SHANGHAI) CO., LTD. (A #301005)"
78007,"DALIAN DEMAISHI PRECISION TECHNOLOGY CO., LTD. (A #301007)"
78012,JIANGSU YANGDIAN SCIENCE & TECHNOLOGY CO. LTD. (A #301012)
78013,"SHENZHEN LIHEXING CO.,LTD. (A #301013)"
78015,QINGDAO BAHEAL MEDICAL INC. (A #301015)
78016,"NANJING RAILWAY NEW TECHNOLOGY CO.,LTD. (A #301016)"
78017,"SHUYU CIVILIAN PHARMACY CORP.,LTD. (A #301017)"
78018,"GUANGDONG SHENLING ENVIRONMENTAL SYSTEMS CO., LTD. (A #301018)"
78021,INNO LASER TECHNOLOGY CORPORATION LIMITED. (A #301021)
78028,"XIAMEN DINGRONGYAN TECHNOLOGY CO., LTD. (A #301028)"
78029,"DONGGUAN YIHEDA AUTOMATION CO., LTD. (A #301029)"
78030,"SUZHOU SHIJING ENVIRONMENTAL TECHNOLOGY CO.,LTD (A #301030)"
78031,"XI""AN SINOFUSE ELECTRIC CO., LTD. (A #301031)"
78035,"SHANDONG WEIFANG RAINBOW CHEMICAL CO., LTD (A #301035)"
78038,"SHENZHEN WATER PLANNING & DESIGN INSTITUTE CO., LTD. (A #301038)"
78039,"CIMC VEHICLES (GROUP) CO., LTD. (A #301039)"
78042,"ZHUHAI RAYSHARP TECHNOLOGY CO., LTD. (A #301042)"
78046,"SHANGHAI NENGHUI TECHNOLOGY CO.,LTD. (A #301046)"
78047,SINO BIOLOGICAL INC. (A #301047)
78048,"GEMAC ENGINEERING MACHINERY CO.,LTD. (A #301048)"
78050,"CHENGDU RML TECHNOLOGY CO., LTD. (A #301050)"
78051,"SHENZHEN XINHAO PHOTOELECTRICITY TECHNOLOGY CO., LTD (A #301051)"
78052,"GUOMAI CULTURE & MEDIA CO., LTD. (A #301052)"
78058,"COFCO TECHNOLOGY & INDUSTRY CO., LTD (A #301058)"
78060,"SHANGHAI LABWAY CLINICAL LABORATORY CO.,LTD. (A #301060)"
78061,MOTOMOTION CHINA CORPORATION (A #301061)
78069,"SHANDONG KAISHENG NEW MATERIALS CO.,LTD. (A #301069)"
78070,"KALE ENVIRONMENT TECHNOLOGY (SHANGHAI) CO., LTD. (A #301070)"
78071,"HENAN LILIANG DIAMOND CO., LTD. (A #301071)"
78073,"SSAW HOTELS & RESORTS GROUP CO.,LTD. (A #301073)"
78075,"TIBET DUO RUI PHARMACEUTICAL CO., LTD. (A #301075)"
78076,"SINO-HIGH (CHINA) CO.,LTD (A #301076)"
78077,"ZHEJIANG CHINASTARS NEW MATERIALS GROUP CO., LTD. (A #301077)"
78078,"KIDSWANT CHILDREN PRODUCTS CO.,LTD. (A #301078)"
78080,"ACROBIOSYSTEMS CO.,LTD. (A #301080)"
78085,"BEIJING ASIACOM INFORMATION TECHNOLOGY CO., LTD. (A #301085)"
78086,SHENZHEN HONGFUHAN TECHNOLOGY CO. LTD. (A #301086)
78087,"COFOE MEDICAL TECHNOLOGY CO.,LTD. (A #301087)"
78089,"TUOXIN PHARMACEUTICAL GROUP CO.,LTD. (A #301089)"
78090,"CHINA RESOURCES CHEMICAL INNOVATIVE MATERIALS CO., LTD. (A #301090)"
78091,"SHENZHEN URBAN TRANSPORT PLANNING CENTER CO., LTD. (A #301091)"
78092,"ZHEJIANG ZHENGGUANG INDUSTRIAL CO., LTD. (A #301092)"
78093,"JIANGSU HUALAN NEW PHARMACEUTICAL MATERIAL CO., LTD. (A #301093)"
78095,SEMITRONIX CORPORATION (A #301095)
78096,"HANGZHOU BIO-SINCERITY PHARMA-TECH CO.,LTD. (A #301096)"
78099,"SHANGHAI YCT ELECTRONICS GROUP CO.,LTD (A #301099)"
78101,"MINGYUE OPTICAL LENS CO.,LTD. (A #301101)"
78102,"MEGA-INFO MEDIA CO.,LTD. (A #301102)"
78103,"LIAONING HE EYE HOSPITAL GROUP CO., LTD. (A #301103)"
78109,"HUNAN JUNXIN ENVIRONMENTAL PROTECTION CO., LTD. (A #301109)"
78110,"QINGMU TEC CO., LTD. (A #301110)"
78116,"JIANGSU YIKE FOOD GROUP CO.,LTD (A #301116)"
78117,"JIAYUAN SCIENCE AND TECHNOLOGY CO.,LTD. (A #301117)"
78120,"NEWONDER SPECIAL ELECTRIC CO.,LTD (A #301120)"
78122,"CAINA TECHNOLOGY CO., LTD. (A #301122)"
78123,"YD ELECTRONIC TECHNOLOGY CO.,LTD. (A #301123)"
78127,"WUHAN TIANYUAN GROUP CO., LTD. (A #301127)"
78128,"SHENZHEN QIANGRUI PRECISION TECHNOLOGY CO.,LTD. (A #301128)"
78129,"RUNA SMART EQUIPMENT CO.,LTD. (A #301129)"
78132,"JI'AN MANKUN TECHNOLOGY CO.,LTD. (A #301132)"
78137,"HIT WELDING INDUSTRY CO.,LTD. (A #301137)"
78141,"ZHEJIANG ZHONGKE MAGNETIC INDUSTRY CO., LTD. (A #301141)"
78148,"XIAMEN JIARONG TECHNOLOGY CO., LTD. (A #301148)"
78149,"SHANDONG LONGHUA NEW MATERIAL CO.,LTD. (A #301149)"
78150,HUBEI ZHONGYI TECHNOLOGY INC. (A #301150)
78152,"TIANLI LITHIUM ENERGY GROUP CO.,LTD. (A #301152)"
78153,"BEIJING CTJ INFORMATION TECHNOLOGY CO., LTD. (A #301153)"
78155,"JIANGSU HAILI WIND POWER EQUIPMENT TECHNOLOGY CO., LTD. (A #301155)"
78160,"SUZHOU XIANGLOU NEW MATERIAL CO., LTD. (A #301160)"
78162,"STATE POWER RIXIN TECH.CO., LTD. (A #301162)"
78165,"RUIJIE NETWORKS CO., LTD. (A #301165)"
78168,"JIANGSU TONGLING ELECTRIC CO., LTD. (A #301168)"
78171,"EASY CLICK WORLDWIDE NETWORK TECHNOLOGY CO., LTD. (A #301171)"
78172,"SICHUAN JOYOU DIGITAL TECHNOLOGIES CO.,LTD. (A #301172)"
78173,"SHANGHAI MOBITECH TECHNOLOGY CO., LTD. (A #301173)"
78175,BEIJING CHINA SCIENCES RUNYU ENVIRONMENTAL TECH CO LTD (A #301175)
78177,DR CORPORATION LIMITED (A #301177)
78179,"JIANGSU ZEYU INTELLIGENT ELECTRIC POWER CO., LTD. (A #301179)"
78180,"SUZHOU WANXIANG TECHNOLOGY CO.,LTD. (A #301180)"
78182,"HENAN CARVE ELECTRONICS TECHNOLOGY CO.,LTD. (A #301182)"
78183,"HUBEI DOTI MICRO TECHNOLOGY CO.,LTD. (A #301183)"
78187,"SUZHOU ALTON ELECTRICAL & MECHANICAL INDUSTRY CO., LTD. (A #301187)"
78188,"SHANDONG LINUO PHARMACEUTICAL PACKAGING CO.,LTD. (A #301188)"
78189,"SHENZHEN AONI ELECTRONIC CO., LTD. (A #301189)"
78190,"JIUJIANG SHANSHUI TECHNOLOGY CO.,LTD. (A #301190)"
78191,"SHENZHEN PHOENIX TELECOM TECHNOLOGY CO., LTD. (A #301191)"
78195,"NANJING BESTWAY INTELLIGENT CONTROL TECHNOLOGY CO., LTD. (A #301195)"
78196,"XIAMEN VOKE MOLD & PLASTIC ENGINEERING CO., LTD. (A #301196)"
78200,"SHENZHEN HAN'S CNC TECHNOLOGY CO., LTD. (A #301200)"
78201,"CHENGDA PHARMACEUTICALS CO.,LTD. (A #301201)"
78202,"SUZHOU LONGWAY ELECTRONIC MACHINERY CO., LTD (A #301202)"
78205,"LINKTEL TECHNOLOGIES CO., LTD. (A #301205)"
78206,"SHANDONG SANYUAN BIOTECHNOLOGY CO.,LTD (A #301206)"
78207,HUALAN BIOLOGICAL VACCINE INC. (A #301207)
78208,"CHINAETEK SERVICE & TECHNOLOGY CO., LTD. (A #301208)"
78209,"LONGKOU UNION CHEMICAL CO., LTD. (A #301209)"
78210,"WUXI JINYANG PRECISION MANUFACTURING CO., LTD. (A #301210)"
78211,"HUBEI BIOCAUSE HEILEN PHARMACEUTICAL CO., LTD. (A #301211)"
78213,"SICHUAN DISCOVERY DREAM SCIENCE & TECHNOLOGY CO.,LTD. (A #301213)"
78215,"CATARC AUTOMOTIVE PROVING GROUND CO.,LTD. (A #301215)"
78216,"WANKAI NEW MATERIALS CO., LTD (A #301216)"
78217,"ANHUI TONGGUAN COPPER FOIL GROUP CO., LTD. (A #301217)"
78219,"GANZHOU TENGYUAN COBALT NEW MATERIAL CO., LTD. (A #301219)"
78220,"KUNSHAN ASIA AROMA CORP., LTD. (A #301220)"
78221,"WUHAN KOTEI INFORMATICS CO.,LTD. (A #301221)"
78225,"HENGBO HOLDINGS CO., LTD. (A #301225)"
78228,"SEP ANALYTICAL (SHANGHAI) CO., LTD. (A #301228)"
78230,"PHARMARESOURCES (SHANGHAI) CO., LTD. (A #301230)"
78232,"FINEWORK(HUNAN)NEW ENERGY TECHNOLOGY CO.,LTD. (A #301232)"
78235,"WUHAN HUAKANG CENTURY CLEAN TECHNOLOGY CO., LTD. (A #301235)"
78236,"ISOFTSTONE INFORMATION TECHNOLOGY (GROUP) CO., LTD. (A #301236)"
78238,"JIANGSU RUITAI NEW ENERGY MATERIALS CO.,LTD. (A #301238)"
78239,"BRIGHT EYE HOSPITAL GROUP CO., LTD. (A #301239)"
78246,"HUBEI HONGYUAN PHARMACEUTICAL TECHNOLOGY CO.,LTD. (A #301246)"
78248,NEXWISE INTELLIGENCE CHINA LIMITED (A #301248)
78251,"JIANGXI WELGAO ELECTRONICS CO., LTD. (A #301251)"
78252,"ZHEJIANG TONGXING TECHNOLOGY CO., LTD. (A #301252)"
78255,"ZHEJIANG TONGLI TRANSMISSION TECHNOLOGY CO., LTD. (A #301255)"
78256,"HUARONG CHEMICAL CO., LTD. (A #301256)"
78259,"HUNAN AIRBLUER ENVIRONMENTAL PROTECTION TECHNOLOGY CO.,LTD. (A #301259)"
78260,"GREENWORKS (JIANGSU) CO., LTD. (A #301260)"
78261,"HENGONG PRECISION EQUIPMENT CO., LTD. (A #301261)"
78262,"HICON NETWORK TECHNOLOGY (SHANDONG) CO.,LTD. (A #301262)"
78263,"GUANGDONG TAIENKANG PHARMACEUTICAL CO., LTD. (A #301263)"
78265,"HUAXIN RESOURCES TECHNOLOGY CO.,LTD. (A #301265)"
78266,"SUZHOU YOURBEST NEW-TYPE MATERIALS CO.,LTD. (A #301266)"
78267,"HUAXIA EYE HOSPITAL GROUP CO.,LTD. (A #301267)"
78268,"SHENZHEN MINGLIDA PRECISION TECHNOLOGY CO., LTD. (A #301268)"
78269,"EMPYREAN TECHNOLOGY CO., LTD. (A #301269)"
78275,"HANSHOW TECHNOLOGY CO., LTD. (A #301275)"
78277,"NEWLAND PHARMACEUTICAL CO., LTD (A #301277)"
78278,"QC SOLAR (SUZHOU) CO., LTD. (A #301278)"
78280,"ZHEJIANG ZUCH TECHNOLOGY CO.,LTD. (A #301280)"
78282,"CAMELOT ELECTRONICS TECHNOLOGY CO.,LTD. (A #301282)"
78285,HONG RI DA TECHNOLOGY COMPANY LIMITED (A #301285)
78286,"SICHUAN QIAOYUAN GAS CO.,LTD. (A #301286)"
78291,"GUANGDONG MINGYANG ELECTRIC CO., LTD. (A #301291)"
78292,"SHANDONG HI-TECH SPRING MATERIAL TECHNOLOGY CO., LTD. (A #301292)"
78293,SANBO HOSPITAL MANAGEMENT GROUP LIMITED (A #301293)
78296,"SHANDONG NEWJF TECHNOLOGY PACKAGING CO., LTD. (A #301296)"
78297,"FERROTEC (AN HUI) TECHNOLOGY DEVELOPMENT CO., LTD. (A #301297)"
78301,"YILI CHUANNING BIOTECHNOLOGY CO., LTD. (A #301301)"
78302,"BEIJING HUARU TECHNOLOGY CO., LTD. (A #301302)"
78303,ZENNER METERING TECHNOLOGY (SHANGHAI) LTD. (A #301303)
78305,"SHENZHEN LIONS KING HI-TECH CO., LTD (A #301305)"
78306,"XI'AN XICE TESTING TECHNOLOGY CO.,LTD (A #301306)"
78307,CHONGQING MILLISON TECHNOLOGIES INC. (A #301307)
78308,"SHENZHEN LONGSYS ELECTRONICS CO., LTD. (A #301308)"
78310,"WUXI XINHONGYE WIRE&CABLE CO., LTD. (A #301310)"
78311,"KSEC INTELLIGENT TECHNOLOGY CO., LTD. (A #301311)"
78312,"SHENZHEN IN-CUBE AUTOMATION CO., LTD. (A #301312)"
78315,"SHANGHAI WISDOM INFORMATION TECHNOLOGY CO., LTD. (A #301315)"
78316,"HYDSOFT TECHNOLOGY CO.,LTD. (A #301316)"
78317,"XINLEI COMPRESSOR CO., LTD. (A #301317)"
78319,"SHENZHEN VITAL NEW MATERIAL CO.,LTD. (A #301319)"
78322,"GUANGDONG LVTONG NEW ENERGY ELECTRIC VEHICLE TECHNOLOGY CO., LTD. (A #301322)"
78323,"GUANGZHOU NEWLIFE NEW MATERIAL CO., LTD (A #301323)"
78325,"SHENZHEN MANST TECHNOLOGY CO., LTD. (A #301325)"
78326,"J.POND PRECISION TECHNOLOGY CO., LTD. (A #301326)"
78327,"SHENZHEN HELLO TECH ENERGY CO., LTD (A #301327)"
78328,"WCON ELECTRONICS CO.,LTD (A #301328)"
78330,"ZKTECO CO., LTD. (A #301330)"
78332,"GUANGDONG DEERMA TECHNOLOGY CO., LTD. (A #301332)"
78333,"R&G PHARMASTUDIES CO., LTD. (A #301333)"
78338,"GKG PRECISION MACHINE CO.,LTD. (A #301338)"
78339,JIANGSU TONGXINGBAO INTELLIGENT TRANSPORTATION TECH CO LTD (A #301339)
78345,"ZHEJIANG TAOTAO VEHICLES CO. ,LTD. (A #301345)"
78348,"FOSHAN BLUE ROCKET ELECTRONICS CO.,LTD. (A #301348)"
78349,"LIAONING XINDE NEW MATERIAL TECHNOLOGY GROUP CO., LTD. (A #301349)"
78356,"ZHEJIANG TIANZHEN TECHNOLOGY CO., LTD. (A #301356)"
78357,"NORTH LONG DRAGON NEW MATERIALS TECH CO., LTD. (A #301357)"
78358,"HUNAN YUNENG NEW ENERGY BATTERY MATERIAL CO., LTD. (A #301358)"
78362,"UP-SHINE LIGHTING CO., LIMITED (A #301362)"
78363,MEHOW INNOVATIVE LTD. (A #301363)
78365,"MATRIX DESIGN CO., LTD. (A #301365)"
78366,"SHENZHEN EDADOC TECHNOLOGY CO.,LTD. (A #301366)"
78367,"BMC MEDICAL CO., LTD. (A #301367)"
78368,"ZHEJIANG FORE INTELLIGENT TECHNOLOGY CO.,LTD (A #301368)"
78369,"POWERTECH CO., LTD. (A #301369)"
78370,"GKHT MEDICAL TECHNOLOGY CO., LTD. (A #301370)"
78371,"HARBIN FUERJIA TECHNOLOGY CO., LTD. (A #301371)"
78372,"BEIJING SYS SCIENCE & TECHNOLOGY CO., LTD. (A #301372)"
78373,"GUANGZHOU LINGWE TECHNOLOGY CO.,LTD. (A #301373)"
78376,"ZIEL HOME FURNISHING TECHNOLOGY CO., LTD. (A #301376)"
78377,"GUANGDONG DTECH TECHNOLOGY CO., LTD. (A #301377)"
78379,"TECHSHINE ELECTRONICS CO.,LTD. (A #301379)"
78381,"SAILVAN TIMES CO., LTD. (A #301381)"
78382,"FENGZHUSHOU CO., LTD. (A #301382)"
78383,MINAMI ACOUSTICS LIMITED (A #301383)
78387,"SHENZHEN BROMAKE NEW MATERIAL CO., LTD. (A #301387)"
78389,"LONG YOUNG ELECTRONIC (KUNSHAN) CO., LTD. (A #301389)"
78391,COLORLIGHT CLOUD TECH LTD (A #301391)
78392,"GUANGDONG HUICHENG VACUUM TECHNOLOGY CO., LTD. (A #301392)"
78393,"SUZHOU HIGHFINE BIOTECH CO., LTD. (A #301393)"
78396,"GLORYVIEW TECHNOLOGY CO., LTD. (A #301396)"
78397,"CHONGQING SULIAN PLASTIC CO.,LTD. (A #301397)"
78398,"NINGBO SINYUAN ZM TECHNOLOGY CO., LTD. (A #301398)"
78399,"ZHEJIANG EXTEK TECHNOLOGY CO.,LTD. (A #301399)"
78408,"ANHUI HUAREN HEALTH PHARMACEUTICAL CO.,LTD. (A #301408)"
78413,"SHENZHEN AMPRON TECHNOLOGY CO., LTD. (A #301413)"
78418,"JIANGSU XIECHANG ELECTRONIC TECHNOLOGY GROUP CO., LTD. (A #301418)"
78421,"NANJING WAVELENGTH OPTO-ELECTRONIC SCIENCE & TECH CO.,LTD. (A #301421)"
78439,"WEIHAI HONGLIN ELECTRONIC CO., LTD. (A #301439)"
78449,"SHENZHEN TIANSU CALIBRATION AND TESTING CO., LTD. (A #301449)"
78456,"QINGDAO PAGULD INTELLIGENT MANUFACTURING CO., LTD. (A #301456)"
78458,"JUNEWAY ELECTRONIC TECHNOLOGY CO., LTD. (A #301458)"
78468,"POURIN SPECIAL WELDING TECHNOLOGY CO., LTD. (A #301468)"
78479,GUANGDONG HONGJING OPTOELECTRONIC TECHNOLOGY INC. (A #301479)
78486,"SHENZHEN ZESUM TECHNOLOGY CO., LTD. (A #301486)"
78487,"TIANJIN GUOAN MENGGULI NEW MATERIALS SCI & TECH CO., LTD. (A #301487)"
78488,"LONGHORN AUTO CO., LTD. (A #301488)"
78489,"GUANGDONG SUQUN NEW MATERIAL CO.,LTD. (A #301489)"
78491,HANSONG (NANJING) TECHNOLOGY LIMITED (A #301491)
78498,"GAMBOL PET GROUP CO., LTD. (A #301498)"
78499,"SHANGHAI VICO PRECISION MOLD &PLASTICS CO., LTD. (A #301499)"
78500,"GUANGDONG FEINAN RESOURCES RECYCLING CO., LTD. (A #301500)"
78501,"HEFEI HENGXIN LIFE SCIENCE AND TECHNOLOGY CO., LTD. (A #301501)"
78507,"HANGZHOU MINSHENG HEALTHCARE CO., LTD. (A #301507)"
78508,"CHINA MACHINERY HUANYU CERTIFICATION AND INSPECTION CO., LTD. (A #301508)"
78509,"KINGCHEM (LIAONING) LIFE SCIENCE CO., LTD. (A #301509)"
78510,"GOOGOL TECHNOLOGY CO., LTD. (A #301510)"
78511,"JIUJIANG DEFU TECHNOLOGY CO., LTD. (A #301511)"
78513,SHANGSHUI SMARTECH LTD. (A #301513)
78516,"SHENZHEN VAPEL POWER SUPPLY TECHNOLOGY CO., LTD. (A #301516)"
78517,"SHAANXI HUADA SCIENCE TECHNOLOGY CO.,LTD. (A #301517)"
78518,"CHANGHUA CHEMICAL TECHNOLOGY CO.,LTD. (A #301518)"
78519,"AN HUI SHUN YU WATER CO.,LTD. (A #301519)"
78522,"SHANGDA SUPERALLOYS CO.,LTD. (A #301522)"
78525,"SHANGHAI RUKING TECHNOLOGIES CO., LTD. (A #301525)"
78526,CHONGQING POLYCOMP INTERNATIONAL CORPORATION (A #301526)
78528,"GUANGZHOU DOPPLER ELECTRONIC TECHNOLOGIES CO., LTD. (A #301528)"
78529,"WUHU FORESIGHT TECHNOLOGY CO.,LTD. (A #301529)"
78531,"SHANDONG CHUNGUANG TECHNOLOGY GROUP CO., LTD. (A #301531)"
78535,"ZHEJIANG HUAYUAN AUTO TECHNOLOGY CO., LTD. (A #301535)"
78536,SIGMASTAR TECHNOLOGY LTD. (A #301536)
78538,"SHENZHEN JDD TECH NEW MATERIAL CO., LTD (A #301538)"
78548,HUNAN SUND TECHNOLOGICAL CORPORATION (A #301548)
78550,"ZHEJIANG SLING INTELLIGENT DRIVE GROUP CO., LTD. (A #301550)"
78551,"HEBEI BROADCASTING WIRELESS MEDIA CO., LTD. (A #301551)"
78556,"ZHEJIANG TOP CLOUD-AGRI TECHNOLOGY CO., LTD. (A #301556)"
78557,"CYTECH GROUP CO., LTD. (A #301557)"
78558,"SFC HOLDINGS CO.,LTD. (A #301558)"
78559,"CIMC SAFEWAY TECHNOLOGIES CO., LTD. (A #301559)"
78563,"ICKEY(SHANGHAI)INTERNET AND TECHNOLOGY CO.,LTD. (A #301563)"
78565,"SINOLONG NEW MATERIALS CO., LTD. (A #301565)"
78566,"DALIAN DALICAP TECHNOLOGY CO., LTD. (A #301566)"
78568,"XIAMEN SINIC-TEK INTELLIGENT TECHNOLOGY CO.,LTD. (A #301568)"
78571,"TEEMSUN TECHNOLOGY CO.,LTD (A #301571)"
78575,"JIANGXI AVONFLOW HVAC TECH CO., LTD. (A #301575)"
78580,"AIDITE (QINHUANGDAO) TECHNOLOGY CO., LTD. (A #301580)"
78584,"SHANGHAI C&D INNOSTIC MEDICAL TECHNOLOGY GROUP CO., LTD. (A #301584)"
78589,"XI'AN NOVASTAR TECH CO., LTD. (A #301589)"
78590,"SHENZHEN UUGREENPOWER CO., LTD. (A #301590)"
78592,"SICHUAN 6912 COMMUNICATION TECHNOLOGY CO.,LTD. (A #301592)"
78595,"GUANGDONG TAILI TECHNOLOGY GROUP CO.,LTD. (A #301595)"
78596,"REACH MACHINERY CO., LTD. (A #301596)"
78599,"WUXI RICH INTELLIGENT EQUIPMENT CO., LTD. (A #301599)"
78600,"FLAIRCOMM MICROELECTRONICS, INC. (A #301600)"
78602,"SHANTOU INSTITUTE OF ULTRASONIC INSTRUMENT CO., LTD. (A #301602)"
78603,"JIRFINE INTELLIGENT EQUIPMENT CO.,LTD. (A #301603)"
78606,UGREEN GROUP LIMITED (A #301606)
78607,"ZHEJIANG EV-TECH CO., LTD. (A #301607)"
78608,"SHENZHEN BOSHIJIE TECHNOLOGY CO., LTD. (A #301608)"
78609,"SHANDONG UNIVERSITY ELECTRIC POWER TECHNOLOGY CO., LTD. (A #301609)"
78611,"SUZHOU KEMATEK, INC. (A #301611)"
78613,"ALNERA ALUMINIUM CO., LTD. (A #301613)"
78617,"SHANDONG BOYUAN ADVANCED MATERIALS CO., LTD. (A #301617)"
78618,"DONGGUAN CHANGLIAN NEW MATERIALS TECHNOLOGY CO.,LTD. (A #301618)"
78622,"BAOTOU INST MAGNETIC NEW MATERIALS CO., LTD. (A #301622)"
78626,"SUZHOU TIANMAI THERMAL TECHNOLOGY CO., LTD. (A #301626)"
78628,"SHENZHEN Q&D CIRCUITS CO., LTD. (A #301628)"
78629,"SIDEA SEMICONDUCTOR EQUIPMENT (SHENZHEN) CO., LTD. (A #301629)"
78630,"TONGYU ADVANCED MATERIALS (GUANGDONG) CO., LTD (A #301630)"
78631,"SHENZHEN UNICONN TECHNOLOGY CO., LTD. (A #301631)"
78632,"GUANGDONG PROVINCIAL ACADEMY OF BUILDING RESEARCH GP CO.,LTD.(A #301632)"
78633,"WUHAN GUIDE TECHNOLOGY CO., LTD. (A #301633)"
78638,"CSG DIGITAL POWER GRID RESEARCH INSTITUTE CO.,LTD. (A #301638)"
78656,"SUZHOU INOVANCE AUTOMOTIVE CO., LTD. (A #301656)"
78658,"SHENZHEN SOFARSOLAR CO., LTD. (A #301658)"
78662,"ONGOAL TECHNOLOGY CO.,LTD. (A #301662)"
78665,"CAC NANTONG CHEMICAL CO., LTD. (A #301665)"
78667,"RNBC NEW ENERGY CO., LTD. (A #301667)"
78668,"BEIJING HCRT ELECTRICAL EQUIPMENTS CO.,LTD. (A #301668)"
78678,HENGHUI TECHNOLOGY CORPORATION LIMITED (A #301678)
78680,"GOODE EIS (SUZHOU) CORP., LTD. (A #301680)"
78682,"CHENGDU HONGMING ELECTRONICS CO., LTD. (A #301682)"
78683,"GUANGZHOU HUMAN NEW MATERIAL SCIENCE AND TECHNOLOGY CO., LTD. (A #301683)"
78687,"SUZHOU XINGUANGYI ELECTRONICS CO., LTD. (A #301687)"
78696,"NANCHANG SANRUI INTELLIGENCE TECHNOLOGY CO., LTD. (A #301696)"
79132,AVIC CHENGDU AIRCRAFT COMPANY LIMITED (A #302132)
80016,SUN HUNG KAI PROPERTIES LIMITED -RMB TRADED SHARES
80020,SENSETIME GROUP INC. -RMB TRADED SHARES
80175,GEELY AUTOMOBILE HOLDINGS LIMITED -RMB TRADED SHARES
80291,CHINA RESOURCES BEER (HOLDINGS) COMPANY LIMITED-RMB TRADED SHARES
80388,HONG KONG EXCHANGES AND CLEARING LIMITED -RMB TRADED SHARES
80700,TENCENT HOLDINGS LIMITED -RMB TRADED SHARES
80737,SZ INVESTMENT HLDGS BAY AREA DEV CO LTD -RMB TRADED SHARES
80883,CNOOC LIMITED -RMB TRADED SHARES
80941,CHINA MOBILE LIMITED -RMB TRADED SHARES
80992,LENOVO GROUP LIMITED -RMB TRADED SHARES
81024,KUAISHOU TECHNOLOGY -RMB TRADED SHARES
81211,BYD COMPANY LIMITED -RMB TRADED SHARES
81299,AIA GROUP LIMITED -RMB TRADED SHARES
81810,XIAOMI CORPORATION -RMB TRADED SHARES
82020,ANTA SPORTS PRODUCTS LIMITED -RMB TRADED SHARES
82318,"PING AN INSURANCE (GROUP) COMPANY OF CHINA, LTD.-RMB TRADED SHARES"
82331,LI NING COMPANY LIMITED -RMB TRADED SHARES
82333,GREAT WALL MOTOR COMPANY LIMITED -RMB TRADED SHARES
82388,BOC HONG KONG (HOLDINGS) LIMITED -RMB TRADED SHARES
82800,TRACKER FUND OF HONG KONG -RMB TRADED UNITS
82805,GALAXY BOSERA MSCI CHINA ASEAN ECONOMIC LINKAGE SELECT INDEX ETF-RMB COUNTER
82817,PREMIA CHINA TREASURY AND POLICY BANK BOND LONG DURATION ETF-RMB TRADED UNITS
82822,CSOP FTSE CHINA A50 ETF-RMB TRADED UNITS
82823,ISHARES FTSE CHINA A50 ETF -RMB COUNTER
82824,E FUND (HK) SOLACTIVE GLOBAL GOLD MINER SELECT INDEX ETF-RMB COUNTER
82828,HANG SENG CHINA ENTERPRISES INDEX ETF -RMB TRADED UNITS
82829,ISHARES CHINA GOVERNMENT BOND ETF- RMB TRADED UNITS
82830,CSOP SAUDI ARABIA ETF- RMB COUNTER
82832,BOSERA STAR 50 INDEX ETF -RMB TRADED UNITS
82839,CHINAAMC MSCI CHINA A 50 CONNECT ETF- RMB TRADED UNITS
82840,SPDR GOLD TRUST -RMB COUNTER
82843,AMUNDI FTSE CHINA A50 INDEX ETF -RMB TRADED UNITS
82846,ISHARES CORE CSI 300 ETF -RMB COUNTER
83001,PREMIA CHINA USD PROPERTY BOND ETF -RMB TRADED UNITS
83005,CSOP CSI 500 ETF-RMB TRADED UNITS
83010,ISHARES CORE MSCI ASIA EX JAPAN ETF -RMB COUNTER
83012,AMUNDI HANG SENG HK 35 INDEX ETF -RMB TRADED UNITS
83031,FULLGOAL HANG SENG HK HIGH DIVIDEND ETF -RMB COUNTER
83038,HANG SENG STOCK CONNECT CHINA A LOW CARBON INDEX ETF-RMB TRADED UNITS
83042,CHINAAMC BITCOIN ETF- RMB COUNTER
83046,CHINAAMC ETHER ETF- RMB COUNTER
83053,CSOP HONG KONG DOLLAR MONEY MARKET ETF - RMB TRADED UNITS
83059,GLOBAL X BLOOMBERG MSCI ASIA EX JAPAN GREEN BOND ETF-RMB TRADED UNITS
83069,CHINAAMC HANG SENG BIOTECH ETF -RMB TRADED UNITS
83081,VALUE GOLD ETF -RMB TRADED UNITS
83088,CHINAAMC HANG SENG TECH INDEX ETF -RMB TRADED UNITS
83102,ICBC UBS KRANESHARES KWEB CSI CHINA INTERNET ETF-RMB COUNTER
83108,HARVEST CSI 300 ESG LEADERS INDEX ETF -RMB TRADED UNITS
83110,GLOBAL X HANG SENG HIGH DIVIDEND YIELD ETF - RMB COUNTER
83111,E FUND (HK) MSCI CHINA A50 CONNECT ETF -RMB TRADED UNITS
83115,ISHARES CORE HANG SENG INDEX ETF -RMB TRADED UNITS
83118,HARVEST MSCI CHINA A INDEX ETF -RMB TRADED UNITS
83122,CSOP RMB MONEY MARKET ETF - RMB TRADED UNITS
83128,HANG SENG CHINA A INDUSTRY TOP INDEX ETF -RMB TRADED UNITS
83129,BOCHK GREATER BAY AREA CLIMATE TRANSITION ETF-RMB TRADED UNITS
83140,CHINAAMC HK-US AI ETF -RMB COUNTER
83146,CHINAAMC 20+ YEAR US TREASURY BOND ETF -DIST LISTED CLASS-RMB TRADED UNIT
83147,CSOP SZSE CHINEXT ETF -RMB TRADED UNITS
83151,PREMIA CHINA STAR50 ETF-RMB TRADED UNITS
83161,CHINAAMC RMB MONEY MARKET ETF -RMB TRADED UNITS
83167,ICBC CSOP S&P NEW CHINA SECTORS ETF -RMB TRADED UNITS
83168,HANG SENG RMB GOLD ETF
83188,CHINAAMC CSI 300 INDEX ETF -RMB TRADED UNITS
83189,E FUND (HK) CSI LIQUOR INDEX ETF -RMB TRADED UNITS
83192,BOSERA RMB MONEY MARKET ETF- RMB COUNTER
83196,BOSERA USD MONEY MARKET ETF- RMB COUNTER
83199,ICBC CSOP FTSE CHINESE GOVERNMENT AND POLICY BANK BN IND ETF-RMB TRADED UNITS
83403,CHINAAMC HSI ESG ETF -RMB TRADED UNITS
83404,CHINAAMC MSCI INDIA ETF -RMB COUNTER
83416,GLOBAL X HSCEI COVERED CALL ACTIVE ETF - RMB COUNTER
83418,CHINAAMC DIGITAL GOLD ETF -RMB TRADED SHARES
83420,VALUE PARTNERS RMB MONEY MARKET ETF -RMB TRADED SHARES
83428,GLOBAL X CHINA LIFE FRANKLIN HK-US EQUITY SELECT ETF - RMB COUNTER
83434,E FUND (HK) WIND DIGITAL TECHNOLOGY INDEX ETF-RMB COUNTER
83437,BOSERA CHINA REFORM HONG KONG CENTRAL -SOES HIGH DIV YIELD IND ETF-RMB COUNTER
83455,"INVESCO QQQ TRUSTSM, SERIES 1- RMB COUNTER"
83460,CHINAAMC SOLANA ETF -RMB TRADED SHARES
83461,CHINAAMC RMB DIGITAL MONEY MARKET FUND -RMB TRADED SHARES
83483,E FUND (HK) MSCI ASIA PACIFIC SELECT HIGH DIVIDEND INDEX ETF-RMB COUNTER
83489,E FUND (HK) FTSE AI SELECT INDEX ETF -RMB COUNTER
83690,MEITUAN -RMB TRADED SHARES
86618,JD HEALTH INTERNATIONAL INC. -RMB TRADED SHARES
87001,HUI XIAN REAL ESTATE INVESTMENT TRUST
89618,"JD.COM, INC. -RMB TRADED SHARES"
89888,"BAIDU, INC. -RMB TRADED SHARES"
89988,ALIBABA GROUP HOLDING LIMITED -RMB TRADED SHARES
90000,"SHANGHAI PUDONG DEVELOPMENT BANK CO., LTD. (A #600000)"
90004,"GUANGZHOU BAIYUN INTERNATIONAL AIRPORT CO.,LTD. (A #600004)"
90006,"DONGFENG AUTOMOBILE CO.,LTD (A #600006)"
90007,CHINA WORLD TRADE CENTER COMPANY LTD. (A #600007)
90008,"BEIJING CAPITAL ECO-ENVIRONMENT PROTECTION GROUP CO.,LTD (A #600008)"
90009,"SHANGHAI INTERNATIONAL AIRPORT CO., LTD. (A #600009)"
90010,"INNER MONGOLIA BAOTOU STEEL UNION CO.,LTD. (A #600010)"
90011,"HUANENG POWER INTERNATIONAL, INC. (A #600011)"
90012,ANHUI EXPRESSWAY COMPANY LIMITED (A #600012)
90015,"HUA XIA BANK CO., LIMITED (A #600015)"
90016,"CHINA MINSHENG BANKING CORP., LTD. (A #600016)"
90017,"RIZHAO PORT CO.,LTD. (A #600017)"
90018,"SHANGHAI INTERNATIONAL PORT (GROUP) CO., LTD (A #600018)"
90019,"BAOSHAN IRON & STEEL CO., LTD. (A #600019)"
90020,HENAN ZHONGYUAN EXPRESSWAY COMPANY LIMITED (A #600020)
90021,SHANGHAI ELECTRIC POWER COMPANY LIMITED (A #600021)
90022,SHANDONG IRON AND STEEL COMPANY LTD (A #600022)
90023,"ZHEJIANG ZHENENG ELECTRIC POWER CO.,LTD (A #600023)"
90025,HUANENG LANCANG RIVER HYDROPOWER INC. (A #600025)
90026,"COSCO SHIPPING ENERGY TRANSPORTATION CO., LTD. (A #600026)"
90027,HUADIAN POWER INTERNATIONAL CORPORATION LIMITED (A #600027)
90028,CHINA PETROLEUM AND CHEMICAL CORPORATION (A #600028)
90029,CHINA SOUTHERN AIRLINES COMPANY LIMITED (A #600029)
90030,CITIC SECURITIES COMPANY LIMITED (A #600030)
90031,"SANY HEAVY INDUSTRY CO.,LTD (A #600031)"
90032,"ZHEJIANG PROVINCIAL NEW ENERGY INVESTMENT GROUP CO., LTD. (A #600032)"
90033,FUJIAN EXPRESSWAY DEVELOPMENT COMPANY LIMITED (A #600033)
90035,"HUBEI CHUTIAN SMART COMMUNICATION CO.,LTD. (A #600035)"
90036,"CHINA MERCHANTS BANK CO.,LIMITED (A #600036)"
90037,"BEIJING GEHUA CATV NETWORK CO., LTD. (A #600037)"
90038,AVICOPTER PLC (A #600038)
90039,"SICHUAN ROAD & BRIDGE GROUP CO.,LTD (A #600039)"
90048,"POLY DEVELOPMENTS AND HOLDINGS GROUP CO., LTD. (A #600048)"
90050,CHINA UNITED NETWORK COMMUNICATIONS LIMITED (A #600050)
90053,"KUNWU JIUDING INVESTMENT HOLDINGS CO., LTD (A #600053)"
90054,"HUANGSHAN TOURISM DEVELOPMENT CO.,LTD. (A #600054)"
90055,"BEIJING WANDONG MEDICAL TECHNOLOGY CO., LTD. (A #600055)"
90056,"CHINA MEHECO CO., LTD. (A #600056)"
90057,"XIAMEN XIANGYU CO., LTD. (A #600057)"
90058,"MINMETALS DEVELOPMENT CO., LTD. (A #600058)"
90059,ZHEJIANG GUYUELONGSHAN SHAOXING WINE CO.LTD (A #600059)
90060,"HISENSE VISUAL TECHNOLOGY CO., LTD. (A #600060)"
90061,"SDIC CAPITAL CO.,LTD (A #600061)"
90062,"CHINA RESOURCES DOUBLE-CRANE PHARMACEUTICAL CO.,LTD. (A #600062)"
90063,ANHUI WANWEI UPDATED HIGH-TECH MATERIAL INDUSTRY COMPANY LIMITED (A #600063)
90064,NANJING GAOKE COMPANY LIMITED (A #600064)
90066,"YUTONG BUS CO.,LTD. (A #600066)"
90067,"CITYCHAMP DARTONG ADVANCED MATERIALS CO.,LTD. (A #600067)"
90071,PHENIX OPTICS COMPANY LIMITED (A #600071)
90072,"CSSC SCIENCE & TECHNOLOGY CO., LTD (A #600072)"
90073,"SHANGHAI BRIGHT MEAT GROUP CO.,LTD. (A #600073)"
90075,"XINJIANG TIANYE CO.,LTD. (A #600075)"
90078,"JIANGSU CHENGXING PHOSPH-CHEMICALS CO.,LTD (A #600078)"
90079,"HUMANWELL HEALTHCARE (GROUP) CO.,LTD. (A #600079)"
90080,GINWA ENTERPRISE(GROUP) INC. (A #600080)
90081,"DONG FENG ELECTRONIC TECHNOLOGY CO.,LTD. (A #600081)"
90082,"TIANJIN HI-TECH DEVELOPMENT CO., LTD. (A #600082)"
90084,"CITIC NIYA WINE CO., LTD. (A #600084)"
90085,"BEIJING TONG REN TANG CO.,LTD (A #600085)"
90088,"CHINA TELEVISION MEDIA,LTD. (A #600088)"
90089,"TBEA CO.,LTD. (A #600089)"
90094,GREATTOWN HOLDINGS LTD. (A #600094)
90095,"XIANGCAI CO.,LTD (A #600095)"
90096,"YUNNAN YUNTIANHUA CO.,LTD (A #600096)"
90097,"SHANGHAI KAICHUANG MARINE INTERNATIONAL CO.,LTD. (A #600097)"
90098,GUANGZHOU DEVELOPMENT GROUP INCORPORATED (A #600098)
90100,"TSINGHUA TONGFANG CO., LTD (A #600100)"
90101,"SICHUAN MINGXING ELECTRIC POWER CO.,LTD (A #600101)"
90103,"FUJIAN QINGSHAN PAPER INDUSTRY CO.,LTD. (A #600103)"
90104,SAIC MOTOR CORPORATION LIMITED (A #600104)
90105,"JIANGSU ETERN CO., LTD. (A #600105)"
90106,"CHONGQING ROAD & BRIDGE CO.,LTD (A #600106)"
90108,"GANSU YASHENG INDUSTRIAL (GROUP) CO.,LTD (A #600108)"
90109,"SINOLINK SECURITIES CO., LTD. (A #600109)"
90110,"NUODE NEW MATERIALS CO.,LTD. (A #600110)"
90111,"CHINA NORTHERN RARE EARTH (GROUP) HIGH-TECH CO., LTD (A #600111)"
90113,"ZHEJIANG DONG RI CO., LTD (A #600113)"
90114,"NBTM NEW MATERIALS GROUP CO., LTD. (A #600114)"
90115,CHINA EASTERN AIRLINES CORPORATION LIMITED (A #600115)
90116,CHONGQING THREE GORGES WATERCONSERVANCY & ELECTRIC POWER CO LTD (A #600116)
90117,"XINING SPECIAL STEEL CO.,LTD (A #600117)"
90118,"CHINA SPACESAT CO.,LTD. (A #600118)"
90119,"Y.U.D YANGTZE RIVER INVESTMENT INDUSTRY CO.,LTD. (A #600119)"
90120,"ZHEJIANG ORIENT HOLDINGS GROUP CO.,LTD (A #600120)"
90121,"ZHENGZHOU COAL INDUSTRY & ELECTRIC POWER CO.,LTD. (A #600121)"
90123,"SHANXI LANHUA SCI-TECH VENTURE CO.,LTD (A #600123)"
90125,"CHINA RAILWAY TIELONG CONTAINER LOGISTICS CO., LTD (A #600125)"
90126,"HANG ZHOU IRON & STEEL CO.,LTD. (A #600126)"
90127,"JINJIAN CEREALS INDUSTRY CO.,LTD. (A #600127)"
90129,"CHONGQING TAIJI INDUSTRY (GROUP) CO.,LTD. (A #600129)"
90131,"STATE GRID INFORMATION&COMMUNICATION CO.,LTD. (A #600131)"
90132,CHONG QING BREWERY CO.LTD (A #600132)
90133,"WUHAN EAST LAKE HIGH TECHNOLOGY GROUP CO.,LTD. (A #600133)"
90135,"LUCKY FILM COMPANY,LIMITED (A #600135)"
90136,"WUHAN MC CULTURE & SPORTS CO.,LTD. (A #600136)"
90138,"CHINA CYTS TOURS HOLDING CO.,LTD. (A #600138)"
90141,"HUBEI XINGFA CHEMICALS GROUP CO.,LTD. (A #600141)"
90143,"KINGFA SCI.&TECH. CO.,LTD. (A #600143)"
90150,CHINA CSSC HOLDINGS LIMITED (A #600150)
90151,"SHANGHAI AEROSPACE AUTOMOBILE ELECTROMECHANICAL CO.,LTD. (A #600151)"
90152,"VEKEN TECHNOLOGY.,LTD. (A #600152)"
90153,XIAMEN C&D INC. (A #600153)
90155,"POLARIS BAY GROUP CO.,LTD. (A #600155)"
90157,"WINTIME ENERGY GROUP CO.,LTD. (A #600157)"
90158,"CHINA SPORTS INDUSTRY GROUP CO., LTD. (A #600158)"
90160,"ZHEJIANG JUHUA CO.,LTD. (A #600160)"
90161,BEIJING TIANTAN BIOLOGICAL PRODUCTS CORPORATION LIMITED (A #600161)
90162,"SHENZHEN HEUNGKONG HOLDING CO., LTD (A #600162)"
90163,"ZHONGMIN ENERGY CO., LTD. (A #600163)"
90165,"NINGXIA ZHONGKE BIOTECHNOLOGY CO., LTD (A #600165)"
90166,"BAIC FOTON MOTOR CO.,LTD. (A #600166)"
90167,"LUENMEI QUANTUM CO.,LTD (A #600167)"
90168,"WUHAN SANZHEN INDUSTRY HOLDING CO.,LTD (A #600168)"
90169,"TAIYUAN HEAVY INDUSTRY CO.,LTD. (A #600169)"
90170,"SHANGHAI CONSTRUCTION GROUP CO., LTD (A #600170)"
90171,"SHANGHAI BELLING CO.,LTD. (A #600171)"
90172,"HENAN HUANGHE WHIRLWIND CO.,LTD. (A #600172)"
90173,"WOLONG NEW ENERGY GROUP CO., LTD. (A #600173)"
90176,"CHINA JUSHI CO., LTD. (A #600176)"
90177,"YOUNGOR FASHION CO., LTD. (A #600177)"
90178,"HARBIN DONGAN AUTO ENGINE CO.,LTD (A #600178)"
90179,"ANTONG HOLDINGS CO., LTD. (A #600179)"
90180,"CCS SUPPLY CHAIN MANAGEMENT CO., LTD. (A #600180)"
90183,"SHENGYI TECHNOLOGY CO., LTD. (A #600183)"
90184,"NORTH ELECTRO-OPTIC CO.,LTD. (A #600184)"
90185,"ZHUHAI ZHUMIAN GROUP CO., LTD (A #600185)"
90186,"LOTUS HOLDINGS CO.,LTD. (A #600186)"
90187,"HEILONGJIANG INTERCHINA WATER TREATMENT CO.,LTD (A #600187)"
90188,YANKUANG ENERGY GROUP COMPANY LIMITED (A #600188)
90189,"JILIN QUANYANGQUAN CO.,LTD (A #600189)"
90191,"BAOTOU HUAZI INDUSTRY CO.,LTD (A #600191)"
90193,"SHANGHAI PROSOLAR RESOURCE DEVELOPMENT CO.,LTD (A #600193)"
90195,"CHINA ANIMAL HUSBANDRY INDUSTRY CO.,LTD. (A #600195)"
90196,"SHANGHAI FOSUN PHARMACEUTICAL (GROUP) CO., LTD. (A #600196)"
90197,"XINJIANG YILITE INDUSTRY CO.,LTD (A #600197)"
90198,"DATANG TELECOM TECHNOLOGY CO., LTD (A #600198)"
90199,"ANHUI GOLDEN SEED WINERY CO.,LTD. (A #600199)"
90201,"INNER MONGOLIA JINYU GROUP CO., LTD (A #600201)"
90203,"FUJIAN FURI ELECTRONICS CO., LTD (A #600203)"
90206,"GRINM ADVANCED MATERIALS CO.,LTD. (A #600206)"
90207,"HENAN ANCAI HI-TECH CO.,LTD (A #600207)"
90208,"QUZHOU XIN'AN DEVELOPMENT CO.,LTD. (A #600208)"
90210,"SHANGHAI ZIJIANG ENTERPRISE GROUP CO., LTD. (A #600210)"
90211,TIBET RHODIOLA PHARMACEUTICAL HOLDING CO. (A #600211)
90212,"GRESGYING DIGITAL ENERGY TECHNOLOGY CO.,LTD (A #600212)"
90216,"ZHEJIANG MEDICINE CO.,LTD (A #600216)"
90217,"CHINA RESOURCES AND ENVIRONMENT CO.,LTD. (A #600217)"
90218,"ANHUI QUANCHAI ENGINE CO.,LTD. (A #600218)"
90219,"SHANDONG NANSHAN ALUMINIUM CO., LTD (A #600219)"
90221,"HAINAN AIRLINES HOLDING CO., LTD. (A #600221)"
90223,"LUSHANG FREDA PHARMACEUTICAL CO.,LTD. (A #600223)"
90226,"ZHEJIANG HENGTONG HOLDING CO.,LTD. (A #600226)"
90227,"GUIZHOU CHITIANHUA CO.,LTD. (A #600227)"
90228,"FANLI DIGITAL TECHNOLOGY CO., LTD. (A #600228)"
90229,"QINGDAO CITYMEDIA CO., LTD. (A #600229)"
90230,CANGZHOU DAHUA CO.LTD (A #600230)
90231,"LINGYUAN IRON & STEEL CO.,LTD. (A #600231)"
90233,"YTO EXPRESS GROUP CO.,LTD. (A #600233)"
90236,"GUANGXI GUIGUAN ELECTRIC POWER CO.,LTD. (A #600236)"
90237,ANHUI TONGFENG ELECTRONICS COMPANY LIMITED (A #600237)
90238,"HAINAN YEDAO (GROUP) CO.,LTD (A #600238)"
90239,"YUNNAN METROPOLITAN REAL ESTATE DEVELOPMENT CO.,LTD (A #600239)"
90246,"VANTONE NEO DEVELOPMENT GROUP CO., LTD (A #600246)"
90248,SHAANXI CONSTRUCTION ENGINEERING GROUP CORPORATION LIMITED (A #600248)
90251,"XINJIANG GUANNONG CO.,LTD. (A #600251)"
90252,"GUANGXI WUZHOU ZHONGHENG GROUP CO.,LTD. (A #600252)"
90255,"ANHUI XINKE NEW MATERIALS CO., LTD. (A #600255)"
90256,"GUANGHUI ENERGY CO.,LTD. (A #600256)"
90257,"DAHU HEALTH INDUSTRY CO.,LTD. (A #600257)"
90258,"BTG HOTELS(GROUP)CO., LTD (A #600258)"
90259,"CHINA RARE EARTH NONFERROUS METALS CO.,LTD. (A #600259)"
90261,"ZHEJIANG YANKON GROUP CO.,LTD. (A #600261)"
90262,"INNER MONGOLIA NORTH HAULER JOINT STOCK CO.,LTD. (A #600262)"
90266,"BEIJING URBAN CONSTRUCTION INVESTMENT& DEVELOPMENT CO.,LTD. (A #600266)"
90267,"ZHEJIANG HISUN PHARMACEUTICAL CO.,LTD (A #600267)"
90268,"GUODIAN NANJING AUTOMATION CO.,LTD. (A #600268)"
90269,"JIANGXI GANYUE EXPRESSWAY CO.,LTD. (A #600269)"
90271,AISINO CORPORATION (A #600271)
90273,"ZHEJIANG JIAHUA ENERGY CHEMICAL INDUSTRY CO.,LTD. (A #600273)"
90276,"JIANGSU HENGRUI PHARMACEUTICALS CO.,LTD. (A #600276)"
90278,ORIENT INTERNATIONAL ENTERPRISE LTD. (A #600278)
90279,"CHONGQING PORT CO., LTD. (A #600279)"
90280,"NANJING CENTRAL EMPORIUM STOCKS CO., LTD. (A #600280)"
90282,"NANJING IRON&STEEL CO.,LTD. (A #600282)"
90283,"QIANJIANG WATER RESOURCES DEVELOPMENT CO.,LTD. (A #600283)"
90284,"SHANGHAI PUDONG CONSTRUCTION CO.,LTD. (A #600284)"
90285,"HENAN LINGRUI PHARMACEUTICAL CO., LTD (A #600285)"
90287,"SOHO FASHION GROUP CO.,LTD. (A #600287)"
90288,"DAHENG NEW EPOCH TECHNOLOGY, INC. (A #600288)"
90289,BRIGHT OCEANS INTER-TELECOM CORPORATION (A #600289)
90292,"SPIC HYDROPOWER CO., LTD. (A #600292)"
90295,"INNER MONGOLIA ERDOS RESOURCES CO.,LTD. (A #600295)"
90298,"ANGEL YEAST CO.,LTD (A #600298)"
90299,BLUESTAR ADISSEO COMPANY (A #600299)
90300,"VV FOOD & BEVERAGE CO.,LTD (A #600300)"
90301,"GUANGXI HUAXI NONFERROUS METAL CO., LTD. (A #600301)"
90305,"JIANGSU HENGSHUN VINEGAR-INDUSTRY CO.,LTD (A #600305)"
90307,"GANSU JIU STEEL GROUP HONG XING IRON & STEEL CO,LTD (A #600307)"
90308,"SHANDONG HUATAI PAPER INDUSTRY SHAREHOLDING CO.,LTD (A #600308)"
90309,"WANHUA CHEMICAL GROUP CO.,LTD. (A #600309)"
90310,"GUANGXI ENERGY CO., LTD. (A #600310)"
90312,"HENAN PINGGAO ELECTRIC CO.,LTD. (A #600312)"
90313,"CHINA AGRICULTURE DEVELOPMENT SEED GROUP CO.,LTD (A #600313)"
90315,"SHANGHAI JAHWA UNITED CO., LTD (A #600315)"
90316,"JIANGXI HONGDU AVIATION INDUSTRY CO., LTD. (A #600316)"
90318,"ANHUI XINLI FINANCE CO.,LTD. (A #600318)"
90320,"SHANGHAI ZHENHUA HEAVY INDUSTRIES CO.,LTD. (A #600320)"
90323,GRANDBLUE ENVIRONMENT COMPANY LIMITED (A #600323)
90325,"HUAFA INDUSTRIAL CO.,LTD.ZHUHAI (A #600325)"
90326,"XIZANGTIANLUCO.,LTD. (A #600326)"
90327,"WUXI COMMERCIAL MANSION GRAND ORIENT CO.,LTD (A #600327)"
90328,"CNSIG INNER MONGOLIA CHEMICAL INDUSTRY CO., LTD. (A #600328)"
90329,TIANJIN PHARMACEUTICAL DA REN TANG GROUP CORPORATION LIMITED (A #600329)
90330,"TDG HOLDING CO.,LTD (A #600330)"
90331,"SICHUAN HONGDA CO.,LTD (A #600331)"
90332,GUANGZHOU BAIYUNSHAN PHARMACEUTICAL HOLDINGS COMPANY LIMITED (A #600332)
90333,"CHANGCHUN GAS CO.,LTD (A #600333)"
90335,"SINOMACH AUTOMOBILE CO., LTD. (A #600335)"
90336,"AUCMA CO., LTD. (A #600336)"
90337,"MARKOR INTERNATIONAL HOME FURNISHINGS CO., LTD. (A #600337)"
90338,"XIZANG ZHUFENG RESOURCES CO.,LTD. (A #600338)"
90339,"CHINA PETROLEUM ENGINEERING CO., LTD. (A #600339)"
90340,"CHINA FORTUNE LAND DEVELOPMENT CO., LTD. (A #600340)"
90343,"SHAANXI AEROSPACE POWER HI-TECH CO.,LTD (A #600343)"
90345,"WUHAN YANGTZE COMMUNICATIONS INDUSTRY GROUP CO.,LTD. (A #600345)"
90346,"HENGLI PETROCHEMICAL CO.,LTD. (A #600346)"
90348,"SHAN XI HUA YANG GROUP NEW ENERGY CO., LTD. (A #600348)"
90350,SHANDONG HI-SPEED COMPANY LIMITED (A #600350)
90351,"YABAO PHARMACEUTICAL GROUP CO., LTD. (A #600351)"
90352,"ZHEJIANG LONGSHENG GROUP CO.,LTD (A #600352)"
90353,"CHENGDU XUGUANG ELECTRONICS CO,.LTD (A #600353)"
90360,"JILIN SINO-MICROELECTRONICS CO.,LTD. (A #600360)"
90361,"INNOVATION NEW MATERIAL TECHNOLOGY CO., LTD. (A #600361)"
90362,JIANGXI COPPER COMPANY LIMITED (A #600362)
90363,"JIANXI LIANCHUANG OPTO-ELECTRONIC SCIENCE&TECHNOLOGY CO.,LTD (A #600363)"
90366,"NINGBO YUNSHENG CO.,LTD. (A #600366)"
90367,"GUIZHOU REDSTAR DEVELOPING CO.,LTD. (A #600367)"
90368,"GUANGXI WUZHOU COMMUNICATIONS CO.,LTD. (A #600368)"
90369,"SOUTHWEST SECURITIES CO., LTD. (A #600369)"
90370,"JIANGSU SANFAME POLYESTER MATERIAL CO.,LTD. (A #600370)"
90372,"AVIC AIRBORNE SYSTEMS CO., LTD. (A #600372)"
90373,"CHINESE UNIVERSE PUBLISHING AND MEDIA GROUP CO., LTD. (A #600373)"
90375,"HANMA TECHNOLOGY GROUP CO.,LTD. (A #600375)"
90376,"BEIJING CAPITAL DEVELOPMENT,CO.,LTD (A #600376)"
90377,JIANGSU EXPRESSWAY COMPANY LIMITED (A #600377)
90378,"HAOHUA CHEMICAL SCIENCE & TECHNOLOGY CORP., LTD. (A #600378)"
90380,"JOINCARE PHARMACEUTICAL GROUP INDUSTRY CO.,LTD. (A #600380)"
90381,"QINGHAI SPRING MEDICINAL RESOURCES TECHNOLOGY CO.,LTD (A #600381)"
90382,"GUANGDONG MINGZHU GROUP CO.,LTD. (A #600382)"
90383,GEMDALE CORPORATION (A #600383)
90386,"BEIJING BASHI MEDIA CO,.LTD (A #600386)"
90388,"FUJIAN LONGKING CO.,LTD (A #600388)"
90389,"NANTONG JIANGSHAN AGROCHEMICAL & CHEMICALS CO., LTD. (A #600389)"
90390,MINMETALS CAPITAL COMPANY LIMITED (A #600390)
90391,"AECC AERO SCIENCE & TECHNOLOGY CO.,LTD. (A #600391)"
90392,SHENGHE RESOURCES HOLDING CO. LTD (A #600392)
90395,"GUIZHOU PANJIANG REFINED COAL CO.,LTD. (A #600395)"
90396,"HUADIAN LIAONING ENERGY DEVELOPMENT CO., LTD (A #600396)"
90397,"JIANGXI TUNGSTEN RARE AND PRECIOUS EQUIPMENT CO., LTD. (A #600397)"
90398,"HLA GROUP CORP.,LTD. (A #600398)"
90399,"FUSHUN SPECIAL STEEL CO.,LTD (A #600399)"
90400,"JIANGSU HONGDOU INDUSTRIAL CO.,LTD (A #600400)"
90403,"HENAN DAYOU ENERGY CO., LTD (A #600403)"
90405,"BEIJING DYNAMIC POWER CO., LTD (A #600405)"
90406,"NARI TECHNOLOGY CO., LTD. (A #600406)"
90409,"TANGSHAN SANYOU CHEMICAL INDUSTRIES CO.,LTD (A #600409)"
90410,"BEIJING TEAMSUN TECHNOLOGY CO.,LTD (A #600410)"
90415,"ZHEJIANG CHINA COMMODITIES CITY GROUP CO.,LTD. (A #600415)"
90416,"XIANGTAN ELECTRIC MANUFACTURING CO., LTD. (A #600416)"
90418,"ANHUI JIANGHUAI AUTOMOBILE GROUP CORP., LTD(A #600418)"
90419,"XINJIANG TERUN DAIRY CO.,LTD. (A #600419)"
90420,"SHANGHAI SHYNDEC PHARMACEUTICAL CO., LTD. (A #600420)"
90422,"KPC PHARMACEUTICALS, INC. (A #600422)"
90425,"XINJIANG QINGSONG BUILDING MATERIALS AND CHEMICALS GROUP CO., LTD. (A #600425)"
90426,"SHANDONG HUALU-HENGSHENG CHEMICAL CO., LTD (A #600426)"
90428,"COSCO SHIPPING SPECIALIZED CARRIERS CO., LTD.(A #600428)"
90429,"BEIJING SANYUAN FOODS CO.,LTD. (A #600429)"
90433,"GUANGDONG GUANHAO HIGH-TECH CO., LTD (A #600433)"
90435,"NORTH NAVIGATION CONTROL TECHNOLOGY CO., LTD. (A #600435)"
90436,"ZHANGZHOU PIENTZEHUANG PHARMACEUTICAL CO.,LTD. (A #600436)"
90438,"TONGWEI CO.,LTD (A #600438)"
90439,"HENAN REBECCA HAIR PRODUCTS CO., LTD (A #600439)"
90446,"SHENZHEN KINGDOM SCI-TECH CO., LTD (A #600446)"
90449,"NINGXIA BUILDING MATERIALS GROUP CO.,LTD (A #600449)"
90452,"CHONGQING FULING ELECTRIC POWER INDUSTRIAL CO.,LTD. (A #600452)"
90456,"BAOJI TITANIUM INDUSTRY CO.,LTD. (A #600456)"
90458,"ZHUZHOU TIMES NEW MATERIALS TECHNOLOGY CO.,LTD. (A #600458)"
90459,"SINO-PLATINUM METALS CO.,LTD (A #600459)"
90460,"HANGZHOU SILAN MICROELECTRONICS CO.,LTD. (A #600460)"
90461,"JIANGXI HONGCHENG ENVIRONMENT CO., LTD. (A #600461)"
90467,"SHANDONG HOMEY AQUATIC DEVELOPMENT CO.,LTD. (A #600467)"
90468,"TIANJIN BENEFO TEJING ELECTRIC CO.,LTD. (A #600468)"
90469,"AEOLUS TYRE CO.,LTD (A #600469)"
90470,"ANHUI LIUGUO CHEMICAL CO.,LTD. (A #600470)"
90475,"WUXI HUAGUANG ENVIRONMENT & ENERGY GROUP CO.,LTD. (A #600475)"
90477,"HANGXIAO STEEL STRUCTURE CO.,LTD (A #600477)"
90478,"HUNAN CORUN NEW ENERGY CO.,LTD. (A #600478)"
90479,"ZHUZHOU QIANJIN PHARMACEUTICAL CO., LTD. (A #600479)"
90480,LINGYUN INDUSTRIAL CORPORATION LIMITED (A #600480)
90481,"SHUANGLIANG ECO-ENERGY SYSTEMS CO.,LTD (A #600481)"
90482,"CHINA SHIPBUILDING INDUSTRY GROUP POWER CO., LTD. (A #600482)"
90483,"FUJIAN FUNENG CO., LTD (A #600483)"
90486,"JIANGSU YANGNONG CHEMICAL CO.,LTD. (A #600486)"
90487,"HENGTONG OPTIC-ELECTRIC CO.,LTD. (A #600487)"
90488,"TIANJIN TIANYAO PHARMACEUTICAL CO., LTD. (A #600488)"
90489,ZHONGJIN GOLD CORPORATION LIMITED (A #600489)
90490,"PENGXIN INTERNATIONAL MINING CO.,LTD (A #600490)"
90491,"LONG YUAN CONSTRUCTION GROUP CO., LTD. (A #600491)"
90495,JINXI AXLE COMPANY LIMITED (A #600495)
90496,"CHANGJIANG & JINGGONG STEEL BUILDING (GROUP) CO.,LTD (A #600496)"
90497,"YUNNAN CHIHONG ZINC&GERMANIUM CO.,LTD. (A #600497)"
90498,"FIBERHOME TELECOMMUNICATION TECHNOLOGIES CO.,LTD. (A #600498)"
90499,"KEDA INDUSTRIAL GROUP CO., LTD. (A #600499)"
90500,SINOCHEM INTERNATIONAL CORPORATION (A #600500)
90501,AEROSUN CORPORATION (A #600501)
90502,ANHUI CONSTRUCTION ENGINEERING GROUP CORPORATION LIMITED (A #600502)
90503,"DELUXE FAMILY CO., LTD. (A #600503)"
90505,"SICHUAN XICHANG ELECTRIC POWER CO.,LTD. (A #600505)"
90507,"FANGDA SPECIAL STEEL TECHNOLOGY CO., LTD (A #600507)"
90508,"SHANGHAI DATUN ENERGY RESOURSES CO.,LTD. (A #600508)"
90509,"XINJIANG TIANFU ENERGY CO.,LTD (A #600509)"
90510,"BLACK PEONY (GROUP) CO., LTD. (A #600510)"
90511,CHINA NATIONAL MEDICINES CORPORATION LTD. (A #600511)
90513,"JIANGSU LIANHUAN PHARMACEUTICAL CO., LTD. (A #600513)"
90515,"HAINAN AIRPORT INFRASTRUCTURE CO., LTD (A #600515)"
90516,"FANGDA CARBON NEW MATERIAL CO.,LTD (A #600516)"
90517,"STATE GRID YINGDA CO.,LTD. (A #600517)"
90518,"KANGMEI PHARMACEUTICAL CO., LTD (A #600518)"
90519,"KWEICHOW MOUTAI CO.,LTD. (A #600519)"
90520,"HIIG TRINITY (ANHUI) TECHNOLOGY CO., LTD. (A #600520)"
90521,"ZHEJIANG HUAHAI PHARMACEUTICAL CO.,LTD. (A #600521)"
90522,"JIANGSU ZHONGTIAN TECHNOLOGY CO.,LTD. (A #600522)"
90523,"GUIZHOU GUIHANG AOTOMOTIVE COMPONENTS CO., LTD (A #600523)"
90525,CHANGYUAN TECHNOLOGY GROUP LTD. (A #600525)
90526,"ZHEJIANG FEIDA ENVIRONMENTAL SCIENCE &TECHNOLOGY CO.,LTD. (A #600526)"
90527,"JIANGSU JIANGNAN HIGH POLYMER FIBER CO.,LTD (A #600527)"
90528,CHINA RAILWAY HI-TECH INDUSTRY CORPORATION LIMITED (A #600528)
90529,"SHANDONG PHARMACEUTICAL GLASS CO.,LTD (A #600529)"
90530,"SHANGHAI JIAODA ONLLY CO.,LTD (A #600530)"
90531,HENAN YUGUANG GOLD&LEAD CO.LTD (A #600531)
90535,"TASLY PHARMACEUTICA GROUP CO., LTD. (A #600535)"
90536,CHINA NATIONAL SOFTWARE & SERVICE COMPANY LIMITED (A #600536)
90537,"EGING PHOTOVOLTAIC TECHNOLOGY CO., LTD. (A #600537)"
90545,"SAURER INTELLIGENT TECHNOLOGY CO., LTD. (A #600545)"
90546,"SHANXI.COAL.INTERNATIONAL.ENERGY.GROUP. CO.,LTD (A #600546)"
90547,"SHANDONG GOLD MINING CO.,LTD. (A #600547)"
90548,SHENZHEN EXPRESSWAY CORPORATION LIMITED (A #600548)
90549,XIAMEN TUNGSTEN CORP. (A #600549)
90550,"BAODING TIANWEI BAOBIAN ELECTRIC CO.,LTD. (A #600550)"
90551,"TIME PUBLISHING & MEDIA CO., LTD. (A #600551)"
90552,"TRIUMPH SCIENCE & TECHNOLOGY CO., LTD (A #600552)"
90556,"INMYSHOW DIGITAL TECHNOLOGY (GROUP) CO., LTD. (A #600556)"
90557,"JIANGSU KANION PHARMACEUTICAL CO.,LTD. (A #600557)"
90558,"ATLANTIC CHINA WELDING CONSUMABLES,INC. (A #600558)"
90559,"HEBEI HENGSHUI LAOBAIGAN LIQUOR CO.,LTD. (A #600559)"
90560,"BEIJING ARITIME INTELLIGENT CONTROL CO., LTD. (A #600560)"
90561,"JIANGXI CHANGYUN CO., LTD. (A #600561)"
90562,"GLARUN TECHNOLOGY CO.,LTD. (A #600562)"
90563,"XIAMEN FARATRONIC CO.,LTD. (A #600563)"
90566,"HUBEI JUMPCAN PHARMACEUTICAL CO., LTD. (A #600566)"
90567,"SHANYING INTERNATIONAL HOLDINGS CO., LTD. (A #600567)"
90568,"ZHONGZHU HEALTHCARE HOLDING CO., LTD (A #600568)"
90569,"ANYANG IRON AND STEEL CO., LTD. (A #600569)"
90570,HUNDSUN TECHNOLOGIES INC. (A #600570)
90571,"SUNYARD TECHNOLOGY CO.,LTD (A #600571)"
90572,"ZHEJIANG CONBA PHARMACEUTICAL CO.,LTD. (A #600572)"
90575,"HUAIHE ENERGY (GROUP) CO.,LTD (A #600575)"
90576,"ZHEJIANG SUNRIVER CULTURE TOURISM CO.,LTD (A #600576)"
90577,"TONGLING JINGDA SPECIAL MAGNET WIRE CO.,LTD. (A #600577)"
90578,"BEIJING JINGNENG POWER CO.,LTD. (A #600578)"
90580,"WOLONG ELECTRIC GROUP CO.,LTD. (A #600580)"
90581,"XINJIANG BA YI IRON & STEEL CO.,LTD. (A #600581)"
90582,"TIANDI SCIENCE & TECHNOLOGY CO.,LTD (A #600582)"
90583,"OFFSHORE OIL ENGINEERING CO., LTD. (A #600583)"
90584,"JCET GROUP CO., LTD. (A #600584)"
90585,ANHUI CONCH CEMENT COMPANY LIMITED (A #600585)
90586,"SHANDONG JINJING SCIENCE & TECHNOLOGY CO.,LTD (A #600586)"
90587,"SHINVA MEDICAL INSTRUMENT CO, LTD (A #600587)"
90588,"YONYOU NETWORK TECHNOLOGY CO., LTD. (A #600588)"
90589,"DAWEI TECHNOLOGY (GUANGDONG) GROUP CO., LTD. (A #600589)"
90590,"TELLHOW SCI-TECH CO.,LTD (A #600590)"
90592,"FUJIAN LONGXI BEARING(GROUP)CO.,LTD (A #600592)"
90593,"DALIAN SUNASIA TOURISM HOLDING CO.,LTD (A #600593)"
90594,"GUIZHOU YIBAI PHARMACEUTICAL CO., LTD. (A #600594)"
90595,"HENAN ZHONGFU INDUSTRIAL CO.,LTD (A #600595)"
90596,"ZHEJIANG XINAN CHEMICAL INDUSTRIAL GROUP CO.,LTD (A #600596)"
90597,"BRIGHT DAIRY & FOOD CO.,LTD (A #600597)"
90598,HEILONGJIANG AGRICULTURE COMPANY LIMITED (A #600598)
90600,TSINGTAO BREWERY COMPANY LIMITED (A #600600)
90601,"FOUNDER TECHNOLOGY GROUP CO., LTD. (A #600601)"
90602,INESA INTELLIGENT TECH INC. (A #600602)
90603,"GUANGHUI LOGISTICS CO., LTD (A #600603)"
90604,"SHANGHAI SHIBEI HI-TECH CO.,LTD. (A #600604)"
90605,"SHANGHAI HUITONG ENERGY CO.,LTD. (A #600605)"
90606,GREENLAND HOLDINGS CORPORATION LIMITED (A #600606)
90609,JINBEI AUTOMOTIVE COMPANY LIMITED (A #600609)
90610,"GUIZHOU ZHONGYIDA CO., LTD. (A #600610)"
90611,"DAZHONG TRANSPORTATION (GROUP) CO.,LTD. (A #600611)"
90612,"LAO FENG XIANG CO.,LTD. (A #600612)"
90613,SHANGHAI SHENQI PHARMACEUTICAL INVESTMENT MANAGEMENT CO.LTD.(A #600613)
90616,SHANGHAI JINFENG WINE COMPANY LIMITED (A #600616)
90617,SHANXI GUOXIN ENERGY CORPORATION LIMITED (A #600617)
90618,"SHANGHAI CHLOR-ALKALI CHEMICAL CO.,LTD. (A #600618)"
90619,"SHANGHAI HIGHLY (GROUP) CO., LTD. (A #600619)"
90620,"SHANGHAI TIANCHEN CO.,LTD. (A #600620)"
90621,"SHANGHAI CHINAFORTUNE CO., LTD (A #600621)"
90622,"EVERBRIGHT JIABAO CO.,LTD. (A #600622)"
90623,SHANGHAI HUAYI GROUP CORPORATION LTD. (A #600623)
90624,"SHANGHAI FUDAN FORWARD S&T CO., LTD (A #600624)"
90626,"SHANGHAI SHENDA CO.,LTD. (A #600626)"
90628,"SHANGHAI NEW WORLD CO.,LTD. (A #600628)"
90629,ARCPLUS GROUP PLC (A #600629)
90633,"ZHEJIANG DAILY DIGITAL CULTURE GROUP CO., LTD. (A #600633)"
90635,"SHANGHAI DAZHONG PUBLIC UTILITIES (GROUP) CO.,LTD (A #600635)"
90637,"ORIENTAL PEARL GROUP CO., LTD. (A #600637)"
90638,"SHANGHAI NEW HUANG PU INDUSTRIAL GROUP CO., LTD. (A# 600638)"
90639,"SHANGHAI JINQIAO EXPORT PROCESSING ZONE DEVELOPMENT CO.,LTD. (A #600639)"
90640,"NEW GUOMAI DIGITAL CULTURE CO., LTD (A #600640)"
90641,"SHANGHAI VITAL DEEPTECH CO., LTD. (A #600641)"
90642,SHENERGY COMPANY LIMITED (A #600642)
90643,"SHANGHAI AJ GROUP CO., LTD (A#600643)"
90644,"LESHAN ELECTRIC POWER CO.,LTD (A #600644)"
90645,"ZHONGYUAN UNION CELL & GENE ENGINEERING CORP., LTD (A #600645)"
90648,"SHANGHAI WAIGAOQIAO FREE TRADE ZONE GROUP CO.,LTD. (A #600648)"
90649,"SHANGHAI SMI HOLDING CO., LTD. (A #600649)"
90650,"SHANGHAI JIN JIANG ONLINE NETWORK SERVICE CO., LTD. (A #600650)"
90651,"SHANGHAI FEILO ACOUSTICS CO., LTD (A #600651)"
90654,"CHINA SECURITY CO., LTD (A #600654)"
90655,"SHANGHAI YUYUAN TOURIST MART (GROUP) CO.,LTD. (A #600655)"
90657,"CINDA REAL ESTATE CO.,LTD. (A #600657)"
90658,"BEIJING ELECTRONIC ZONE INVESTMENT AND DEVELOPMENT CO., LTD (A #600658)"
90660,"FUYAO GLASS INDUSTRY GROUP CO.,LTD (A #600660)"
90661,"SHANGHAI XINNANYANG ONLY EDUCATION & TECHNOLOGY CO., LTD (A #600661)"
90662,"SHANGHAI FOREIGN SERVICE HOLDING GROUP CO., LTD. (A #600662)"
90663,"SHANGHAI LUJIAZUI FINANCE & TRADE ZONE DEVELOPMENT CO.,LTD. (A #600663)"
90664,"HARBIN PHARMACEUTICAL GROUP CO.,LTD. (A #600664)"
90666,"AURORA OPTOELECTRONICS CO., LTD (A #600666)"
90667,WUXI TAIJI INDUSTRY COMPANY LIMITED. (A #600667)
90668,"ZHEJIANG JIANFENG GROUP CO.,LTD (A #600668)"
90673,"GUANGDONG HEC TECHNOLOGY HOLDING CO., LTD (A #600673)"
90674,"SICHUAN CHUANTOU ENERGY CO.,LTD. (A #600674)"
90675,CHINA ENTERPRISE COMPANY LIMITED (A #600675)
90676,"SHANGHAI JIAO YUN GROUP CO., LTD. (A #600676)"
90681,"BESTSUN ENERGY CO., LTD. (A #600681)"
90682,"NANJING XINJIEKOU DEPARTMENT STORE CO.,LTD (A #600682)"
90683,METRO LAND CORPORATION LTD. (A #600683)
90684,"GUANGZHOU PEARL RIVER DEVELOPMENT GROUP CO., LTD. (A #600684)"
90685,CSSC OFFSHORE & MARINE ENGINEERING (GROUP) COMPANY LIMITED (A #600685)
90686,"XIAMEN KING LONG MOTOR GROUP CO.,LTD. (A #600686)"
90688,"SINOPEC SHANGHAI PETROCHEMICAL CO.,LTD (A #600688)"
90690,"HAIER SMART HOME CO., LTD. (A #600690)"
90691,"SHANXI LU'AN CHEMICAL TECHNOLOGY CO., LTD. (A #600691)"
90693,"FUJIAN DONGBAI GROUP CO.,LTD. (A #600693)"
90694,"DASHANG CO.,LTD. (A #600694)"
90697,"CHANG CHUN EURASIA GROUP CO., LTD. (A #600697)"
90698,"HUNAN TYEN MACHINERY CO., LTD (A #600698)"
90699,NINGBO JOYSON ELECTRONIC CORP. (A #600699)
90702,"SICHUAN TUOPAI SHEDE WINE CO., LTD. (A #600702)"
90703,"SAN'AN OPTOELECTRONICS CO.,LTD (A #600703)"
90704,"WUCHAN ZHONGDA GROUP CO., LTD (A #600704)"
90707,"CAIHONG DISPLAY DEVICES CO.,LTD (A #600707)"
90708,"BRIGHT REAL ESTATE GROUP CO., LIMITED (A #600708)"
90710,SUMEC CORPORATION LIMITED (A #600710)
90711,"CHENGTUN MINING GROUP CO.,LTD (A #600711)"
90713,NANJING PHARMACEUTICAL GROUP COMPANY LIMITED (A #600713)
90714,"QINGHAI JINRUI MINERAL DEVELOPMENT CO.,LTD (A #600714)"
90715,"CULTURAL INVESTMENT HOLDINGS CO.,LTD. (A #600715)"
90716,JIANGSU PHOENIX PROPERTY INVESTMENT COMPANY LIMITED (A #600716)
90717,"TIANJIN PORT HOLDINGS CO.,LTD. (A #600717)"
90718,NEUSOFT CORPORATION (A #600718)
90720,"CCCC DESIGN & CONSULTING GROUP CO., LTD. (A #600720)"
90722,"HEBEI JINNIU CHEMICAL INDUSTRY CO.,LTD (A #600722)"
90724,NINGBO FUDA COMPANY LIMITED (A #600724)
90725,YUNNAN YUNWEI COMPANY LIMITED (A #600725)
90726,HUADIAN ENERGY COMPANY LIMITED (A #600726)
90728,"PCI TECHNOLOGY GROUP CO.,LTD. (A #600728)"
90729,"CHONGQING CHONGBAI TECHNOLOGY GROUP CO.,LTD. (A #600729)"
90730,"CHINA HI-TECH GROUP CO.,LTD. (A #600730)"
90732,"SHANGHAI AIKO SOLAR ENERGY CO., LTD. (A #600732)"
90733,"BLUEPARK NEW ENERGY TECHNOLOGY CO,.LTD (A #600733)"
90734,"FUJIAN START GROUP CO.,LTD (A #600734)"
90736,"SUZHOU NEW DISTRICT HI-TECH INDUSTRIAL CO.,LTD (A #600736)"
90737,"COFCO SUGAR HOLDING CO.,LTD. (A #600737)"
90738,"LANZHOU LISHANG GUOCHAO INDUSTRIAL GROUP CO.,LTD (A #600738)"
90739,"LIAONING CHENGDA CO.,LTD. (A #600739)"
90740,"SHAN XI COKING CO.,LTD (A #600740)"
90741,HUAYU AUTOMOTIVE SYSTEMS COMPANY LIMITED (A #600741)
90742,"CHANGCHUN FAWAY GROUP AUTOMOBILE COMPONENTS CO.,LTD (A #600742)"
90743,"BEIJING HUAYUAN XINHANG HOLDING CO.,LTD. (A #600743)"
90744,"DATANG HUAYIN ELECTRIC POWER CO.,LTD (A #600744)"
90745,"WINGTECH TECHNOLOGY CO.,LTD. (A #600745)"
90746,JIANGSU SOPO CHEMICAL CO.LTD. (A #600746)
90748,"SHANGHAI INDUSTRIAL DEVELOPMENT CO.,LTD. (A #600748)"
90750,"CHINA RESOURCES JIANGZHONG PHARMACEUTICAL CO.,LTD (A #600750)"
90751,"HNA TECHNOLOGY CO.,LTD. (A #600751)"
90754,"SHANGHAI JIN JIANG INTERNATIONAL HOTELS DEVELOPMENT CO.,LTD. (A #600754)"
90755,"XIAMEN INTERNATIONAL TRADE GROUP CORP., LTD. (A #600755)"
90756,"INSPUR SOFTWARE CO.,LTD. (A #600756)"
90757,"CHANGJIANG PUBLISHING & MEDIA CO.,LTD (A #600757)"
90758,"LIAONING ENERGY INDUSTRY CO.,LTD (A #600758)"
90759,GEO-JADE PETROLEUM CORPORATION (A #600759)
90760,AVIC SHENYANG AIRCRAFT COMPANY LIMITED (A #600760)
90761,"ANHUI HELI CO.,LTD. (A #600761)"
90763,TOPCHOICE MEDICAL CORPORATION (A #600763)
90764,CHINA MARINE INFORMATION ELECTRONICS COMPANY LIMITED (A #600764)
90765,"AVIC HEAVY MACHINERY CO.,LTD. (A #600765)"
90769,"WUHAN XIANGLONG POWER INDUSTRY CO.,LTD (A #600769)"
90770,"JIANGSU ZONGYI CO.,LTD (A #600770)"
90771,"GUANGYUYUAN CHINESE HERBAL MEDICINE CO., LTD. (A #600771)"
90773,"TIBET URBAN DEVELOPMENT AND INVESTMENT CO.,LTD (A #600773)"
90775,NANJING PANDA ELECTRONICS COMPANY LIMITED (A #600775)
90776,"EASTERN COMMUNICATIONS CO.,LTD. (A #600776)"
90777,SHANDONG XINCHAO ENERGY CORPORATION LIMITED (A #600777)
90778,"XINJIANG YOUHAO (GROUP) CO.,LTD (A #600778)"
90779,"SICHUAN SWELLFUN CO.,LTD (A #600779)"
90780,TOP ENERGY COMPANY LTD.SHANXI (A #600780)
90782,"XINYU IRON & STEEL CO.,LTD (A #600782)"
90783,"LUXIN VENTURE CAPITAL GROUP CO., LTD (A #600783)"
90784,"LUYIN INVESTMENT GROUP CO.,LTD. (A #600784)"
90785,"YINCHUAN XINHUA COMMERCIAL (GROUP) CO.,LTD. (A #600785)"
90787,"CMST DEVELOPMENT CO.,LTD. (A #600787)"
90789,"SHANDONG LUKANG PHARMACEUTICAL CO.,LTD. (A #600789)"
90790,"ZHEJIANG CHINA LIGHT&TEXTILE INDUSTRIAL CITY GROUP CO.,LTD. (A #600790)"
90794,"ZHANGJIAGANG FREETRADE SCIENCE AND TECHNOLOGY CO.,LTD. (A #600794)"
90795,"GD POWER DEVELOPMENT CO., LTD (A #600795)"
90796,"ZHEJIANG QIANJIANG BIOCHEMICAL CO.,LTD (A #600796)"
90797,"INSIGMA TECHNOLOGY CO.,LTD. (A #600797)"
90800,"TIAN JIN BOHAI CHEMICAL CO.,LTD. (A #600800)"
90801,"HUAXIN BUILDING MATERIALS GROUP CO., LTD. (A #600801)"
90802,FUJIAN CEMENT INC. (A #600802)
90803,"ENN NATURAL GAS CO.,LTD. (A #600803)"
90805,JIANGSU YUEDA INVESTMENT CO.LTD. (A #600805)
90807,"JINAN HIGH-TECH DEVELOPMENT CO.,LTD. (A #600807)"
90808,MAANSHAN IRON & STEEL COMPANY LIMITED (A #600808)
90809,"SHANXI XINGHUACUN FEN WINE FACTORY CO.,LTD (A #600809)"
90810,SHENMA INDUSTRIAL CO.LTD (A #600810)
90812,NORTH CHINA PHARMACEUTICAL COMPANY.LTD (A #600812)
90814,"HANGZHOU JIEBAI GROUP CO., LIMITED. (A #600814)"
90815,"XIAMEN XGMA MACHINERY CO., LTD. (A #600815)"
90816,"J-YUAN TRUST CO.,LTD. (A #600816)"
90817,"YUTONG HEAVY INDUSTRIES CO.,LTD. (A #600817)"
90818,"ZHONGLU CO.,LTD. (A #600818)"
90819,"SHANGHAI YAOHUA PILKINGTON GLASS GROUP CO., LTD. (A #600819)"
90820,"SHANGHAI TUNNEL ENGINEERING CO.,LTD. (A #600820)"
90821,NYOCOR COMPANY LIMITED (A #600821)
90824,"SHANGHAI YIMIN COMMERCIAL GROUP CO., LTD. (A #600824)"
90825,"SHANGHAI XINHUA MEDIA CO., LTD (A #600825)"
90826,DLG EXHIBITIONS & EVENTS CORPORATION LIMITED (A #600826)
90827,"SHANGHAI BAILIAN GROUP CO., LTD. (A #600827)"
90828,"MAOYE COMMERCIAL CO., LTD. (A #600828)"
90829,HPGC RENMINTONGTAI PHARMACEUTICAL CORPORATION (A #600829)
90830,"SUNNY LOAN TOP CO.,LTD (A #600830)"
90831,SHAANXI BROADCAST & TV NETWORK INTERMEDIARY (GROUP) CO.LTD (A #600831)
90833,"SHANGHAI NO.1 PHARMACY CO.,LTD. (A #600833)"
90835,"SHANGHAI MECHANICAL & ELECTRICAL INDUSTRY CO., LTD. (A #600835)"
90838,"SHANGHAI JOIN BUY CO.,LTD. (A #600838)"
90839,"SICHUAN CHANGHONG ELECTRIC CO.,LTD. (A #600839)"
90841,SHANGHAI NEW POWER AUTOMOTIVE TECHNOLOGY COMPANY LIMITED (A #600841)
90843,"SHANG GONG GROUP CO.,LTD. (A #600843)"
90845,"SHANGHAI BAOSIGHT SOFTWARE CO., LTD. (A #600845)"
90846,"SHANGHAI TONGJI SCIENCE & TECHNOLOGY INDUSTRIAL CO.,LTD (A #600846)"
90848,SHANGHAI LINGANG HOLDINGS CORPORATION LIMITED (A #600848)
90850,"CETC DIGITAL TECHNOLOGY CO.,LTD. (A #600850)"
90851,"SHANGHAI HAIXIN GROUP CO.,LTD. (A #600851)"
90855,"BEIJING AEROSPACE CHANGFENG CO.,LTD (A #600855)"
90858,"INZONE GROUP CO.,LTD (A #600858)"
90859,"WANGFUJING GROUP CO., LTD. (A #600859)"
90860,BEIJING JINGCHENG MACHINERY ELECTRIC COMPANY LIMITED (A #600860)
90861,"FESCO GROUP CO., LTD (A #600861)"
90862,"AVIC AVIATION HIGH-TECHNOLOGY CO., LTD. (A #600862)"
90863,INNER MONGOLIA MENGDIAN HUANENG THERMAL POWER CORPORATION LIMITED (A #600863)
90864,"HARBIN HATOU INVESTMENT CO.,LTD (A #600864)"
90866,"STAR LAKE BIOSCIENCE CO.,INC ZHAOQING GUANGDONG (A #600866)"
90867,"TONGHUA DONGBAO PHARMACEUTICAL CO.,LTD. (A #600867)"
90868,"GUANGDONG MEIYAN JIXIANG HYDROPOWER CO.,LTD. (A #600868)"
90869,"FAR EAST SMARTER ENERGY CO.,LTD (A #600869)"
90871,SINOPEC OILFIELD SERVICE CORPORATION (A #600871)
90872,"JONJEE HI-TECH INDUSTRIAL & COMMERCIAL HOLDING CO.,LTD (A #600872)"
90873,"MEIHUA HOLDINGS GROUP CO.,LTD (A #600873)"
90874,TIANJIN CAPITAL ENVIRONMENTAL PROTECTION GROUP CO LTD (A #600874)
90875,DONGFANG ELECTRIC CORPORATION LIMITED (A #600875)
90876,TRIUMPH NEW ENERGY COMPANY LIMITED (A #600876)
90877,CETC CHIPS TECHNOLOGY INC. (A #600877)
90879,"CHINA AEROSPACE TIMES ELECTRONICS CO., LTD. (A #600879)"
90880,"CHENGDU B-RAY MEDIA CO.,LTD (A #600880)"
90881,"JILIN YATAI (GROUP) CO., LTD. (A #600881)"
90882,"SHANGHAI MILKGROUND FOOD TECH CO., LTD. (A #600882)"
90884,"NINGBO SHANSHAN CO.,LTD. (A #600884)"
90885,"HONGFA TECHNOLOGY CO., LTD. (A #600885)"
90886,"SDIC POWER HOLDINGS CO.,LTD. (A #600886)"
90887,"INNER MONGOLIA YILI INDUSTRIAL GROUP CO.,LTD (A #600887)"
90888,"XINJIANG JOINWORLD CO.,LTD. (A #600888)"
90889,"NANJING CHEMICAL FIBRE CO.,LTD (A #600889)"
90893,"AECC AVIATION POWER CO,LTD (A #600893)"
90894,"GUANGZHOU GUANGRI STOCK CO.,LTD. (A #600894)"
90895,"SHANGHAI ZHANGJIANG HI-TECH PARK DEVELOPMENT CO.,LTD (A #600895)"
90897,"XIAMEN INTERNATIONAL AIRPORT CO.,LTD (A #600897)"
90900,"CHINA YANGTZE POWER CO.,LTD. (A #600900)"
90901,"JIANGSU FINANCIAL LEASING CO.,LTD. (A #600901)"
90903,GUIZHOU GAS GROUP CORPORATION LTD. (A #600903)
90905,"CHINA THREE GORGES RENEWABLES (GROUP) CO., LTD. (A #600905)"
90906,"CAIDA SECURITIES CO.,LTD (A #600906)"
90908,"WUXI RURAL COMMERCIAL BANK CO.,LTD (A #600908)"
90909,"HUAAN SECURITIES CO., LTD. (A #600909)"
90916,"CHINA NATIONAL GOLD GROUP GOLD JEWELLERY CO.,LTD (A #600916)"
90917,CHONGQING GAS GROUP CORPORATION LTD. (A #600917)
90918,"ZHONGTAI SECURITIES CO., LTD. (A #600918)"
90919,"BANK OF JIANGSU CO., LTD. (A #600919)"
90925,JIANGSU XUKUANG ENERGY CO. LTD. (A #600925)
90926,"BANK OF HANGZHOU CO.,LTD. (A #600926)"
90927,"YONGAN FUTURES CO.,LTD. (A #600927)"
90928,"BANK OF XI'AN CO.,LTD. (A #600928)"
90929,"SNOWSKY SALT INDUSTRY GROUP CO.,LTD (A #600929)"
90933,"IKD CO., LTD. (A #600933)"
90935,"ANHUI HWASU CO.,LTD. (A #600935)"
90936,GUANGXI BEITOU TECHNOLOGY COMPANY LIMITED (A #600936)
90938,CNOOC LIMITED (A #600938)
90939,"CHONGQING CONSTRUCTION ENGINEERING GP CO., LTD (A #600939)"
90941,CHINA MOBILE LIMITED (A #600941)
90955,"LIHUAYI WEIYUAN CHEMICAL CO., LTD. (A #600955)"
90956,CHINA SUNTIEN GREEN ENERGY CORPORATION LIMITED (A #600956)
90958,ORIENT SECURITIES COMPANY LIMITED (A #600958)
90959,JIANGSU BROADCASTING CABLE INFORMATION NETWORK CORPORATION LIMITED (A #600959)
90961,"ZHUZHOU SMELTER GROUP CO., LTD. (A #600961)"
90962,"SDIC ZHONGLU FRUIT JUICE CO., LTD. (A #600962)"
90963,"YUEYANG FOREST & PAPER CO., LTD. (A #600963)"
90965,"FORTUNE NG FUNG FOOD (HEBEI) CO., LTD (A #600965)"
90966,"SHANDONG BOHUI PAPER INDUSTRY CO.,LTD. (A #600966)"
90967,"INNER MONGOLIA FIRST MACHINERY GROUP CO.,LTD. (A #600967)"
90968,CNOOC ENERGY TECHNOLOGY & SERVICES LIMITED (A #600968)
90970,"SINOMA INTERNATIONAL ENGINEERING CO.,LTD. (A #600970)"
90971,"ANHUI HENGYUAN COAL INDUSTRY AND ELECTRICITY POWER CO., LTD. (A #600971)"
90973,"BAOSHENG SCIENCE AND TECHNOLOGY INNOVATION CO., LTD. (A #600973)"
90975,"HUNAN NEW WELLFULL CO.,LTD. (A #600975)"
90976,"JIANMIN PHARMACEUTICAL GROUPS CORP.,LTD. (A #600976)"
90977,"CHINA FILM GROUP CO.,LTD. (A #600977)"
90979,"SICHUAN GUANGAN AAA PUBLIC CO.,LTD . (A #600979)"
90981,JIANGSU SOHO HIGH HOPE GROUP CORPORATION (A #600981)
90982,"NINGBO ENERGY GROUP CO.,LTD. (A #600982)"
90983,"WHIRLPOOL CHINA CO.,LTD (A #600983)"
90984,"SHAANXI CONSTRUCTION MACHINERY CO.,LTD. (A #600984)"
90985,"HUAIBEI MINING HOLDINGS CO.,LTD. (A #600985)"
90986,"ZHEWEN INTERACTIVE GROUP CO., LTD. (A #600986)"
90987,"ZHEJIANG HANGMIN CO., LTD. (A #600987)"
90988,CHIFENG JILONG GOLD MINING GROUP LIMITED (A #600988)
90989,"NINGXIA BAOFENG ENERGY GROUP CO.,LTD (A #600989)"
90990,"ANHUI SUN CREATE ELECTRONICS CO.,LTD (A #600990)"
90992,"GUIZHOU WIRE ROPE CO., LTD (A #600992)"
90993,"MAYINGLONG PHARMACEUTICAL GROUP STOCK CO.,LTD. (A #600993)"
90995,"CHINA SOUTHERN POWER GRID ENERGY STORAGE CO.,LTD (A #600995)"
90996,"GUIZHOU BC&TV INFORMATION NETWORK CO.,LTD (A #600996)"
90997,KAILUAN ENERGY CHEMICAL CORPORATION LIMITED (A #600997)
90998,JOINTOWN PHARMACEUTICAL GROUP COMPANY LIMITED (A #600998)
90999,"CHINA MERCHANTS SECURITIES CO.,LTD. (A #600999)"
91000,"TANGSHAN PORT GROUP CO.,LTD. (A #601000)"
91001,"JINNENG HOLDING SHANXI COAL INDUSTRY CO.,LTD.(A #601001)"
91002,"GEM-YEAR INDUSTRIAL CO.,LTD. (A #601002)"
91003,"LIUZHOU IRON&STEEL CO.,LCD (A #601003)"
91005,CHONGQING IRON & STEEL COMPANY LIMITED (A #601005)
91006,"DAQIN RAILWAY CO., LTD. (A #601006)"
91008,"JIANGSU LIANYUNGANG PORT CO.,LTD. (A #601008)"
91009,"BANK OF NANJING CO., LTD (A #601009)"
91010,WENFENG GREAT WORLD CHAIN DEVELOPMENT CORPORATION (A #601010)
91011,"BAOTAILONG NEW MATERIALS CO.,LTD (A #601011)"
91012,"LONGI GREEN ENERGY TECHNOLOGY CO., LTD. (A #601012)"
91015,"SHAANXI HEIMAO COKING CO., LTD (A #601015)"
91016,CECEP WIND-POWER CORPORATION (A #601016)
91018,NINGBO ZHOUSHAN PORT COMPANY LIMITED (A #601018)
91019,"SHANDONG PUBLISHING&MEDIA CO.,LTD (A #601019)"
91020,TIBET HUAYU MINING CO. LTD. (A #601020)
91021,"SPRING AIRLINES CO., LTD. (A #601021)"
91022,"NINGBO OCEAN SHIPPING CO., LTD. (A #601022)"
91033,"GRANDTOP YONGXING GROUP CO.,LTD (A #601033)"
91038,FIRST TRACTOR COMPANY LIMITED (A #601038)
91058,"SAILUN GROUP CO.,LTD. (A #601058)"
91059,"CINDA SECURITIES CO., LTD. (A #601059)"
91061,"CITIC METAL CO., LTD (A #601061)"
91065,"JIANGXI SALT INDUSTRY GROUP CO., LTD (A #601065)"
91066,"CHINA SECURITIES CO.,LTD. (A #601066)"
91068,CHINA ALUMINUM INTERNATIONAL ENGINEERING CORPORATION LIMITED (A #601068)
91069,"WESTERN REGION GOLD CO., LTD. (A #601069)"
91077,"CHONGQING RURAL COMMERCIAL BANK CO., LTD. (A #601077)"
91083,"SHANGHAI JINJIANG SHIPPING (GROUP) CO.,LTD. (A #601083)"
91086,"GANSU GUOFANG INDUSTRY & TRADE (GROUP) CO., LTD. (A #601086)"
91088,CHINA SHENHUA ENERGY COMPANY LIMITED (A #601088)
91089,"BEIJING FOYOU PHARMA CO.,LTD (A #601089)"
91096,"HSINO TOWER GROUP CO., LTD. (A #601096)"
91098,"CHINA SOUTH PUBLISHING & MEDIA GROUP CO.,LTD. (A #601098)"
91099,"THE PACIFIC SECURITIES CO.,LTD (A #601099)"
91100,"JIANGSU HENGLI HYDRAULIC CO., LTD. (A #601100)"
91101,"BEIJING HAOHUA ENERGY RESOURCE CO. ,LTD (A #601101)"
91106,CHINA FIRST HEAVY INDUSTRIES (A #601106)
91107,SICHUAN EXPRESSWAY COMPANY LIMITED (A #601107)
91108,"CAITONG SECURITIES CO.,LTD (A #601108)"
91111,AIR CHINA LIMITED (A #601111)
91113,"YIWU HUADING NYLON CO.,LTD. (A #601113)"
91116,"SANJIANG SHOPPING CLUB CO.,LTD (A #601116)"
91117,"CHINA NATIONAL CHEMICAL ENGINEERING CO.,LTD. (A #601117)"
91118,"CHINA HAINAN RUBBER INDUSTRY GROUP CO.,LTD. (A #601118)"
91121,"XINJIANG BAODI MINING CO., LTD. (A #601121)"
91126,"BEIJING SIFANG AUTOMATION CO.,LTD. (A #601126)"
91127,"SERES GROUP CO.,LTD. (A #601127)"
91128,"JIANGSU CHANGSHU RURAL COMMERCIAL BANK CO., LTD. (A #601128)"
91133,"BOTH ENGINEERING TECHNOLOGY CO.,LTD. (A #601133)"
91136,CAPITAL SECURITIES CORPORATION LIMITED (A #601136)
91137,NINGBO BOWAY ALLOY MATERIAL COMPANY LIMITED (A #601137)
91138,"FOXCONN INDUSTRIAL INTERNET CO., LTD. (A #601138)"
91139,SHENZHEN GAS CORPORATION LTD. (A #601139)
91155,"SEAZEN HOLDINGS CO.,LTD. (A #601155)"
91156,"EASTERN AIR LOGISTICS CO., LTD. (A #601156)"
91158,"CHONGQING WATER GROUP CO.,LTD. (A #601158)"
91162,"TIANFENG SECURITIES CO., LTD (A #601162)"
91163,"TRIANGLE TYRE CO., LTD. (A #601163)"
91166,"INDUSTRIAL BANK CO.,LTD. (A #601166)"
91168,"WESTERN MINING CO., LTD. (A #601168)"
91169,"BANK OF BEIJING CO.,LTD. (A #601169)"
91177,"HANGZHOU ADVANCE GEARBOX GROUP CO., LTD. (A #601177)"
91179,"CHINA XD ELECTRIC CO., LTD. (A #601179)"
91186,CHINA RAILWAY CONSTRUCTION CORPORATION LIMITED (A #601186)
91187,"XIAMEN BANK CO.,LTD. (A #601187)"
91198,"DONGXING SECURITIES CO., LTD. (A #601198)"
91199,"JIANGSU JIANGNAN WATER CO., LTD. (A #601199)"
91200,"SHANGHAI ENVIRONMENT GROUP CO., LTD. (A #601200)"
91208,"SICHUAN EM TECHNOLOGY CO.,LTD. (A #601208)"
91211,"GUOTAI HAITONG SECURITIES CO.,LTD. #601211)"
91212,"BAIYIN NONFERROUS GROUP CO.,LTD (A #601212)"
91216,"INNER MONGOLIA JUNZHENG ENERGY & CHEMICAL GROUP CO.,LTD. (A #601216)"
91218,"JIANGSU SINOJIT WIND ENERGY TECHNOLOGY CO,.LTD. (A #601218)"
91222,"JIANGSU LINYANG ENERGY CO., LTD. (A #601222)"
91225,SHAANXI COAL INDUSTRY COMPANY LIMITED (A #601225)
91226,"HUADIAN HEAVY INDUSTRIES CO.,LTD. (A #601226)"
91228,GUANGZHOU PORT COMPANY LIMITED (A #601228)
91229,"BANK OF SHANGHAI CO.,LTD. (A #601229)"
91231,"UNIVERSAL SCIENTIFIC INDUSTRIAL(SHANGHAI)CO.,LTD. (A #601231)"
91233,"TONGKUN GROUP CO,LTD (A #601233)"
91236,"HONGTA SECURITIES CO.,LTD. (A #601236)"
91238,"GUANGZHOU AUTOMOBILE GROUP CO.,LTD. (A #601238)"
91279,"CHANGCHUN ENGLEY AUTOMOBILE INDUSTRY CO.,LTD. (A #601279)"
91288,AGRICULTURAL BANK OF CHINA LIMITED (A #601288)
91298,"QINGDAO PORT INTERNATIONAL CO., LTD. (A #601298)"
91311,"CAMEL GROUP CO.,LTD. (A #601311)"
91318,"PING AN INSURANCE (GROUP) COMPANY OF CHINA, LTD. (A #601318)"
91319,THE PEOPLE'S INSURANCE COMPANY (GROUP) OF CHINA LIMITED (A #601319)
91326,"QINHUANGDAO PORT CO., LTD. (A #601326)"
91328,"BANK OF COMMUNICATIONS CO.,LTD. (A #601328)"
91330,"DYNAGREEN ENVIRONMENTAL PROTECTION GROUP CO.,LTD (A #601330)"
91333,GUANGSHEN RAILWAY COMPANY LIMITED (A #601333)
91336,NEW CHINA LIFE INSURANCE COMPANY LTD. (A #601336)
91339,"BROS EASTERN CO., LTD. (A #601339)"
91360,360 SECURITY TECHNOLOGY INC. (A #601360)
91368,GUANGXI NANNING WATERWORKS GROUP COMPANY LIMITED. (A #601368)
91369,"XI'AN SHAANGU POWER CO., LTD. (A #601369)"
91375,"CENTRAL CHINA SECURITIES CO., LTD. (A #601375)"
91377,"INDUSTRIAL SECURITIES CO.,LTD (A #601377)"
91388,YECHIU METAL RECYCLING (CHINA) LTD. (A #601388)
91390,CHINA RAILWAY GROUP LIMITED (A #601390)
91398,INDUSTRIAL AND COMMERCIAL BANK OF CHINA LIMITED (A #601398)
91399,"SINOMACH HEAVY EQUIPMENT GROUP CO.,LTD. (A #601399)"
91456,GUOLIAN MINSHENG SECURITIES COMPANY LIMITED (A #601456)
91500,"JIANGSU GENERAL SCIENCE TECHNOLOGY CO.,LTD (A #601500)"
91512,"CHINA-SINGAPORE SUZHOU INDUSTRIAL PARK DEVELOPMENT GROUP CO., LTD (A #601512)"
91515,"QUZHOU DFP NEW MATERIAL GROUP CO.,LTD. (A #601515)"
91518,"JILIN EXPRESSWAY CO.,LTD. (A #601518)"
91519,SHANGHAI DZH LIMITED (A #601519)
91528,"ZHEJIANG SHAOXING RUIFENG RURAL COMMERCIAL BANK CO.,LTD. (A #601528)"
91555,"SOOCHOW SECURITIES CO.,LTD. (A #601555)"
91566,"JOEONE CO.,LTD. (A #601566)"
91567,"NINGBO SANXING MEDICAL ELECTRIC CO., LTD. (A#601567)"
91568,"SHAANXI BEIYUAN CHEMICAL INDUSTRY GROUP CO., LTD. (A #601568)"
91577,"BANK OF CHANGSHA CO.,LTD (A #601577)"
91579,"KUAIJISHAN SHAOXING RICE WINE CO., LTD. (A #601579)"
91588,BEIJING NORTH STAR COMPANY LIMITED (A #601588)
91595,SHANGHAI FILM CORPORATION (A #601595)
91598,SINOTRANS LIMITED (A #601598)
91600,ALUMINUM CORPORATION OF CHINA LIMITED (A #601600)
91601,"CHINA PACIFIC INSURANCE (GROUP) CO., LTD. (A #601601)"
91606,"ANHUI GREATWALL MILITARY INDUSTRY CO., LTD (A #601606)"
91607,"SHANGHAI PHARMACEUTICALS HOLDING CO., LTD. (A #601607)"
91608,"CITIC HEAVY INDUSTRIES CO.,LTD. (A #601608)"
91609,"NINGBO JINTIAN COPPER(GROUP) CO., LTD. (A #601609)"
91611,CHINA NUCLEAR ENGINEERING CORPORATION LIMITED (A #601611)
91615,MING YANG SMART ENERGY GROUP LIMITED (A #601615)
91618,METALLURGICAL CORPORATION OF CHINA LTD. (A #601618)
91619,JIAZE RENEWABLES CORPORATION LIMITED (A #601619)
91628,CHINA LIFE INSURANCE COMPANY LIMITED (A #601628)
91633,GREAT WALL MOTOR COMPANY LIMITED (A #601633)
91636,"ZHUZHOU KIBING GROUP CO., LTD (A #601636)"
91658,"POSTAL SAVINGS BANK OF CHINA, LTD. (A #601658)"
91665,"QILU BANK CO., LTD. (A #601665)"
91666,"PINGDINGSHAN TIANAN COAL MINING CO., LTD. (A #601666)"
91668,CHINA STATE CONSTRUCTION ENGINEERING CORPORATION LIMITED (A #601668)
91669,"POWER CONSTRUCTION CORPORATION OF CHINA,LTD.(POWERCHINA LTD.) (A #601669)"
91677,"HENAN MINGTAI AL.INDUSTRIAL CO.,LTD. (A #601677)"
91678,"BEFAR GROUP CO.,LTD (A #601678)"
91686,"TIANJIN YOU FA STEEL PIPE GROUP STOCK CO., LTD. (A #601686)"
91688,"HUATAI SECURITIES CO.,LTD (A #601688)"
91689,"NINGBO TUOPU GROUP CO.,LTD. (A #601689)"
91696,"BOC INTERNATIONAL (CHINA) CO., LTD. (A #601696)"
91698,"CHINA SATELLITE COMMUNICATIONS CO., LTD. (A #601698)"
91699,"SHANXI LU'AN ENVIRONMENTAL ENERGY DEVELOPMENT CO.,LTD. (A #601699)"
91700,"CHANGSHU FENGFAN POWER EQUIPMENT CO.,LTD (A #601700)"
91702,SHANGHAI HUAFON ALUMINIUM CORPORATION (A #601702)
91717,ZCZL INDUSTRIAL TECHNOLOGY GROUP COMPANY LIMITED (A #601717)
91718,JIHUA GROUP CORPORATION LIMITED (A #601718)
91727,SHANGHAI ELECTRIC GROUP COMPANY LIMITED (A #601727)
91728,CHINA TELECOM CORPORATION LIMITED (A #601728)
91766,CRRC CORPORATION LIMITED (A #601766)
91777,"CHONGQING AFARI TECHNOLOGY CO., LTD. (A #601777)"
91778,"JINKO POWER TECHNOLOGY CO., LTD. (A #601778)"
91788,EVERBRIGHT SECURITIES COMPANY LIMITED (A #601788)
91789,"NINGBO CONSTRUCTION CO., LTD (A #601789)"
91798,LANPEC TECHNOLOGIES LIMITED (A #601798)
91799,"CHANGZHOU XINGYU AUTOMOTIVE LIGHTING SYSTEMS CO., LTD (A #601799)"
91800,"CHINA COMMUNICATIONS CONSTRUCTION CO.,LTD (A #601800)"
91801,"ANHUI XINHUA MEDIA CO., LTD (A #601801)"
91808,CHINA OILFIELD SERVICES LIMITED (A #601808)
91811,"XINHUA WINSHARE PUBLISHING AND MEDIA CO., LTD. (A #601811)"
91816,"BEIJING-SHANGHAI HIGH SPEED RAILWAY CO., LTD. (A #601816)"
91818,CHINA EVERBRIGHT BANK COMPANY LIMITED (A #601818)
91825,"SHANGHAI RURAL COMMERCIAL BANK CO., LTD. (A #601825)"
91827,"CHONGQING SANFENG ENVIRONMENT GROUP CORP., LTD. (A #601827)"
91828,RED STAR MACALLINE GROUP CORPORATION LTD. (A #601828)
91838,"BANK OF CHENGDU CO., LTD. (A #601838)"
91857,PETROCHINA COMPANY LIMITED (A #601857)
91858,CHINA SCIENCE PUBLISHING & MEDIA LTD. (A #601858)
91860,"JIANGSU ZIJIN RURAL COMMERCIAL BANK CO.,LTD. (A #601860)"
91865,"FLAT GLASS GROUP CO.,LTD. (A #601865)"
91866,"COSCO SHIPPING DEVELOPMENT CO., LTD. (A #601866)"
91868,CHINA ENERGY ENGINEERING CORPORATION LIMITED (A #601868)
91869,YANGTZE OPTICAL FIBRE AND CABLE JOINT STOCK LIMITED COMPANY (A #601869)
91872,"CHINA MERCHANTS ENERGY SHIPPING CO., LTD. (A #601872)"
91877,"ZHEJIANG CHINT ELECTRICS CO.,LTD (A #601877)"
91878,"ZHESHANG SECURITIES CO., LTD. (A #601878)"
91880,"LIAONING PORT CO., LTD. (A #601880)"
91881,"CHINA GALAXY SECURITIES CO., LTD. (A #601881)"
91882,"NINGBO HAITIAN PRECISION MACHINERY CO., LTD. (A #601882)"
91886,"JANGHO GROUP CO., LTD. (A #601886)"
91888,CHINA TOURISM GROUP DUTY FREE CORPORATION LIMITED (A #601888)
91890,"ASIAN STAR ANCHOR CHAIN CO.,LTD.JIANGSU (A #601890)"
91898,CHINA COAL ENERGY COMPANY LIMITED (A #601898)
91899,ZIJIN MINING GROUP COMPANY LIMITED (A #601899)
91900,"SOUTHERN PUBLISHING AND MEDIA CO., LTD. (#601900)"
91901,"FOUNDER SECURITIES CO., LTD. (A #601901)"
91908,"BEIJING JINGYUNTONG TECHNOLOGY CO.,LTD. (A #601908)"
91916,"CHINA ZHESHANG BANK CO., LTD.(A #601916)"
91918,"CHINA COAL XINJI ENERGY CO., LTD (A #601918)"
91919,"COSCO SHIPPING HOLDINGS CO., LTD. (A #601919)"
91921,"ZHEJIANG PUBLISHING & MEDIA CO., LTD. (A #601921)"
91928,JIANGSU PHOENIX PUBLISHING&MEDIA CORPORATION LIMITED (A #601928)
91929,"JISHI MEDIA CO., LTD. (A #601929)"
91933,"YONGHUI SUPERSTORES CO., LTD. (A #601933)"
91939,CHINA CONSTRUCTION BANK CORPORATION (A #601939)
91949,"CHINA PUBLISHING & MEDIA HOLDINGS CO., LTD. (A #601949)"
91952,"JIANGSU PROVINCIAL AGRICULTURAL RECLAMATION AND DEV CO.,LTD (A #601952)"
91958,"JINDUICHENG MOLYBDENUM CO.,LTD (A #601958)"
91963,"BANK OF CHONGQING CO., LTD. (A #601963)"
91965,"CHINA AUTOMOTIVE ENGINEERING RESEARCH INSTITUE CO.,LTD (A #601965)"
91966,"SHANDONG LINGLONG TYRE CO., LTD. (A #601966)"
91968,"SHANGHAI BAOSTEEL PACKAGING CO.,LTD. (A #601968)"
91969,"HAINAN MINING CO.,LTD (A #601969)"
91975,NANJING TANKER CORPORATION (A #601975)
91985,"CHINA NATIONAL NUCLEAR POWER CO., LTD. (A #601985)"
91988,BANK OF CHINA LIMITED (A #601988)
91990,"NANJING SECURITIES CO., LTD. (A #601990)"
91991,"DATANG INTERNATIONAL POWER GENERATION CO.,LTD. (A #601991)"
91992,BBMG CORPORATION (A #601992)
91995,CHINA INTERNATIONAL CAPITAL CORPORATION LIMITED (A #601995)
91996,"GUANGXI FENGLIN WOOD LNDUSTRY GROUP CO.,LTD. (A #601996)"
91997,BANK OF GUIYANG CO.LTD. (A #601997)
91998,CHINA CITIC BANK CORPORATION LIMITED (A #601998)
93000,"PEOPLE.CN CO.,LTD (A #603000)"
93001,"ZHEJIANG AOKANG SHOES CO., LTD. (A #603001)"
93002,EPOXY BASE ELECTRONIC MATERIAL CORPORATION LIMITED (A #603002)
93004,"ZHEJIANG DRAGON TECHNOLOGY CO., LTD. (A #603004)"
93005,"CHINA WAFER LEVEL CSP CO., LTD (A #603005)"
93006,"SHANGHAI LIANMING MACHINERY CO.,LTD (A #603006)"
93007,"DANYANG SYNGEN INTELLIGENT TECHNOLOGY CO.,LTD. (A #603007)"
93008,"SLEEMON HEALTHY SLEEP TECHNOLOGY CO., LTD. (A #603008)"
93009,"SHANGHAI BEITE TECHNOLOGY GROUP CO.,LTD. (A #603009)"
93010,"ZHEJIANG WANSHENG CO.,LTD (A #603010)"
93011,"HEFEI METALFORMING INTELLIGENT MANUFACTURING CO., LTD. (A #603011)"
93012,"SHANGHAI CHUANGLI GROUP CO.,LTD. (A #603012)"
93013,"YAPP AUTOMOTIVE SYSTEMS CO., LTD. (A #603013)"
93014,"SHANDONG WEIGAO BLOOD PURIFICATION PRODUCTS CO., LTD. (A #603014)"
93015,"NINGBO TECHMATION CO., LTD. (A #603015)"
93016,"WUXI NEW HONGTAI ELECTRICAL TECHNOLOGY CO.,LTD (A #603016)"
93018,"CHINA DESIGN GROUP CO.,LTD. (A #603018)"
93019,"DAWNING INFORMATION INDUSTRY CO., LTD. (A #603019)"
93025,BEIJING DAHAO TECHNOLOGY CORPORATION LIMITED (A #603025)
93026,"SHIDA SHINGHWA ADVANCED MATERIAL GROUP CO.,LTD (A #603026)"
93027,"QIANHE CONDIMENT AND FOOD CO., LTD (A #603027)"
93031,"ANHUI ANFU BATTERY TECHNOLOGY CO.,LTD. (A #603031)"
93032,"DELIXI NEW ENERGY TECHNOLOGY CO.,LTD (A #603032)"
93033,"ZHEJIANG SANWEI RUBBER ITEM CO.,LTD. (A #603033)"
93035,"JIANGSU CHANGSHU AUTOMOTIVE GROUP TRIM CO.,LTD. (A #603035)"
93039,"WEAVER NETWORK TECHNOLOGY CO.,LTD. (A #603039)"
93040,"HANGZHOU XZB TECH CO.,LTD (A #603040)"
93043,"GUANGZHOU RESTAURANT GROUP CO.,LTD. (A #603043)"
93050,"SHIJIAZHUANG KELIN ELECTRIC CO., LTD. (A #603050)"
93051,"GUANGZHOU LUSHAN NEW MATERIALS CO., LTD. (A #603051)"
93052,"SUZHOU K-HIRAGAWA ELECTRONIC TECHNOLOGY CO., LTD. (A #603052)"
93053,CHENGDU GAS GROUP CORPORATION LTD. (A #603053)
93055,"ZHEJIANG TAIHUA NEW MATERIAL GROUP CO., LTD (A #603055)"
93057,"ZIYAN FOODS GROUP CO., LTD. (A #603057)"
93060,"CHINA TESTING & CERTIFICATION INTERNATIONAL GROUP CO.,LTD. (A #603060)"
93061,"JHT DESIGN CO.,LTD. (A #603061)"
93062,MEGA P&C ADVANCED MATERIALS (SHANGHAI) COMPANY LIMITED (A #603062)
93063,"SHENZHEN HOPEWIND ELECTRIC CO.,LTD. (A #603063)"
93065,"SUQIAN UNITECH CORP., LTD. (A #603065)"
93067,"HUBEI ZHENHUA CHEMICAL CO.,LTD (A #603067)"
93068,BEKEN CORPORATION (A #603068)
93069,"HAINAN HAIQI TRANSPORTATION GROUP CO.,LTD. (A #603069)"
93070,"WECOME INTELLIGENT MANUFACTURING CO.,LTD. (A #603070)"
93071,"ZJMI ENVIRONMENTAL ENERGY CO.,LTD. (A #603071)"
93072,"BAOTOU TIANHE MAGNETICS TECHNOLOGY CO., LTD. (A #603072)"
93075,"HANGZHOU HEATWELL ELECTRIC HEATING TECHNOLOGY CO., LTD. (A #603075)"
93077,"SICHUAN HEBANG BIOTECHNOLOGY CO., LTD. (A#603077)"
93078,"JIANGYIN JIANGHUA MICRO-ELECTRONIC MATERIALS CO., LTD (A #603078)"
93080,"XINJIANG TORCH GAS CO.,LTD. (A #603080)"
93081,"ZHEJIANG DAFENG INDUSTRY CO., LTD (A #603081)"
93082,"BZS (BEIJING) TECHNOLOGY DEVELOPMENT CO.,LTD (A #603082)"
93083,"CIG SHANGHAI CO., LTD. (A #603083)"
93087,GAN & LEE PHARMACEUTICALS. (A #603087)
93088,"JDM JINGDA MACHINE(NINGBO) CO.,LTD (A #603088)"
93090,"WUXI HONGSHENG HEAT EXCHANGER MANUFACTURING CO., LTD. (A #603090)"
93091,"ZHEJIANG ZHONGXIN ENVIRONMENTAL PROTECTION TECH GP CO., LTD. (A #603091)"
93093,"NANHUA FUTURES CO.,LTD. (A #603093)"
93097,"JIANGSU HUACHEN TRANSFORMER CO.,LTD. (A #603097)"
93098,CENTER INTERNATIONAL GROUP COMPANY LIMITED (A #603098)
93099,"CHANGBAI MOUNTAIN TOURISM CO.,LTD (A #603099)"
93100,"CHONGQING CHUANYI AUTOMATION CO.,LTD. (A #603100)"
93103,"HENGDIAN ENTERTAINMENT CO.,LTD (A #603103)"
93105,"ZHEJIANG SUNOREN SOLAR TECHNOLOGY CO.,LTD. (A #603105)"
93106,"CASHWAY FINTECH CO., LTD. (A #603106)"
93107,"SHANGHAI AUTOMOBILE AIR-CONDITIONER ACCESSORIES CO., LTD. (A #603107)"
93108,"SHANGHAI RUNDA MEDICAL TECHNOLOGY CO.,LTD (A #603108)"
93109,"SENCI ELECTRIC MACHINERY CO.,LTD (A #603109)"
93110,"NEW EAST NEW MATERIALS CO.,LTD (A #603110)"
93111,"NANJING KANGNI MECHANICAL & ELECTRICAL CO., LTD. (A #603111)"
93112,"SHANXI HUAXIANG GROUP CO., LTD (A #603112)"
93113,"JINNENG SCIENCE&TECHNOLOGY CO., LTD. (A #603113)"
93115,"NANTONG HAIXING ELECTRONICS CO., LTD. (A #603115)"
93116,"ZHEJIANG RED DRAGONFLY FOOTWEAR CO., LTD. (A #603116)"
93118,"SHENZHEN GONGJIN ELECTRONICS CO.,LTD. (A #603118)"
93119,"ZHEJIANG RONGTAI ELECTRIC MATERIAL CO.,LTD. (A #603119)"
93121,"SHANGHAI SINOTEC CO.,LTD (A #603121)"
93122,"COWEALTH MEDICAL CHINA CO.,LTD. (A #603122)"
93123,"BEIJING CUIWEI TOWER CO., LTD. (A #603123)"
93124,"JIANGXI JIANGNAN NEW MATERIAL TECHNOLOGY CO., LTD. (A #603124)"
93125,JIANG SU EVERGREEN MATERIAL TECHNOLOGY INCORPORATED COMPANY (A #603125)
93126,SINOMA ENERGY CONSERVATION LTD. (A #603126)
93127,"JOINN LABORATORIES (CHINA) CO., LTD (A #603127)"
93128,CTS INTERNATIONAL LOGISTICS CORPORATION LIMITED (A #603128)
93129,"ZHE JIANG CFMOTO POWER CO.,LTD. (A #603129)"
93130,"ZHEJIANG YUNZHONGMA CO., LTD (A #603130)"
93131,"SHANGHAI HUGONG ELECTRIC GROUP CO.,LTD. (A #603131)"
93132,JINHUI MINING INCORPORATION LIMITED (A #603132)
93135,"ZHONGZHONG SCIENCE & TECHNOLOGY(TIANJIN)CO., LTD. (A #603135)"
93136,"JIANGSU TIANMU LAKE TOURISM CO.,LTD. (A #603136)"
93138,"BEIJING VASTDATA TECHNOLOGY CO., LTD. (A #603138)"
93153,"SRIBS CONSULTING GROUP CO.,LTD. (A #603153)"
93155,"XINYAQIANG SILICON CHEMISTRY CO.,LTD (A #603155)"
93156,"HEBEI YANGYUAN ZHIHUI BEVERAGE CO.,LTD. (A #603156)"
93158,"CHANGZHOU TENGLONG AUTO PARTS CO.,LTD. (A #603158)"
93160,"SHENZHEN GOODIX TECHNOLOGY CO.,LTD. (A #603160)"
93162,"FUJIAN HIGHTON DEVELOPMENT CO.,LTD. (A #603162)"
93163,"ACTER TECHNOLOGY INTEGRATION GROUP CO., LTD. (A #603163)"
93165,"ZHEJIANG RONGSHENG ENVIRONMENTAL PROTECTION PAPER CO.,LTD (A #603165)"
93166,"GUILIN FUDA CO.,LTD. (A #603166)"
93167,"BOHAI FERRY GROUP CO.,LTD. (A #603167)"
93168,"ZHEJIANG SHAPUAISI PHARMACEUTICAL CO., LTD. (A #603168)"
93169,"LANZHOU LS HEAVY EQUIPMENT CO .,LTD. (A #603169)"
93170,"SHANGHAI BOLEX FOOD TECHNOLOGY CO., LTD. (A #603170)"
93171,"SERVYOU SOFTWARE GROUP CO., LTD. (A #603171)"
93173,"HANGZHOU FORTUNE GAS CRYOGENIC GROUP CO., LTD. (A #603173)"
93178,"NINGBO SHENGLONG AUTOMOTIVE POWERTRAIN SYSTEM CO.,LTD (A #603178)"
93179,"JIANGSU XINQUAN AUTOMOTIVE TRIM CO.,LTD. (A #603179)"
93180,"GOLDENHOME LIVING CO.,LTD. (A #603180)"
93181,"ZHEJIANG HUANGMA TECHNOLOGY CO.,LTD (A #603181)"
93185,"HONGYUAN GREEN ENERGY CO.,LTD. (A #603185)"
93186,"ZHEJIANG WAZAM NEW MATERIALS CO., LTD. (A #603186)"
93187,"QINGDAO HIRON COMMERCIAL COLD CHAIN CO.,LTD. (A #603187)"
93188,"JIANGSU YABANG DYESTUFF CO.,LTD. (A #603188)"
93189,"SHANGHAI WONDERTEK SOFTWARE CO., LTD (A #603189)"
93191,"CHONGQING WANGBIAN ELECTRIC (GROUP) CORP.,LTD. (A #603191)"
93193,"RUNBEN BIOTECHNOLOGY CO., LTD. (A #603193)"
93194,"ZHEJIANG E-P EQUIPMENT CO., LTD. (A #603194)"
93195,"GONEO GROUP CO., LTD. (A #603195)"
93196,"SHANGHAI PORIGINE CHEMICAL MATERIAL GROUP CO., LTD. (A #603196)"
93197,SHANGHAI BAOLONG AUTOMOTIVE CORPORATION (A #603197)
93198,"ANHUI YINGJIAGONGJIU CO.,LTD. (A #603198)"
93200,"SHANGHAI EMPEROR OF CLEANING HI-TECH CO., LTD (A #603200)"
93202,"HEILONGJIANG TIANYOUWEI ELECTRONICS CO., LTD. (A #603202)"
93203,"QUICK INTELLIGENT EQUIPMENT CO.,LTD. (A #603203)"
93206,"BESTLINK TECHNOLOGIES CO.,LTD. (A #603206)"
93207,"SHANGHAI XIAO FANG PHARMACEUTICAL CO.,LTD. (A #603207)"
93208,"JIANGSHAN OUPAI DOOR INDUSTRY CO., LTD (A #603208)"
93209,"XINGTONG SHIPPING CO., LTD. (A #603209)"
93210,"ZHEJIANG TION VANLY TECH. CO., LTD. (A #603210)"
93211,"JINTUO TECHNOLOGY CO.,LTD (A #603211)"
93212,CYBRID TECHNOLOGIES INC. (A #603212)
93213,"ZHEJIANG OCEANKING DEVELOPMENT CO., LTD. (A #603213)"
93216,MENGTIAN HOME GROUP INC. (A #603216)
93217,"YUANLI CHEMICAL GROUP CO.,LTD. (A #603217)"
93218,"RIYUE HEAVY INDUSTRY CO.,LTD (A #603218)"
93219,"NINGBO FUJIA INDUSTRIAL CO., LTD. (A #603219)"
93220,"CHINA BESTER GROUP TELECOM CO.,LTD. (A #603220)"
93222,"CHIMIN HEALTH MANAGEMENT CO., LTD. (A #603222)"
93223,"HENGTONG LOGISTICS CO.,LTD. (A #603223)"
93225,"XIN FENGMING GROUP CO., LTD (A #603225)"
93226,"VOHRINGER HOME TECHNOLOGY CO., LTD. (A #603226)"
93227,"XINJIANG XUEFENG SCI-TECH (GROUP) CO.,LTD (A #603227)"
93228,"SHENZHEN KINWONG ELECTRONIC CO.,LTD. (A #603228)"
93229,"ZHEJIANG AUSUN PHARMACEUTICAL CO., LTD. (A #603229)"
93230,"INNER MONGOLIA XINHUA DISTRIBUTION GROUP CO.,LTD. (A #603230)"
93232,"KOAL SOFTWARE CO., LTD (A #603232)"
93233,"DASHENLIN PHARMACEUTICAL GROUP CO., LTD. (A #603233)"
93235,"JIANGXI TIANXIN PHARMACEUTICAL CO., LTD. (A #603235)"
93236,"QUECTEL WIRELESS SOLUTIONS CO.,LTD. (A #603236)"
93239,"ZHEJIANG XIANTONG RUBBER & PLASTIC CO.,LTD (A #603239)"
93255,"LIAONING DINGJIDE PETROCHEMICAL CO., LTD. (A #603255)"
93256,"GRACE FABRIC TECHNOLOGY CO.,LTD. (A #603256)"
93257,"CHINA NERIN ENGINEERING CO., LTD (A #603257)"
93258,"HANGZHOU ELECTRONIC SOUL NETWORK TECHNOLOGY CO.,LTD (A #603258)"
93259,"WUXI APPTEC CO., LTD. (A #603259)"
93260,"HOSHINE SILICON INDUSTRY CO., LTD. (A #603260)"
93267,"BEIJING YUANLIU HONGYUAN ELECTRONIC TECHNOLOGY CO.,LTD. (A #603267)"
93268,"GUANGDONG SONGFA CERAMICS CO.,LTD. (A #603268)"
93270,"SHANDONG GOLDEN EMPIRE PRECISION MACH INERY TECHNOLOGY CO., LTD. (A #603270)"
93271,"YONGJIE NEW MATERIAL CO.,LTD. (A #603271)"
93275,"SHANGHAI ZHONGCHEN ELECTRONIC TECHNOLOGY CO.,LTD. (A #603275)"
93277,"YINDU KITCHEN EQUIPMENT CO.,LTD (A #603277)"
93279,JINGJIN EQUIPMENT INC. (A #603279)
93281,"HUBEI JIANGHAN NEW MATERIALS CO., LTD. (A #603281)"
93283,"SUZHOU SECOTE PRECISION ELECTRONIC CO., LTD. (A #603283)"
93285,"SHANDONG JIANBANG NEW MATERIAL CO., LTD. (A #603285)"
93286,"JIANGSU RIYING ELECTRONICS CO., LTD. (A #603286)"
93288,FOSHAN HAITIAN FLAVOURING AND FOOD COMPANY LTD. (A #603288)
93290,STARPOWER SEMICONDUCTOR LTD. (A #603290)
93291,"JIANGSU UNITED WATER TECHNOLOGY CO.,LTD. (A #603291)"
93296,"HUAQIN CO.,LTD. (A #603296)"
93297,"NINGBO YONG XIN OPTICS CO., LTD (A #603297)"
93298,"HANGCHA GROUP.,LTD. (A #603298)"
93299,"JIANG SU SUYAN JINGSHEN CO.,LTD (A #603299)"
93300,"ZHEJIANG HAIKONG NANKEHUATIE DIGITAL INTELLIGENCE & TECH CO.,LTD (A #603300)"
93301,"ZHENDE MEDICAL CO.,LTD. (A #603301)"
93303,"HENGDIAN GROUP TOSPO LIGHTING CO.,LTD. (A #603303)"
93305,"NINGBO XUSHENG GROUP CO.,LTD. (A #603305)"
93306,"HMT (XIAMEN) NEW TECHNICAL MATERIALS CO.,LTD. (A #603306)"
93308,"ANHUI YINGLIU ELECTROMECHANICAL CO.,LTD (A #603308)"
93309,"WELL LEAD MEDICAL CO., LTD. (A #603309)"
93310,"ZHEJIANG WEIHUA NEW MATERIAL CO., LTD. (A #603310)"
93312,"SUZHOU WEST DEANE NEW POWER ELECTRIC CO.,LTD. (A #603312)"
93313,"HEALTHCARE CO.,LTD (A #603313)"
93315,"LIAONING FU-AN HEAVY INDUSTRY CO.,LTD (A #603315)"
93317,"SICHUAN TEWAY FOOD GROUP CO., LTD (A #603317)"
93319,"HUNAN MEIHU INTELLIGENT MANUFACTURING CO., LTD. (A #603319)"
93322,"SUPER TELECOM CO.,LTD. (A #603322)"
93323,"JIANGSU SUZHOU RURAL COMMERCIAL BANK CO.,LTD (A #603323)"
93324,"SHANGHAI SHENGJIAN TECHNOLOGY CO., LTD. (A #603324)"
93325,SHANGHAI BLOOM TECHNOLOGY INC. (A #603325)
93327,"SICHUAN FURONG TECHNOLOGY CO., LTD. (A #603327)"
93328,"GUANGDONG ELLINGTON ELECTRONICS TECHNOLOGY CO., LTD. (A #603328)"
93330,"TIANYANG NEW MATERIALS (SHANGHAI) TECHNOLOGY CO., LTD. (A #603330)"
93332,"SUZHOU LONGJIE SPECIAL FIBER CO., LTD. (A #603332)"
93333,"SUNWAY CO., LTD. (A #603333)"
93336,"GREAT-SUN FOODS CO.,LTD. (A #603336)"
93337,"JACK TECHNOLOGY CO., LTD (A #603337)"
93338,"ZHEJIANG DINGLI MACHINERY CO.,LTD (A #603338)"
93339,"SQUARE TECHNOLOGY GROUP CO., LTD. (A #603339)"
93341,"SHANGHAI LONGCHEER TECHNOLOGY CO., LTD. (A #603341)"
93344,"CINDERSON TECH (SUZHOU) CO., LTD. (A #603344)"
93345,"FUJIAN ANJOY FOODS CO.,LTD (A #603345)"
93348,"WENCAN GROUP CO.,LTD. (A #603348)"
93351,"NANJING WELL PHARMACEUTICAL CO.,LTD. (A #603351)"
93353,"HUNAN HESHUN PETROLEUM CO.,LTD. (A #603353)"
93355,"KINGCLEAN ELECTRIC CO.,LTD (A #603355)"
93357,"ANHUI TRANSPORT CONSULTING & DESIGN INSTITUTE CO.,LTD. (A #603357)"
93358,"HUADA AUTOMOTIVE TECHNOLOGY CO.,LTD. (A #603358)"
93359,"DONGZHU ECOLOGICAL ENVIRONMENT PROTECTION CO.,LTD (A #603359)"
93360,DALIAN BIO-CHEM COMPANY LIMITED. (A #603360)
93363,FUJIAN AONONG BIOLOGICAL TECHNOLOGY GROUP INCORPORATION LIMITED (A #603363)
93365,"SHANGHAI SHUIXING HOME TEXTILE CO., LTD (A #603365)"
93366,"SOLAREAST HOLDINGS CO.,LTD. (A #603366)"
93367,"CISEN PHARMACEUTICAL CO., LTD. (A #603367)"
93368,"GUANGXI LIUYAO GROUP CO., LTD (A #603368)"
93369,"JIANGSU KING'S LUCK BREWERY JOINT - STOCK CO., LTD (A #603369)"
93373,"ANBANG SAVE-GUARD GROUP CO., LTD. (A #603373)"
93377,"EASTERN PIONEER DRIVING SCHOOL CO., LTD. (A #603377)"
93378,"ASIA CUANON TECHNOLOGY (SHANGHAI) CO.,LTD. (A #603378)"
93379,"ZHEJIANG SANMEI CHEMICAL INDUSTRY CO., LTD. (A #603379)"
93380,"SUZHOU ETRON TECHNOLOGIES CO.,LTD. (A #603380)"
93381,"YONZ TECHNOLOGY CO., LTD. (A #603381)"
93383,"FUJIAN APEX SOFTWARE CO.,LTD (A #603383)"
93387,"GETEIN BIOTECH, INC. (A #603387)"
93391,"ZHEJIANG LIJU THERMAL EQUIPMENT CO., LTD. (A #603391)"
93392,"BEIJING WANTAI BIOLOGICAL PHARMACY ENTERPRISE CO., LTD. (A #603392)"
93393,"XINJIANG XINTAI NATURAL GAS CO., LTD. (A #603393)"
93395,"CNSIG ANHUI HONGSIFANG FERTILIZER CO., LTD. (A #603395)"
93396,"YINGKOU JINCHEN MACHINERY CO., LTD. (A #603396)"
93398,"MUBANG HIGH-TECH CO., LTD. (A #603398)"
93399,"JINZHOU YONGSHAN LITHIUM CO., LTD (A #603399)"
93408,RUNNER(XIAMEN) CORP. (A #603408)
93416,"WUXI XINJE ELECTRIC CO.,LTD. (A #603416)"
93421,QINGDAO TOPSCOMM COMMUNICATION INC. (A #603421)
93429,"ANHUI GENUINE NEW MATERIALS CO.,LTD. (A #603429)"
93439,"GUIZHOU SANLI PHARMACEUTICAL CO.,LTD. (A #603439)"
93444,"G-BITS NETWORK TECHNOLOGY(XIAMEN)CO., LTD (A #603444)"
93456,"ZHEJIANG JIUZHOU PHARMACEUTICAL CO.,LTD (A #603456)"
93466,"SHANGHAI FENGYUZHU CULTURE TECHNOLOGY CO., LTD. (#603466)"
93477,LESHAN GIANTSTAR FARMING&HUSBANDRY CORPORATION LIMITED (A #603477)
93486,"ECOVACS ROBOTICS CO., LTD. (A #603486)"
93489,"BAFANG ELECTRIC (SUZHOU) CO., LTD. (A #603489)"
93496,EMBEDWAY TECHNOLOGIES (SHANGHAI) CORPORATION (A #603496)
93499,"SHANGHAI SUNGLOW PACKAGING TECHNOLOGY CO., LTD. (A #603499)"
93501,"OMNIVISOIN INTEGRATED CIRCUITS GROUP, INC. (A #603501)"
93505,"CHINA KINGS RESOURCES GROUP CO., LTD. (A #603505)"
93507,"JIANGSU ZHENJIANG NEW ENERGY EQUIPMENT CO., LTD. (A #603507)"
93508,"HENAN THINKER AUTOMATIC EQUIPMENT CO.,LTD (A #603508)"
93511,"AIMER CO.,LTD. (A #603511)"
93515,"OPPLE LIGHTING CO.,LTD. (A #603515)"
93516,"BEIJING TRICOLOR TECHNOLOGY CO.,LTD. (A #603516)"
93517,"JUE WEI FOOD CO., LTD. (A #603517)"
93520,"ZHEJIANG STARRY PHARMACEUTICAL CO.,LTD (A #603520)"
93528,DUOLUN TECHNOLOGY CORPORATION LTD. (A #603528)
93529,"AIMA TECHNOLOGY GROUP CO., LTD. (A #603529)"
93530,"JIANGSU SHEMAR ELECTRIC CO.,LTD (A #603530)"
93533,"IREADER TECHNOLOGY CO.,LTD. (A #603533)"
93535,"GUANGZHOU JIACHENG INTERNATIONAL LOGISTICS CO.,LTD. (A #603535)"
93538,"NINGBO MENOVO PHARMACEUTICAL CO., LTD. (A #603538)"
93556,"HEXING ELECTRICAL CO.,LTD (A #603556)"
93565,"SHANGHAI ZHONGGU LOGISTICS CO., LTD. (A #603565)"
93566,"PULIKE BIOLOGICAL ENGINEERING,INC. (A #603566)"
93567,"HEILONGJIANG ZBD PHARMACEUTICAL CO., LTD. (A #603567)"
93568,"ZHEJIANG WEIMING ENVIRONMENT PROTECTION CO.,LTD. (A #603568)"
93569,BEIJING CHANGJIU LOGISTICS CORP. (A #603569)
93579,SHANGHAI RONGTAI HEALTH TECHNOLOGY CORPORATION LIMITED (A #603579)
93583,"ZHEJIANG JIECANG LINEAR MOTION TECHNOLOGY CO., LTD. (A #603583)"
93585,"SULI CO.,LTD. (A #603585)"
93587,"DAZZLE FASHION CO., LTD. (A #603587)"
93588,"BEIJING GEOENVIRON ENGINEERING & TECHNOLOGY, INC. (A #603588)"
93589,"ANHUI KOUZI DISTILLERY CO., LTD. (A #603589)"
93590,"BEIJING KONRUNS PHARMACEUTICAL CO.,LTD. (A #603590)"
93595,"ZHEJIANG TONY ELECTRONIC CO., LTD (A #603595)"
93596,"BETHEL AUTOMOTIVE SAFETY SYSTEMS CO., LTD. (A #603596)"
93598,"INLY MEDIA CO., LTD. (A #603598)"
93599,"ANHUI GUANGXIN AGROCHEMICAL CO., LTD. (A #603599)"
93600,"UE FURNITURE CO., LTD. (A #603600)"
93601,CHONGQING ZAISHENG TECHNOLOGY CORP. LTD (A #603601)
93605,"PROYA COSMETICS CO.,LTD (A #603605)"
93606,"NINGBO ORIENT WIRES & CABLES CO., LTD. (A #603606)"
93609,"WELLHOPE FOODS CO., LTD. (A #603609)"
93610,KEESON TECHNOLOGY CORPORATION LIMITED (A #603610)
93611,"NOBLELIFT INTELLIGENT EQUIPMENT CO., LTD. (A #603611)"
93612,"SUNSTONE DEVELOPMENT CO.,LTD (A #603612)"
93613,"BEIJING UNITED INFORMATION TECHNOLOGY CO.,LTD. (A #603613)"
93615,"CHAHUA MODERN HOUSEWARES CO.,LTD. (A #603615)"
93616,BEIJING HANJIAN HESHAN PIPELINE CO.LTD (A #603616)
93618,"HANGZHOU CABLE CO., LTD. (A #603618)"
93619,"ZHONGMAN PETROLEUM AND NATURAL GAS GROUP CORP.,LTD (A #603619)"
93626,"KUNSHANKERSEN SCIENCE & TECHNOLOGY CO.,LTD. (A #603626)"
93628,"CLENERGY TECHNOLOGY CO.,LTD (A #603628)"
93629,"JIANGSU LETTALL ELECTRONIC CO.,LTD. (A #603629)"
93630,"LAFANG JIAHUA CO.,LTD (A #603630)"
93636,"LINEWELL SOFTWARE CO., LTD. (A #603636)"
93638,"YANTAI EDDIE PRECISION MACHINERY CO.,LTD (A #603638)"
93639,"HAILIR PESTICIDES AND CHEMICALS GROUP CO.,LTD. (A #603639)"
93650,"RED AVENUE NEW MATERIALS GROUP CO., LTD. (A #603650)"
93658,"AUTOBIO DIAGNOSTICS CO., LTD. (A #603658)"
93659,"SHANGHAI PUTAILAI NEW ENERGY TECHNOLOGY GROUP CO., LTD. (A #603659)"
93660,"SUZHOU KEDA TECHNOLOGY CO.,LTD (A #603660)"
93661,"HENGLIN HOME FURNISHINGS CO.,LTD (A #603661)"
93662,"KELI SENSING TECHNOLOGY (NINGBO) CO., LTD. (A #603662)"
93663,"SANXIANG ADVANCED MATERIALS CO., LTD. (A #603663)"
93665,"ZHEJIANG KANGLONGDA SPECIAL PROTECTION TECHNOLOGY CO., LTD. (A #603665)"
93666,"YIJIAHE TECHNOLOGY CO., LTD. (A #603666)"
93667,"ZHEJIANG XCC GROUP CO.,LTD (A #603667)"
93668,"FUJIAN TIANMA SCIENCE AND TECHNOLOGY GROUP CO.,LTD. (A #603668)"
93669,"LIONCO PHARMACEUTICAL GROUP CO.,LTD. (A #603669)"
93676,"XIZANG WEIXINKANG PHARMACEUTICAL CO., LTD. (A #603676)"
93678,"FUJIAN TORCH ELECTRON TECHNOLOGY CO., LTD. (A #603678)"
93680,"KTK GROUP CO., LTD.  (A #603680)"
93681,"SHANGHAI YONGGUAN ADHESIVE PRODUCTS CORP.,LTD. (A #603681)"
93683,"SHANGHAI SMITH ADHESIVE NEW MATERIAL CO., LTD (A #603683)"
93685,"ZHEJIANG CHENFENG TECHNOLOGY CO., LTD. (A #603685)"
93686,"FULONGMA GROUP CO.,LTD. (A #603686)"
93687,"ZHEJIANG GREAT SHENGDA PACKAGING CO.,LTD. (A #603687)"
93688,"JIANGSU PACIFIC QUARTZ CO.,LTD (A #603688)"
93690,"PNC PROCESS SYSTEMS CO.,LTD (A #603690)"
93693,"JIANGSU NEW ENERGY DEVELOPMENT CO., LTD. (A #603693)"
93697,"YOUYOU FOODS CO.,LTD. (A #603697)"
93698,"CHANGZHENG ENGINEERING TECHNOLOGY CO., LTD (A #603698)"
93699,"NEWAY VALVE (SUZHOU) CO., LTD. (A #603699)"
93701,"ZHEJIANG DEHONG AUTOMOTIVE ELECTRONIC & ELECTRICAL CO., LTD. (A #603701)"
93703,"ZHEJIANG SHENGYANG SCIENCE AND TECHNOLOGY CO., LTD. (A #603703)"
93707,"NANJING KING-FRIEND BIOCHEMICAL PHARMACEUTICAL CO.,LTD. (A #603707)"
93708,"JIAJIAYUE GROUP CO., LTD. (A #603708)"
93711,"XIANGPIAOPIAO FOOD CO., LTD. (A #603711)"
93712,"TIANJIN 712 COMMUNICATION & BROADCASTING CO.,LTD (A #603712)"
93713,"MILKYWAY INTELLIGENT SUPPLY CHAIN SERVICE GROUP CO.,LTD. (A #603713)"
93716,THALYS MEDICAL TECHNOLOGY GROUP CORPORATION. (A #603716)
93718,"SHANGHAI HILE BIO-TECHNOLOGY CO.,LTD (A #603718)"
93719,"BESTORE CO.,LTD (A #603719)"
93727,BOMESC OFFSHORE ENGINEERING COMPANY LIMITED (A #603727)
93728,"SHANGHAI MOONS' ELECTRIC CO.,LTD. (A #603728)"
93730,"SHANGHAI DAIMAY AUTOMOTIVE INTERIOR CO., LTD. (A #603730)"
93733,"XIANHE CO.,LTD. (A #603733)"
93737,"SKSHU PAINT CO., LTD (A #603737)"
93738,"TKD SCIENCE AND TECHNOLOGY CO., LTD. (A #603738)"
93757,"ZHEJIANG DAYUAN PUMPS INDUSTRY CO., LTD (A #603757)"
93758,CHONGQING QIN'AN M&E PLC. (A #603758)
93766,"LONCIN MOTOR CO.,LTD. (A #603766)"
93767,"ZHEJIANG ZOMAX TRANSMISSION CO.,LTD. (A #603767)"
93773,"WG TECH (JIANGXI) GROUP CO.,LTD. (A #603773)"
93776,"YOUON TECHNOLOGY CO.,LTD (A #603776)"
93777,"SHANGHAI LAIYIFEN CO., LTD. (A #603777)"
93778,"GRAND SUNERGY TECH CO.,LTD. (A #603778)"
93786,"KEBODA TECHNOLOGY CO., LTD. (A #603786)"
93798,QINGDAO COPTON TECHNOLOGY COMPANY LIMITED (A #603798)
93799,"ZHEJIANG HUAYOU COBALT CO., LTD. (A #603799)"
93800,"JIANGSU HONGTIAN TECHNOLOGY CO.,LTD. (A #603800)"
93801,"ZBOM HOME COLLECTION CO.,LTD (A #603801)"
93803,"RAISECOM TECHNOLOGY CO.,LTD. (A #603803)"
93806,"HANGZHOU FIRST PV MATERIAL CO., LTD. (A #603806)"
93808,"SHENZHEN ELLASSAY FASHION CO.,LTD. (A #603808)"
93809,"CHENGDU HAONENG TECHNOLOGY CO., LTD. (A #603809)"
93815,"ANHUI GOURGEN TRAFFIC CONSTRUCTION CO.,LTD. (A #603815)"
93816,"JASON FURNITURE (HANGZHOU) CO.,LTD. (A #603816)"
93818,"QUMEI HOME FURNISHINGS GROUP CO., LTD (A #603818)"
93823,"LILY GROUP CO.,LTD. (A #603823)"
93826,"FUJIAN KUNCAI MATERIAL TECHNOLOGY CO.,LTD. (A #603826)"
93833,OPPEIN HOME GROUP INC. (A #603833)
93848,"GUANGDONG HOTATA TECHNOLOGY GROUP CO., LTD. (A #603848)"
93855,WAROM TECHNOLOGY INCORPORATED COMPANY (A #603855)
93858,"SHANDONG BUCHANG PHARMACEUTICALS CO., LTD (A #603858)"
93859,"NANCAL TECHNOLOGY CO., LTD. (A #603859)"
93861,"GUANGZHOU BAIYUN ELECTRIC EQUIPMENT CO.,LTD. (A #603861)"
93863,"GUANGDONG SONGYANG RECYCLE RESOURCES CO.,LTD (A #603863)"
93866,"TOLY BREAD CO., LTD. (A #603866)"
93867,"ZHEJIANG XINHUA CHEMICAL CO., LTD (A #603867)"
93868,"SHANGHAI FLYCO ELECTRICAL APPLIANCE CO., LTD (A #603868)"
93869,"ENC DIGITAL TECHNOLOGY CO., LTD (A #603869)"
93871,"JIA YOU INTERNATIONAL LOGISTICS CO., LTD (A #603871)"
93876,"JIANGSU DINGSHENG NEW MATERIAL JOINT-STOCK CO.,LTD (A #603876)"
93877,"NINGBO PEACEBIRD FASHION CO., LTD. (A #603877)"
93881,"SHANGHAI ATHUB CO.,LTD. (A #603881)"
93882,"GUANGZHOU KINGMED DIAGNOSTICS GROUP CO., LTD. (A #603882)"
93883,LBX PHARMACY CHAIN JOINT STOCK COMPANY (A #603883)
93885,"JUNEYAO AIRLINES CO., LTD (A #603885)"
93887,"SHANGHAI CDXJ DIGITAL TECHNOLOGY CO.,LTD. (A #603887)"
93888,"XINHUANETCO.,LTD. (A #603888)"
93889,ZHEJIANG XINAO TEXTILES INC. (A #603889)
93890,"SUZHOU CHUNQIU ELECTRONIC TECHNOLOGY CO., LTD (A #603890)"
93893,"ROCKCHIP ELECTRONICS CO., LTD. (A #603893)"
93895,"SHANGHAI TIANYONG ENGINEERING CO.,LTD (A #603895)"
93896,"ZHEJIANG SHOUXIANGU PHARMACEUTICAL CO., LTD. (A #603896)"
93897,"ZHEJIANG GRANDWALL ELECTRIC SCIENCE&TECHNOLOGY CO.,LTD. (A #603897)"
93898,"GUANGZHOU HOLIKE CREATIVE HOME CO.,LTD. (A #603898)"
93899,SHANGHAI M&G STATIONERY INC. (A #603899)
93901,"HANGZHOU YOUNGSUN INTELLIGENT EQUIPMENT CO., LTD. (A #603901)"
93906,"JIANGSU LOPAL TECH. GROUP CO., LTD. (A #603906)"
93912,"NANJING CANATAL DATA-CENTRE ENVIRONMENTAL TECH CO.,LTD (A #603912)"
93915,"JIANGSU GUOMAO REDUCER CO., LTD. (A #603915)"
93916,"SOBUTE NEW MATERIALS CO., LTD (A #603916)"
93918,"SHANGHAI GOLDEN BRIDGE INFOTECH CO., LTD (A #603918)"
93919,"JINHUI LIQUOR CO.,LTD. (A #603919)"
93920,"OLYMPIC CIRCUIT TECHNOLOGY CO.,LTD (A #603920)"
93927,"SINOSOFT CO.,LTD (A #603927)"
93929,"L&K ENGINEERING(SUZHOU)CO.,LTD. (A #603929)"
93931,"HANGZHOU GREENDA ELECTRONIC MATERIALS CO., LTD. (A #603931)"
93936,"BOMIN ELECTRONICS CO.,LTD. (A #603936)"
93938,"TANGSHAN SUNFAR SILICON INDUSTRIES CO.,LTD. (A #603938)"
93939,"YIFENG PHARMACY CHAIN CO., LTD. (A #603939)"
93950,"XIANGYANG CHANGYUANDONGGU INDUSTRY CO.,LTD. (A #603950)"
93956,"WPG (SHANGHAI) SMART WATER PUBLIC CO.,LTD (A #603956)"
93959,"HUNAN BAILI ENGINEERING SCI & TECH CO.,LTD. (A #603959)"
93960,"SHANGHAI KELAI MECHATRONICS ENGINEERING CO.,LTD. (A #603960)"
93966,"EUROCRANE(CHINA) CO., LTD. (A #603966)"
93969,"SILVERY DRAGON GROUP CO.,LTD. TIANJIN (A #603969)"
93970,"SINO-AGRI LEADING BIOSCIENCES CO.,LTD (A #603970)"
93977,"JIANGXI GUOTAI GROUP CO.,LTD. (A #603977)"
93978,"SHENZHEN SUNXING LIGHT ALLOYS MATERIALS CO.,LTD. (A #603978)"
93979,"JCHX MINING MANAGEMENT CO.,LTD. (A #603979)"
93982,"NANJING CHERVON AUTO PRECISION TECHNOLOGY CO., LTD (A #603982)"
93983,"GUANGDONG MARUBI BIOTECHNOLOGY CO., LTD (A #603983)"
93985,"JIANGYIN HENGRUN HEAVY INDUSTRIES CO.,LTD (A #603985)"
93986,GIGADEVICE SEMICONDUCTOR INC. (A #603986)
93987,"SHANGHAI KINDLY ENTERPRISE DEVELOPMENT GROUP CO.,LTD. (A #603987)"
93988,"SEC ELECTRIC MACHINERY CO., LTD. (A #603988)"
93989,"HUNAN AIHUA GROUP C0.,LTD. (A #603989)"
93991,"SHENZHEN LEADING SEMICONDUCTOR INDUSTRY CO.,LTD. (A #603991)"
93992,"XIAMEN SOLEX HIGH-TECH INDUSTRIES CO., LTD. (A #603992)"
93993,CMOC GROUP LIMITED (A #603993)
93995,"YONGJIN TECHNOLOGY GROUP CO., LTD (A #603995)"
93997,"NINGBO JIFENG AUTO PARTS CO.,LTD (A #603997)"
95005,"CWB AUTOMOTIVE ELECTRONICS CO., LTD. (A #605005)"
95006,"SHANDONG FIBERGLASS GROUP CO., LTD (A #605006)"
95007,"WUZHOU SPECIAL PAPER GROUP CO., LTD. (A #605007)"
95008,NINGBO CHANGHONG POLYMER SCIENTIFIC AND TECHNICAL INC. (A #605008)
95009,"HANGZHOU HAOYUE PERSONAL CARE CO., LTD (A #605009)"
95011,"HANGZHOU COGENERATION GROUP CO., LTD. (A #605011)"
95016,"SHANDONG BAILONG CHUANGYUAN BIO-TECH CO., LTD. (A #605016)"
95018,"CHANGHUA HOLDING GROUP CO., LTD. (A #605018)"
95020,"ZHEJIANG YONGHE REFRIGERANT CO., LTD. (A #605020)"
95050,"FRIEND CO.,LTD. (A #605050)"
95056,"XIANHENG INTERNATIONAL SCIENCE&TECHNOLOGY CO., LTD. (A #605056)"
95060,"ALLIED MACHINERY CO.,LTD. (A #605060)"
95077,"ZHEJIANG HUAKANG PHARMACEUTICAL CO., LTD. (A #605077)"
95086,"LONGYAN KAOLIN CLAY CO., LTD. (A #605086)"
95088,"GSP AUTOMOTIVE GROUP WENZHOU CO., LTD. (A #605088)"
95089,"SUZHOU WEIZHIXIANG FOOD CO., LTD. (A #605089)"
95090,"JIANGXI JOVO ENERGY CO., LTD. (A #605090)"
95098,"SHANGHAI ACTION EDUCATION TECHNOLOGY CO., LTD. (A #605098)"
95099,"CO CREATION GRASS CO.,LTD. (A #605099)"
95100,"POWER HF CO., LTD. (A #605100)"
95108,TONGQINGLOU CATERING CORPORATION LIMITED. (A #605108)
95111,"WUXI NCE POWER CO., LTD (A #605111)"
95116,"AURISCO PHARMACEUTICAL CO.,LTD. (A #605116)"
95117,"NINGBO DEYE TECHNOLOGY CO., LTD. (A #605117)"
95118,"XIAMEN LEADING OPTICS CO., LTD. (A #605118)"
95123,"WUXI PAIKE NEW MATERIALS TECHNOLOGY CO.,LTD. (A #605123)"
95128,"SHANGHAI YANPU PRECISION TECHNOLOGY (GROUP) CO., LTD. (A #605128)"
95133,"JIANGSU RONGTAI INDUSTRY CO., LTD. (A #605133)"
95136,"SHANGHAI LILY&BEAUTY COSMETICS CO., LTD. (A #605136)"
95138,"SUNRISE INTELLIGENT MANUFACTURING GROUP CO.,LTD. (A #605138)"
95167,JIANGSU LIBERT INC. (A #605167)
95168,"THREE'S COMPANY FUTURE TECHNOLOGY GROUP CO., LTD. (A #605168)"
95178,"BEIJING NEW SPACE TECHNOLOGY CO., LTD. (A #605178)"
95179,"ZHEJIANG YIMING FOOD CO., LTD. (A #605179)"
95183,"QUECHEN SILICON CHEMICAL CO.,LTD. (A #605183)"
95186,"SHANGHAI GENERAL HEALTHY INFORMATION AND TECHNOLOGY CO., LTD. (A #605186)"
95188,"JIANGXI GUOGUANG COMMERCIAL CHAINS CO., LTD. (A #605188)"
95196,"HEBEI HUATONG WIRES AND CABLES GROUP CO., LTD. (A #605196)"
95198,"YANTAI NORTH ANDRE JUICE CO., LTD. (A #605198)"
95199,"HAINAN HULUWA PHARMACEUTICAL GROUP CO., LTD. (A #605199)"
95222,"SHANGHAI QIFAN CABLE CO., LTD (A #605222)"
95228,"SHENTONG TECHNOLOGY GROUP CO.,LTD. (A #605228)"
95255,"NINGBO TIP RUBBER TECHNOLOGY CO.,LTD. (A #605255)"
95266,JZJ CHAIN DRUGSTORE CORPORATION (A #605266)
95268,"WANGLI SECURITY & SURVEILLANCE PRODUCT CO., LTD (A #605268)"
95277,"XINYA ELECTRONIC CO., LTD (A #605277)"
95286,"JIANGSU TONGLI TIANQI TECHNOLOGY CO., LTD. (A #605286)"
95287,"DECAI DECORATION CO.,LTD (A #605287)"
95288,CHANGZHOU KAIDI ELECTRICAL INC. (A #605288)
95289,SHANGHAI LUOMAN TECHNOLOGIES INC. (A #605289)
95296,"YUNNAN SHENNONG AGRICULTURAL INDUSTRY GROUP CO.,LTD. (A #605296)"
95298,"JIANGSU BIDE SCIENCE AND TECHNOLOGY CO., LTD. (A #605298)"
95299,"SHUHUA SPORTS CO., LTD. (A #605299)"
95300,"JIAHE FOODS INDUSTRY CO., LTD. (A #605300)"
95305,3S INDUSTRY GROUP INC. (A#605305)
95318,FSILON FURNISHING AND CONSTRUCTION MATERIALS CORPORATION (A #605318)
95319,"WUXI ZHENHUA AUTO PARTS CO., LTD. (A #605319)"
95333,"KUNSHAN HUGUANG AUTO HARNESS CO., LTD. (A #605333)"
95337,"ZHE JIANG LI ZI YUAN FOOD CO,LTD (A #605337)"
95338,"ZHONGYIN BABI FOOD CO.,LTD. (A #605338)"
95339,"NAMCHOW FOOD GROUP (SHANGHAI) CO., LTD. (A #605339)"
95358,"HANGZHOU LION MICROELECTRONICS CO.,LTD. (A #605358)"
95365,LEEDARSON IOT TECHNOLOGY INC. (A #605365)
95366,"JIANGXI HUNGPAI NEW MATERIAL CO., LTD. (A #605366)"
95368,"HENAN LANTIAN GAS CO.,LTD. (A #605368)"
95369,"ZHEJIANG GONGDONG MEDICAL TECHNOLOGY CO.,LTD. (A #605369)"
95376,"JIANGSU BOQIAN NEW MATERIALS STOCK CO., LTD. (A #605376)"
95377,"HANGZHOU HUAWANG NEW MATERIAL TECHNOLOGY CO.,LTD. (A #605377)"
95378,"ZHEJIANG MUSTANG BATTERY CO., LTD (A #605378)"
95388,"JUNEYAO GRAND HEALTHY DRINKS CO.,LTD. (A #605388)"
95389,"JIANGSU CHANGLING HYDRAULIC CO.,LTD (A #605389)"
95398,"SHANGHAI NEW CENTURION NETWORK INFORMATION TECH CO., LTD. (A #605398)"
95399,JIANG XI CHENGUANG NEW MATERIALS COMPANY LIMITED (A #605399)
95488,"ZHEJIANG FULAI NEW MATERIAL CO., LTD. (A #605488)"
95499,"EASTROC BEVERAGE (GROUP) CO.,LTD. (A #605499)"
95507,GUOBANG PHARMA LTD. (A #605507)
95555,"NINGBO DECHANG ELECTRICAL MACHINERY MADE CO., LTD. (A #605555)"
95577,"HEILONGJIANG PUBLISHING & MEDIA CO., LTD. (A #605577)"
95580,"HENGSHENG ENERGY CO.,LTD. (A #605580)"
95589,"JINAN SHENGQUAN GROUP SHARE HOLDING CO.,LTD. (A #605589)"
95598,"SHANGHAI GEOHARBOUR CONSTRUCTION GROUP CO., LTD. (A #605598)"
95599,"BEIJING CAISHIKOU DEPARTMENT STORE CO., LTD. (A #605599)"
